0.000000,105.537,0
0.016683,105.536,0.0164844
0.033367,105.525,0.34181
0.050050,105.524,0.187168
0.066733,105.537,0.220345
0.083417,105.537,0.0223958
0.100100,105.623,0.566992
0.116783,105.621,0.00410807
0.133467,105.685,0.268932
0.166833,105.734,0.673568
0.183517,105.732,0.00534505
0.200200,105.81,0.328444
0.216883,105.81,0
0.233567,105.894,0.715775
0.250250,105.894,0.00382812
0.266933,105.856,0.540326
0.283617,105.857,0.0115625
0.300300,105.868,0.454303
0.316983,105.889,0.43681
0.350350,105.891,0.00257161
0.383717,105.863,0.535755
0.400400,105.863,0.000208333
0.417083,105.92,0.563568
0.433767,105.923,0.00345703
0.450450,105.896,0.411634
0.467133,105.842,0.833047
0.483817,105.841,0.00135417
0.500500,105.841,0
0.517183,105.817,0.323783
0.533867,105.632,0.798626
0.567233,105.6,0.255189
0.600600,105.344,0.622402
0.633967,105.245,0.219258
0.650650,105.245,0
0.667333,105.054,0.517676
0.684017,105.054,0
0.700700,105.054,0
0.717383,105.007,0.176465
0.734067,105.007,0.00179036
0.750750,104.761,0.503203
0.767433,104.681,0.185911
0.784117,104.473,0.580729
0.817483,104.468,0.00744141
0.850850,104.405,0.219036
0.884217,104.352,0.299785
0.900900,104.352,0
0.917583,104.2,0.383268
0.934267,104.197,0.00566406
0.950950,104.153,0.344538
0.967633,104.153,0.000208333
0.984317,104.082,0.310319
1.001000,104.08,0.00552734
1.017683,104.039,0.274798
1.034367,103.878,0.51526
1.067733,103.862,0.100391
1.101100,103.849,0.302995
1.117783,103.849,0.00360677
1.134467,103.83,0.168822
1.151150,103.831,0.00163411
1.167833,103.831,0
1.184517,103.821,0.428047
1.201200,103.822,0.00328776
1.217883,103.807,0.119004
1.234567,103.826,0.361576
1.267933,103.775,0.469941
1.301300,103.788,0.213105
1.317983,103.782,0.00813151
1.334667,103.792,0.174603
1.351350,103.792,0
1.368033,103.756,0.158353
1.384717,103.756,0
1.401400,103.778,0.202585
1.418083,103.778,0
1.434767,103.776,0.12459
1.451450,103.776,0
1.484817,103.793,0.339935
1.518183,103.783,0.172826
1.551550,103.814,0.352793
1.568233,103.816,0.00146484
1.584917,103.805,0.142487
1.601600,103.806,0.00199219
1.618283,103.803,0.30041
1.634967,103.803,0
1.651650,103.809,0.133405
1.668333,103.809,0
1.685017,103.815,0.359421
1.701700,103.819,0.133171
1.735067,103.808,0.216706
1.768433,103.833,0.227142
1.785117,103.833,0
1.801800,103.795,0.362513
1.818483,103.792,0.00595052
1.835167,103.828,0.24722
1.851850,103.828,0.000761719
1.868533,103.828,0
1.885217,103.847,0.140358
1.901900,103.909,0.421016
1.935267,103.919,0.090651
1.968633,103.905,0.5275
1.985317,103.902,0.00479818
2.018683,103.898,0.13123
2.035367,103.883,0.29375
2.052050,103.885,0.00214193
2.068733,103.885,0
2.085417,103.894,0.171029
2.102100,103.895,0.00160156
2.118783,103.906,0.303333
2.135467,103.908,0.0036849
2.152150,103.913,0.106979
2.168833,103.398,0.961211
2.202200,103.391,0.152272
2.235567,103.399,0.190449
2.252250,103.398,0.00662109
2.268933,103.436,0.50194
2.285617,103.436,0.00488932
2.302300,103.413,0.174447
2.318983,103.413,0.000638021
2.335667,103.418,0.216146
2.352350,103.418,0.00317708
2.369033,103.437,0.291354
2.402400,103.419,0.424147
2.435767,103.429,0.200482
2.469133,103.379,0.533275
2.485817,103.379,0.000664063
2.502500,103.311,0.306302
2.519183,103.307,0.00643229
2.535867,103.298,0.310853
2.552550,103.298,0.000136719
2.569233,103.294,0.226328
2.602600,103.207,0.430664
2.635967,103.194,0.230879
2.669333,103.198,0.436823
2.686017,103.195,0.00344401
2.702700,103.118,0.277552
2.719383,103.116,0.00462891
2.736067,103.077,0.364876
2.752750,103.076,0.00488932
2.769433,103.076,0
2.786117,102.999,0.369779
2.802800,102.841,0.404961
2.836167,102.809,0.363255
2.869533,102.764,0.271035
2.886217,102.761,0.00343099
2.902900,102.729,0.520723
2.919583,102.729,0.00354167
2.936267,102.71,0.219082
2.952950,102.709,0.00224609
2.969633,102.709,0
2.986317,102.643,0.478314
3.003000,102.627,0.277253
3.019683,102.625,0.00257813
3.053050,102.586,0.420065
3.086417,102.567,0.33515
3.119783,102.528,0.329186
3.136467,102.476,0.392051
3.153150,102.476,0
3.169833,102.476,0
3.186517,102.468,0.364622
3.203200,102.444,0.285221
3.219883,102.439,0.00582031
3.236567,102.439,0
3.253250,102.454,0.22097
3.269933,102.381,0.588691
3.303300,102.307,0.39263
3.336667,102.339,0.31623
3.353350,102.337,0.00203776
3.370033,102.361,0.270905
3.386717,102.361,0
3.403400,102.413,0.57431
3.420083,102.415,0.00297526
3.436767,102.415,0
3.453450,102.439,0.25638
3.470133,102.482,0.519115
3.503500,102.515,0.425098
3.536867,102.553,0.219473
3.570233,102.589,0.318177
3.586917,102.591,0.00157552
3.603600,102.666,0.385391
3.620283,102.665,0.00313151
3.636967,102.736,0.346348
3.653650,102.738,0.00214193
3.670333,102.766,0.313685
3.687017,102.768,0.00235677
3.703700,102.773,0.482135
3.720383,102.775,0.00717448
3.753750,102.818,0.264759
3.787117,102.842,0.546589
3.803800,102.843,0.00203125
3.820483,102.799,0.391634
3.837167,102.8,0.00160156
3.853850,102.84,0.285221
3.870533,102.884,0.238444
3.887217,102.883,0.00147135
3.903900,102.883,0
3.920583,102.933,0.457507
3.937267,102.961,0.166361
3.953950,102.964,0.00322266
3.970633,103.026,0.4914
4.004000,103.054,0.238021
4.037367,103.126,0.359427
4.054050,103.124,0.00535156
4.070733,103.129,0.219375
4.087417,103.128,0.0028776
4.104100,103.159,0.28168
4.120783,103.16,0.0013151
4.137467,103.18,0.334583
4.154150,103.181,0.00365885
4.170833,103.183,0.00214193
4.187517,103.244,0.247526
4.204200,103.244,0.000885417
4.220883,103.278,0.463223
4.237567,103.308,0.164642
4.270933,103.352,0.463581
4.304300,103.358,0.224395
4.320983,103.358,0
4.337667,103.358,0
4.354350,103.384,0.258457
4.371033,103.384,0
4.387717,103.395,0.160729
4.404400,103.395,0.0164648
4.421083,103.473,0.434303
4.437767,103.475,0.151439
4.454450,103.473,0.00192057
4.471133,103.492,0.419967
4.487817,103.494,0.00222656
4.504500,103.549,0.39446
4.537867,103.545,0.150951
4.571233,103.544,0.193522
4.587917,103.544,0
4.604600,103.55,0.284661
4.621283,103.549,0.000950521
4.637967,103.53,0.32429
4.654650,103.53,0.000201823
4.671333,103.536,0.139941
4.704700,103.541,0.406198
4.738067,103.582,0.150495
4.771433,103.628,0.526016
4.788117,103.626,0.00528646
4.804800,103.696,0.222878
4.821483,103.696,0.00322917
4.838167,103.818,0.347943
4.854850,103.818,9.11458e-05
4.871533,103.897,0.24972
4.888217,103.896,0.00223307
4.904900,104.059,0.473516
4.921583,104.06,0.00155599
4.938267,104.139,0.218835
4.954950,104.343,0.628861
4.988317,104.346,0.00597005
5.021683,104.392,0.227272
5.038367,104.394,0.0042513
5.055050,104.485,0.412174
5.071733,104.485,0.00324219
5.088417,104.589,0.537995
5.105100,104.551,0.239785
5.121783,104.551,0
5.155150,104.488,0.680599
5.188517,104.485,0.00444661
5.221883,104.494,0.508366
5.238567,104.497,0.00377604
5.255250,104.556,0.168548
5.271933,104.555,0.00145182
5.288617,104.601,0.653411
5.305300,104.602,0.000852865
5.321983,104.654,4.23418
5.338667,104.651,0.0109831
5.355350,104.676,0.0691667
5.372033,104.676,0
5.388717,104.704,0.243678
5.405400,104.721,0.270872
5.438767,104.741,0.359674
5.455450,104.741,0.00115885
5.472133,104.802,0.314766
5.488817,104.803,0.00150391
5.505500,104.809,0.392637
5.522183,104.809,0
5.538867,104.839,0.267246
5.555550,104.841,0.00186198
5.572233,104.841,0
5.588917,104.888,0.443268
5.605600,104.935,0.289525
5.638967,104.982,0.660931
5.672333,105.01,0.31821
5.689017,105.01,0
5.705700,105.037,0.412669
5.722383,105.038,0.00367839
5.739067,105.054,0.430736
5.755750,105.049,0.00710286
5.772433,105.014,0.635404
5.789117,105.013,0.00299479
5.805800,104.997,0.363372
5.822483,105.001,0.00557292
5.839167,105.002,0.000416667
5.855850,105.058,0.353073
5.872533,105.072,0.542318
5.905900,105.158,0.423509
5.922583,105.158,0.00589844
5.939267,105.231,0.449069
5.955950,105.228,0.00611328
5.972633,105.298,0.467839
5.989317,105.298,0
6.006000,105.334,0.901133
6.022683,105.333,0.00329427
6.039367,105.333,0
6.056050,105.339,0.308255
6.072733,105.327,0.530749
6.106100,105.336,0.432689
6.122783,105.337,0.00130208
6.156150,105.312,0.659036
6.172833,105.313,0.000611979
6.189517,105.331,0.369141
6.206200,105.297,0.54916
6.222883,105.296,0.000859375
6.239567,105.296,0
6.256250,105.296,0.486751
6.272933,105.227,0.620703
6.306300,105.114,0.477422
6.339667,105.049,0.289798
6.373033,104.841,0.511836
6.389717,104.713,0.301055
6.406400,104.707,0.00709635
6.423083,104.451,0.646953
6.439767,104.448,0.00404297
6.456450,104.392,0.239049
6.473133,104.385,0.00979167
6.489817,104.385,0
6.523183,104.144,0.595078
6.556550,104.141,0.0046224
6.589917,103.839,0.63526
6.606600,103.837,0.0043099
6.623283,103.788,0.203991
6.639967,103.788,0
6.656650,103.686,0.385313
6.673333,103.683,0.00430339
6.690017,103.64,0.224492
6.706700,103.64,0
6.723383,103.546,0.300944
6.740067,103.519,0.186764
6.773433,103.434,0.362917
6.806800,103.256,0.504772
6.823483,103.248,0.0107552
6.856850,103.235,0.15612
6.873533,103.234,0.000976562
6.890217,103.209,0.314622
6.906900,103.208,0.00364583
6.923583,103.227,0.15804
6.940267,103.225,0.00160807
6.956950,103.212,0.313887
6.973633,103.214,0.176465
6.990317,103.213,0.0025651
7.007000,103.169,0.733542
7.040367,103.171,0.166771
7.073733,103.189,0.185866
7.090417,103.19,0.000273438
7.107100,103.189,0.157552
7.123783,103.189,0.000716146
7.140467,103.154,0.33373
7.157150,103.154,0.00635417
7.173833,103.154,0
7.190517,103.166,0.0575065
7.207200,103.166,0.000416667
7.223883,103.166,0.359603
7.240567,103.193,0.1625
7.273933,103.188,0.300566
7.290617,103.21,0.201888
7.307300,103.212,0.00360026
7.323983,103.222,0.153431
7.340667,103.224,0.00467448
7.357350,103.203,0.322917
7.390717,103.203,0.00498698
7.407400,103.218,0.225703
7.440767,103.226,0.284818
7.474133,103.228,0.19901
7.507500,103.253,0.270104
7.524183,103.253,0.000494792
7.540867,103.259,0.121191
7.557550,103.259,0
7.574233,103.271,0.337559
7.590917,103.269,0.00274089
7.607600,103.278,0.141927
7.640967,103.314,0.348424
7.674333,103.373,0.178197
7.691017,103.374,0.0026237
7.707700,103.384,0.275449
7.724383,103.384,0.000104167
7.741067,103.386,0.0967057
7.757750,103.386,0
7.774433,103.397,0.231367
7.791117,103.339,0.372461
7.807800,103.334,0.00652995
7.824483,103.356,0.1461
7.857850,103.356,0
7.891217,103.365,0.473757
7.924583,103.365,0
7.941267,103.356,0.288281
7.957950,103.366,0.160905
7.974633,103.365,0.00189453
7.991317,103.395,0.540195
8.008000,103.394,0.00580078
8.024683,103.408,0.146771
8.058050,103.408,0.000208333
8.074733,103.389,0.27485
8.108100,103.419,0.176393
8.141467,103.388,0.447949
8.158150,103.409,0.194329
8.174833,103.41,0.00144531
8.191517,103.403,0.372148
8.208200,103.402,0.00133464
8.224883,103.341,0.386224
8.258250,103.343,0.00291016
8.274933,103.284,0.359036
8.308300,103.185,0.412904
8.341667,103.194,0.158262
8.375033,103.114,0.448262
8.391717,103.115,0.00302734
8.408400,103.111,0.272604
8.425083,103.112,0.00417318
8.441767,103.03,0.419297
8.458450,103.03,0.0117773
8.475133,103.017,0.200286
8.491817,102.931,0.42918
8.508500,102.929,0.00659505
8.525183,102.929,0.00227865
8.558550,102.917,0.23498
8.575233,102.833,0.395723
8.608600,102.806,0.301595
8.625283,102.806,0
8.641967,102.767,0.413763
8.658650,102.766,0.00132161
8.675333,102.725,0.388945
8.708700,102.72,0.30974
8.742067,102.699,0.348236
8.775433,102.643,0.337064
8.792117,102.641,0.00173177
8.808800,102.57,0.522454
8.825483,102.568,0.00554687
8.842167,102.581,0.237344
8.858850,102.581,0
8.875533,102.476,0.414167
8.908900,102.476,0.286986
8.942267,102.454,0.37181
8.958950,102.453,0.00172526
8.992317,102.43,0.326868
9.009000,102.369,0.49582
9.025683,102.385,0.281973
9.042367,102.386,0.00184245
9.059050,102.386,0
9.075733,102.409,0.293418
9.092417,102.429,0.479199
9.109100,102.426,0.00347656
9.125783,102.464,0.296667
9.159150,102.463,0.00328776
9.175833,102.469,0.418151
9.209200,102.502,0.296777
9.225883,102.556,0.488783
9.259250,102.589,0.401491
9.275933,102.592,0.0137305
9.292617,102.603,0.358008
9.309300,102.603,0.0018099
9.325983,102.638,0.21362
9.359350,102.64,0.00169271
9.376033,102.683,0.441426
9.409400,102.74,0.33224
9.426083,102.763,0.30972
9.459450,102.828,0.296888
9.476133,102.827,0.000208333
9.492817,102.855,0.603437
9.509500,102.856,0.0027474
9.526183,102.884,0.353216
9.559550,102.883,0.00866536
9.576233,102.913,0.251628
9.609600,102.952,0.277181
9.626283,102.986,0.230651
9.659650,103.034,0.436686
9.676333,103.034,0.00125
9.693017,103.068,0.208372
9.709700,103.068,0
9.726383,103.145,0.596693
9.743067,103.144,0.00109375
9.759750,103.144,0
9.776433,103.158,0.209427
9.809800,103.185,0.389922
9.843167,103.215,0.184583
9.859850,103.23,0.356849
9.893217,103.265,0.184987
9.909900,103.265,0.00259115
9.926583,103.283,0.321432
9.943267,103.281,0.00507813
9.959950,103.281,0.00279297
9.976633,103.325,0.314831
10.010000,103.36,0.363236
10.043367,103.403,0.290905
10.060050,103.411,0.174622
10.093417,103.444,0.335501
10.110100,103.445,0.0013151
10.126783,103.486,0.186022
10.143467,103.488,0.00225911
10.160150,103.488,0
10.176833,103.538,0.484564
10.193517,103.534,0.00509115
10.210200,103.56,0.162904
10.226883,103.56,0
10.260250,103.564,0.41457
10.276933,103.58,0.289284
10.310300,103.588,0.223457
10.326983,103.587,0.00151042
10.343667,103.605,0.134069
10.360350,103.604,0.00227214
10.377033,103.527,0.506302
10.393717,103.546,0.139388
10.410400,103.543,0.00266276
10.427083,103.543,0
10.443767,103.564,0.279225
10.460450,103.564,0.00311198
10.477133,103.579,0.194121
10.493817,103.636,0.427493
10.527183,103.692,0.231797
10.560550,103.744,0.199421
10.577233,103.744,0
10.593917,103.912,0.59638
10.610600,103.909,0.00300781
10.627283,103.972,0.135039
10.660650,103.972,0
10.677333,104.16,0.514766
10.694017,104.246,0.257454
10.710700,104.246,0.000208333
10.744067,104.407,0.563568
10.760750,104.408,0.00136068
10.777433,104.464,0.26737
10.794117,104.464,0
10.810800,104.549,0.612259
10.827483,104.551,0.00542318
10.844167,104.565,0.200788
10.860850,104.573,0.388197
10.877533,104.573,0.00172526
10.894217,104.531,0.466217
10.927583,104.53,0.00192708
10.944267,104.516,0.297025
10.977633,104.578,0.353184
10.994317,104.64,0.344453
11.027683,104.755,0.504798
11.044367,104.755,0.00358724
11.061050,104.835,0.46679
11.077733,104.837,0.00463542
11.094417,104.966,0.634238
11.111100,104.966,0.00417969
11.127783,104.966,0.000891927
11.144467,105.054,0.402214
11.177833,105.135,0.753008
11.211200,105.17,0.371081
11.227883,105.173,0.808607
11.261250,105.121,0.541413
11.277933,105.12,0.0044401
11.294617,105.011,0.467363
11.311300,105.01,0.00160156
11.327983,104.934,0.392188
11.344667,104.938,0.0040625
11.361350,104.83,0.581276
11.378033,104.83,1.95313e-05
11.394717,104.83,0
11.428083,104.793,0.388418
11.444767,104.745,0.387969
11.461450,104.758,0.473477
11.494817,104.759,0.297285
11.511500,104.76,0.00139974
11.528183,104.763,0.532585
11.544867,104.765,0.00396484
11.561550,104.791,0.17112
11.578233,104.792,0.00144531
11.594917,104.792,0
11.611600,104.81,0.631354
11.644967,104.852,0.164974
11.661650,104.93,0.603132
11.695017,104.95,0.141211
11.728383,104.943,0.599805
11.745067,104.939,0.00619792
11.761750,104.993,0.358333
11.778433,104.994,0.00214844
11.795117,104.973,0.459128
11.811800,104.976,0.00625
11.828483,105.016,0.24444
11.845167,105.014,0.00276693
11.861850,105.027,0.528151
11.878533,105.029,0.00550781
11.911900,105.063,0.405397
11.945267,105.095,0.365124
11.961950,105.097,0.00434245
11.978633,105.083,0.468001
11.995317,105.081,0.00276693
12.012000,105.07,0.318822
12.045367,105.076,0.59123
12.062050,105.081,0.263984
12.095417,105.083,0.00299479
12.112100,105.151,0.624785
12.128783,105.205,0.257428
12.162150,105.244,0.612663
12.195517,105.318,0.316419
12.212200,105.318,0
12.228883,105.405,0.700332
12.245567,105.405,0.00435547
12.262250,105.354,0.517083
12.295617,105.353,0.00750651
12.312300,105.368,0.478607
12.328983,105.382,0.445091
12.362350,105.358,0.543281
12.395717,105.417,0.575469
12.412400,105.42,0.00315755
12.429083,105.392,0.402669
12.445767,105.392,0.000208333
12.462450,105.392,0
12.495817,105.337,0.775937
12.529183,105.312,0.319056
12.545867,105.124,0.825664
12.562550,105.096,0.269805
12.595917,104.84,0.620807
12.612600,104.84,0
12.629283,104.741,0.21778
12.645967,104.741,0
12.662650,104.546,0.531393
12.679333,104.545,0.00128255
12.696017,104.545,0
12.712700,104.495,0.175996
12.746067,104.24,0.523073
12.762750,104.164,0.188464
12.796117,103.942,0.589505
12.829483,103.878,0.22207
12.846167,103.878,0
12.862850,103.826,0.289805
12.879533,103.827,0.00199219
12.896217,103.674,0.383184
12.912900,103.671,0.00339193
12.929583,103.618,0.215755
12.946267,103.618,0.0003125
12.962950,103.618,0
12.979633,103.484,0.658242
13.013000,103.483,0.00498698
13.046367,103.354,0.395664
13.079733,103.33,0.171315
13.096417,103.33,0
13.113100,103.295,0.327435
13.129783,103.296,0.00358724
13.146467,103.27,0.129388
13.163150,103.271,0.00152344
13.179833,103.269,0.443848
13.213200,103.253,0.132129
13.229883,103.253,0
13.246567,103.283,0.365618
13.279933,103.222,0.478438
13.313300,103.234,0.211712
13.329983,103.232,0.00468099
13.346667,103.243,0.171621
13.363350,103.243,0
13.380033,103.204,0.159733
13.413400,103.224,0.211628
13.430083,103.225,0.00225911
13.446767,103.238,0.461569
13.463450,103.239,0.000188802
13.496817,103.232,0.152858
13.530183,103.266,0.329922
13.546867,103.267,0.00133464
13.563550,103.259,0.132721
13.580233,103.26,0.000572917
13.596917,103.253,0.31485
13.613600,103.253,7.8125e-05
13.630283,103.253,0
13.663650,103.256,0.493047
13.680333,103.257,0.00132161
13.697017,103.26,0.132025
13.730383,103.253,0.21349
13.747067,103.262,0.0117708
13.763750,103.275,0.193464
13.780433,103.275,0
13.797117,103.23,0.382168
13.813800,103.23,0.000872396
13.830483,103.266,0.260573
13.847167,103.266,0.000703125
13.863850,103.266,0
13.880533,103.283,0.144401
13.897217,103.352,0.432318
13.930583,103.36,0.0934049
13.963950,103.38,0.318242
13.980633,103.376,0.00499349
13.997317,103.375,0.143301
14.014000,103.372,0.00330078
14.030683,103.358,0.298698
14.047367,103.358,0.00280599
14.064050,103.358,0
14.080733,103.368,0.164707
14.097417,103.379,0.309401
14.114100,103.379,0
14.147467,103.385,0.105931
14.180833,103.405,0.370026
14.214200,103.396,0.152819
14.230883,103.396,0
14.247567,103.405,0.190495
14.264250,103.405,0.00763021
14.280933,103.437,0.50526
14.297617,103.436,0.00388672
14.314300,103.419,0.178626
14.330983,103.419,5.85937e-05
14.347667,103.423,0.209382
14.364350,103.447,0.299727
14.397717,103.429,0.409831
14.431083,103.436,0.222461
14.447767,103.438,0.00209635
14.464450,103.38,0.51974
14.481133,103.38,0.000397135
14.497817,103.316,0.29901
14.514500,103.311,0.00561849
14.531183,103.31,0.00138021
14.547867,103.303,0.300221
14.564550,103.303,0
14.581233,103.303,0.235156
14.597917,103.212,0.429238
14.631283,103.201,0.237773
14.647967,103.197,0.00663411
14.681333,103.199,0.428092
14.698017,103.196,0.0048112
14.714700,103.121,0.280931
14.731383,103.119,0.00541667
14.748067,103.072,0.356901
14.764750,103.072,0.00375
14.781433,102.997,0.364401
14.798117,102.84,0.404303
14.831483,102.807,0.366452
14.848167,102.806,0.00377604
14.881533,102.758,0.272747
14.898217,102.756,0.00394531
14.914900,102.721,0.541549
14.931583,102.722,0.00203776
14.948267,102.706,0.208796
14.964950,102.705,0.00172526
14.981633,102.634,0.47778
14.998317,102.622,0.262467
15.031683,102.583,0.419056
15.048367,102.581,0.00665365
15.081733,102.562,0.330977
15.098417,102.561,0.00364583
15.115100,102.525,0.336849
15.131783,102.527,0.00816406
15.148467,102.469,0.38541
15.165150,102.459,0.354824
15.181833,102.457,0.00328125
15.198517,102.435,0.284473
15.215200,102.43,0.00610026
15.231883,102.445,0.224863
15.265250,102.378,0.601927
15.298617,102.301,0.399173
15.331983,102.332,0.320059
15.348667,102.331,0.0016276
15.365350,102.354,0.266478
15.382033,102.354,0
15.398717,102.407,0.581562
15.415400,102.409,0.00266927
15.448767,102.434,0.249186
15.465450,102.475,0.515781
15.498817,102.51,0.42793
15.532183,102.546,0.218652
15.565550,102.582,0.318464
15.582233,102.583,0.00147786
15.598917,102.66,0.389264
15.632283,102.66,0.00344401
15.648967,102.727,0.345391
15.665650,102.756,0.317728
15.699017,102.765,0.484421
15.732383,102.808,0.274134
15.765750,102.834,0.545039
15.782433,102.834,0.000397135
15.799117,102.791,0.391562
15.815800,102.791,0.00447266
15.832483,102.791,0
15.849167,102.83,0.280449
15.865850,102.87,0.236165
15.882533,102.868,0.00117839
15.915900,102.95,0.648047
15.949267,102.951,0.00138021
15.982633,103.014,0.466562
15.999317,103.014,0.00358724
16.016000,103.041,0.217415
16.032683,103.041,0.00328776
16.049367,103.117,0.360605
16.066050,103.122,0.217493
16.082733,103.12,0.00152344
16.099417,103.117,0.00416016
16.116100,103.174,0.640807
16.132783,103.176,0.00539062
16.166150,103.233,0.189987
16.199517,103.27,0.449434
16.216200,103.27,0.000136719
16.232883,103.3,0.171647
16.249567,103.302,0.00380208
16.266250,103.342,0.448281
16.282933,103.343,0.00376953
16.299617,103.343,0
16.316300,103.354,0.238359
16.332983,103.376,0.262819
16.366350,103.387,0.152474
16.383033,103.388,0.00113932
16.416400,103.445,0.53763
16.449767,103.447,0.149857
16.466450,103.446,0.00162109
16.483133,103.469,0.397005
16.499817,103.469,0.00239583
16.516500,103.52,0.385788
16.549867,103.515,0.138548
16.566550,103.516,0.188223
16.583233,103.516,0
16.599917,103.524,0.304941
16.633283,103.502,0.313835
16.666650,103.509,0.143281
16.683333,103.508,0.00169271
16.700017,103.508,0
16.716700,103.508,0
16.733383,103.552,0.577689
16.750067,103.553,0.0014388
16.766750,103.603,0.514499
16.783433,103.603,0.00320964
16.800117,103.663,0.226615
16.816800,103.662,0.00160156
16.833483,103.792,0.321328
16.850167,103.874,0.241393
16.883533,103.873,0.00189453
16.916900,104.03,0.497747
16.950267,104.114,0.219805
16.966950,104.326,0.612578
16.983633,104.328,0.00615885
17.000317,104.368,0.234596
17.017000,104.37,0.00454427
17.033683,104.457,0.407409
17.050367,104.554,0.539577
17.067050,104.555,0.00200521
17.100417,104.518,0.22235
17.133783,104.486,0.52252
17.167150,104.45,0.157578
17.183833,104.45,0
17.200517,104.47,0.531393
17.217200,104.474,0.00408854
17.233883,104.474,0
17.250567,104.535,0.185911
17.267250,104.579,0.645312
17.283933,104.579,0.0003125
17.300617,104.627,4.23564
17.317300,104.627,0.00653646
17.350667,104.68,0.315299
17.367350,104.68,5.20833e-05
17.400717,104.693,0.259648
17.434083,104.717,0.356139
17.450767,104.718,0.000950521
17.467450,104.777,0.311276
17.484133,104.778,0.00174479
17.500817,104.784,0.394225
17.517500,104.784,0
17.534183,104.813,0.264954
17.567550,104.862,0.448372
17.600917,104.909,0.288841
17.634283,104.961,0.660749
17.650967,104.961,0.00113281
17.667650,104.99,0.316855
17.684333,104.99,0
17.701017,105.017,0.416087
17.717700,105.017,0.00356771
17.734383,105.017,0
17.751067,105.031,0.434375
17.767750,104.989,0.646725
17.784433,104.989,0.00317708
17.817800,105.036,0.735684
17.851167,105.038,0.00627604
17.884533,105.055,0.508581
17.901217,105.055,0.00016276
17.917900,105.141,0.422611
17.934583,105.14,0.00597005
17.951267,105.204,0.44375
17.967950,105.272,0.475208
17.984633,105.27,0.00167318
18.001317,105.27,0
18.018000,105.309,0.881003
18.034683,105.308,0.311152
18.068050,105.3,0.535286
18.101417,105.314,0.442982
18.118100,105.315,0.00106771
18.134783,105.293,0.651764
18.151467,105.294,0.000833333
18.168150,105.314,0.367806
18.184833,105.313,0.00195964
18.201517,105.279,0.547507
18.234883,105.28,0.485697
18.268250,105.205,0.630651
18.301617,105.088,0.481035
18.318300,105.087,0.00353516
18.351667,105.021,0.289128
18.368350,105.022,0.0023112
18.385033,104.846,0.543802
18.401717,104.843,0.00388021
18.418400,104.714,0.300234
18.435083,104.45,0.658001
18.451767,104.446,0.0036849
18.468450,104.392,0.225169
18.485133,104.198,0.409212
18.518500,104.195,0.00501953
18.551867,104.146,0.164935
18.568550,103.835,0.676302
18.601917,103.784,0.202174
18.618600,103.784,0
18.635283,103.693,0.389837
18.651967,103.689,0.00410807
18.668650,103.639,0.221934
18.685333,103.639,0
18.702017,103.545,0.301712
18.735383,103.517,0.197474
18.768750,103.433,0.36472
18.785433,103.258,0.497051
18.818800,103.255,0.00518229
18.852167,103.243,0.143861
18.868850,103.242,0.00101563
18.885533,103.224,0.314036
18.902217,103.238,0.181562
18.918900,103.237,0.00162109
18.935583,103.237,0
18.952267,103.225,0.517051
18.985633,103.224,0.0023112
19.019000,103.178,0.693405
19.035683,103.177,0.00291667
19.052367,103.173,0.156042
19.069050,103.172,0.00165365
19.085733,103.2,0.185176
19.102417,103.198,0.146035
19.119100,103.164,0.33681
19.135783,103.162,0.00903646
19.152467,103.162,0
19.185833,103.166,0.437715
19.219200,103.169,0.00459635
19.252567,103.196,0.124232
19.269250,103.196,9.11458e-05
19.285933,103.192,0.304238
19.302617,103.192,0.000794271
19.319300,103.222,0.205964
19.335983,103.227,0.150924
19.352667,103.211,0.331048
19.386033,103.21,0.00531901
19.402717,103.226,0.219134
19.436083,103.234,0.294928
19.469450,103.238,0.196979
19.486133,103.237,0.000416667
19.502817,103.259,0.262897
19.519500,103.259,0.000292969
19.536183,103.265,0.130234
19.552867,103.265,0
19.569550,103.265,0
19.586233,103.276,0.34153
19.602917,103.288,0.146452
19.636283,103.32,0.348164
19.669650,103.383,0.17862
19.686333,103.385,0.00247396
19.719700,103.397,0.276191
19.736383,103.397,0
19.753067,103.397,0.10222
19.769750,103.397,0
19.786433,103.406,0.230065
19.803117,103.345,0.365475
19.819800,103.34,0.0067513
19.836483,103.34,0
19.853167,103.364,0.448815
19.869850,103.365,0.00595703
19.903217,103.375,0.133997
19.936583,103.365,0.307533
19.969950,103.376,0.17123
19.986633,103.375,0.00178385
20.003317,103.406,0.548184
20.020000,103.405,0.00388021
20.036683,103.415,0.134779
20.053367,103.414,0.00145833
20.070050,103.395,0.281497
20.086733,103.393,0.00214844
20.103417,103.42,0.176413
20.120100,103.421,0.00125
20.153467,103.387,0.451641
20.186833,103.404,0.204531
20.203517,103.404,0.00285156
20.220200,103.405,0.3614
20.236883,103.404,0.00159505
20.253567,103.343,0.37929
20.270250,103.345,0.00242839
20.286933,103.292,0.363639
20.303617,103.192,0.409824
20.320300,103.192,0.00271484
20.353667,103.122,0.599648
20.387033,103.122,0
20.420400,103.112,0.239629
20.437083,103.113,0.0036263
20.453767,103.035,0.419681
20.470450,103.036,0.00707031
20.487133,103.03,0.201471
20.503817,102.945,0.433014
20.537183,102.924,0.262233
20.570550,102.845,0.364616
20.603917,102.816,0.309577
20.620600,102.816,0
20.637283,102.772,0.418184
20.653967,102.77,0.00192708
20.670650,102.77,0
20.687333,102.729,0.390951
20.704017,102.717,0.324583
20.737383,102.703,0.341712
20.754067,102.65,0.335469
20.787433,102.648,0.00213542
20.820800,102.575,0.529961
20.837483,102.585,0.240553
20.854167,102.585,0
20.870850,102.585,0
20.887533,102.475,0.420801
20.904217,102.474,0.275469
20.920900,102.473,0.00317057
20.937583,102.473,0
20.954267,102.454,0.367598
20.970950,102.432,0.329395
21.004317,102.37,0.504674
21.037683,102.391,0.281921
21.071050,102.416,0.295462
21.087733,102.416,0
21.104417,102.428,0.481348
21.121100,102.425,0.00415365
21.137783,102.466,0.29069
21.154467,102.464,0.00320312
21.171150,102.471,0.413392
21.187833,102.47,0.00269531
21.204517,102.47,0
21.221200,102.565,0.786439
21.254567,102.564,0.00217448
21.287933,102.581,0.36209
21.304617,102.585,0.0155469
21.321300,102.613,0.382324
21.337983,102.613,0.000416667
21.354667,102.649,0.198568
21.371350,102.696,0.432806
21.388033,102.696,0.000852865
21.404717,102.696,0
21.421400,102.782,0.640736
21.438083,102.784,0.0033138
21.471450,102.842,0.27168
21.504817,102.863,0.636074
21.538183,102.895,0.322142
21.554867,102.896,0.00759766
21.571550,102.923,0.250384
21.588233,102.923,0
21.604917,102.923,0
21.621600,102.967,0.295176
21.638283,102.967,0.000364583
21.654967,102.996,0.226263
21.671650,103.039,0.423815
21.705017,103.076,0.20459
21.738383,103.148,0.592572
21.755067,103.147,0.000859375
21.771750,103.161,0.223932
21.788433,103.16,0.00295573
21.805117,103.191,0.39582
21.821800,103.192,0.00200521
21.838483,103.225,0.188607
21.855167,103.225,0
21.871850,103.244,0.346361
21.888533,103.244,0.00109375
21.921900,103.272,0.178952
21.938583,103.292,0.329544
21.971950,103.328,0.310957
22.005317,103.357,0.397741
22.022000,103.357,0.00439453
22.038683,103.407,0.275117
22.055367,103.408,0.00172526
22.072050,103.413,0.180553
22.088733,103.415,0.00603516
22.105417,103.415,0
22.122100,103.441,0.335723
22.138783,103.482,0.190436
22.155467,103.483,0.00400391
22.172150,103.546,0.475605
22.205517,103.565,0.168848
22.238883,103.564,0.409772
22.272250,103.576,0.292721
22.288933,103.579,0.00748698
22.305617,103.587,0.210306
22.322300,103.586,0.00201823
22.338983,103.604,0.136536
22.355667,103.603,0.00274089
22.372350,103.527,0.51429
22.405717,103.542,0.11748
22.439083,103.553,0.300482
22.472450,103.568,0.193516
22.489133,103.571,0.00419922
22.505817,103.625,0.42597
22.522500,103.623,0.00226562
22.539183,103.683,0.226882
22.555867,103.734,0.196432
22.572550,103.734,0
22.605917,103.907,0.595078
22.639283,103.969,0.139167
22.672650,104.149,0.508385
22.689333,104.24,0.260195
22.706017,104.24,0
22.722700,104.403,0.566393
22.739383,104.404,0.00162109
22.756067,104.404,0
22.772750,104.458,0.26485
22.789433,104.458,0
22.806117,104.544,0.613691
22.839483,104.564,0.207715
22.856167,104.571,0.392754
22.889533,104.57,0.00193359
22.922900,104.525,0.469876
22.939583,104.524,0.00196615
22.956267,104.513,0.299147
22.972950,104.51,0.00374349
22.989633,104.566,0.343073
23.006317,104.566,0
23.023000,104.629,0.341204
23.039683,104.629,0
23.056367,104.745,0.507845
23.073050,104.827,0.468268
23.106417,104.966,0.644863
23.139783,105.053,0.412389
23.156467,105.052,0.00202474
23.189833,105.136,0.752852
23.206517,105.168,0.369987
23.223200,105.167,0.00335937
23.239883,105.177,0.802168
23.256567,105.126,0.536921
23.273250,105.126,0.00390625
23.289933,105.011,0.46707
23.323300,104.932,0.395234
23.339983,104.935,0.00404297
23.373350,104.833,0.577103
23.406717,104.794,0.391777
23.423400,104.746,0.387878
23.456767,104.746,0.00124349
23.473450,104.746,0
23.490133,104.755,0.469759
23.506817,112.419,27.6083
23.523500,104.708,27.4544
23.540183,104.717,0.0570443
23.556867,104.715,0.395417
23.573550,104.716,0.00158203
23.590233,104.748,0.153757
23.606917,104.78,0.627682
23.640283,104.818,0.159876
23.673650,104.883,0.579661
23.690333,104.901,0.133275
23.723700,104.901,0
23.757067,104.917,0.607637
23.773750,104.962,0.392676
23.790433,104.963,0.00294271
23.807117,104.963,0
23.823800,104.935,0.482832
23.840483,104.979,0.245768
23.857167,104.976,0.00406901
23.873850,104.998,0.521198
23.890533,105,0.00272786
23.907217,105.03,0.369154
23.940583,105.066,0.36599
23.957267,105.055,0.487708
23.973950,105.053,0.00313802
23.990633,105.04,0.318932
24.007317,105.04,0.00313151
24.024000,105.045,0.623639
24.040683,105.043,0.00313151
24.057367,105.043,0
24.074050,105.055,0.236465
24.107417,105.125,0.602083
24.140783,105.176,0.256719
24.157467,105.215,0.615189
24.190833,105.214,0.00129557
24.207517,105.293,0.314355
24.224200,105.376,0.70819
24.240883,105.376,0.00419271
24.257567,105.376,0
24.274250,105.331,0.538483
24.307617,105.34,0.464167
24.324300,105.34,0
24.340983,105.352,0.442467
24.374350,105.322,0.549954
24.407717,105.382,0.574245
24.424400,105.359,0.412513
24.441083,105.359,0.000208333
24.457767,105.315,0.816829
24.474450,105.315,0
24.491133,105.29,0.322142
24.507817,105.29,0
24.524500,105.29,0
24.541183,105.101,0.803711
24.574550,105.072,0.264017
24.607917,104.814,0.623105
24.641283,104.715,0.214544
24.657967,104.52,0.53513
24.674650,104.519,0.00108724
24.691333,104.47,0.171634
24.708017,104.47,0
24.724700,104.218,0.51944
24.741383,104.219,0.00046875
24.758067,104.144,0.18526
24.774750,104.144,0
24.791433,103.928,0.585033
24.808117,103.925,0.00578125
24.824800,103.925,0
24.858167,103.866,0.225085
24.874850,103.815,0.286732
24.891533,103.659,0.383327
24.908217,103.656,0.00419922
24.924900,103.598,0.233887
24.941583,103.598,0
24.958267,103.528,0.314368
24.974950,103.526,0.00700521
24.991633,103.478,0.273763
25.025000,103.474,0.00417318
25.058367,103.316,0.513424
25.091733,103.304,0.113757
25.108417,103.282,0.30873
25.125100,103.282,0.00259115
25.141783,103.259,0.166771
25.158467,103.259,0.445866
25.175150,103.261,0.00349609
25.191833,103.246,0.119069
25.225200,103.27,0.35875
25.241883,103.269,0.00352214
25.258567,103.2,0.472454
25.275250,103.201,0.00296875
25.291933,103.201,0
25.325300,103.23,0.379063
25.341983,103.23,0.00470703
25.375350,103.198,0.13668
25.392033,103.216,0.217174
25.408717,103.215,0.000234375
25.425400,103.21,0.124479
25.442083,103.21,0
25.458767,103.226,0.318099
25.492133,103.226,0
25.508817,103.22,0.17735
25.542183,103.248,0.343743
25.575550,103.235,0.144199
25.592233,103.237,0.348366
25.625600,103.244,0.095638
25.642283,103.244,0
25.658967,103.247,0.360137
25.675650,103.247,0.000957031
25.692333,103.251,0.141159
25.709017,103.254,0.00271484
25.725700,103.243,0.209303
25.742383,103.252,0.012526
25.759067,103.252,0
25.792433,103.21,0.57985
25.825800,103.206,0.00539714
25.842483,103.253,0.227708
25.859167,103.253,0.000436198
25.875850,103.273,0.134941
25.892533,103.279,0.0101497
25.909217,103.335,0.429648
25.925900,103.334,0.000664063
25.942583,103.338,0.0913477
25.959267,103.338,0
25.975950,103.365,0.329212
26.009317,103.361,0.146673
26.042683,103.349,0.290423
26.076050,103.357,0.158118
26.092733,103.373,0.309928
26.109417,103.376,0.00350911
26.126100,103.379,0.101895
26.142783,103.38,0.00127604
26.159467,103.39,0.342194
26.176150,103.392,0.00247396
26.192833,103.386,0.169004
26.209517,103.386,0
26.226200,103.386,0
26.259567,103.421,0.703092
26.292933,103.42,0.00166016
26.309617,103.403,0.156602
26.326300,103.408,0.212923
26.342983,103.406,0.00236979
26.359667,103.406,0
26.376350,103.423,0.314258
26.393033,103.412,0.397253
26.409717,103.415,0.00647786
26.426400,103.415,0
26.443083,103.429,0.207832
26.459767,103.429,0
26.476450,103.371,0.515801
26.509817,103.308,0.318164
26.543183,103.294,0.306061
26.559867,103.295,0.225553
26.576550,103.296,0.00182292
26.593233,103.296,0
26.609917,103.205,0.431419
26.626600,103.205,0.000208333
26.643283,103.194,0.226764
26.659967,103.192,0.454277
26.676650,103.189,0.00421875
26.693333,103.115,0.265684
26.726700,103.114,0.00462891
26.760067,102.991,0.707832
26.776750,102.99,0.00212891
26.810117,102.838,0.374349
26.826800,102.828,0.0120052
26.843483,102.806,0.332676
26.860167,102.748,0.306159
26.876850,102.747,0.00102865
26.893533,102.708,0.529642
26.910217,102.708,0.000520833
26.926900,102.708,0
26.960267,102.629,0.686569
26.976950,102.629,0.00152995
26.993633,102.617,0.227135
27.027000,102.579,0.408906
27.043683,102.578,0.004375
27.060367,102.561,0.312415
27.077050,102.559,0.00441406
27.093733,102.528,0.359434
27.110417,102.532,0.0120313
27.127100,102.532,0
27.143783,102.468,0.379564
27.177150,102.459,0.353092
27.210517,102.431,0.290345
27.227200,102.438,0.217305
27.260567,102.364,0.596029
27.277250,102.36,0.00582031
27.293933,102.285,0.440755
27.310617,102.284,0.00203776
27.327300,102.319,0.289694
27.343983,102.319,0
27.360667,102.345,0.254004
27.377350,102.345,0
27.394033,102.345,0
27.410717,102.395,0.574876
27.444083,102.429,0.239186
27.460767,102.473,0.5386
27.494133,102.502,0.414844
27.510817,102.506,0.00988281
27.527500,102.54,0.20334
27.544183,102.543,0.00492188
27.560867,102.574,0.313353
27.577550,102.575,0.00145182
27.594233,102.575,0
27.610917,102.653,0.38959
27.627600,102.652,0.00314453
27.644283,102.721,0.344271
27.677650,102.749,0.336725
27.694333,102.763,0.464408
27.727700,102.808,0.279681
27.744383,102.81,0.00290365
27.761067,102.832,0.531003
27.777750,102.833,0.00116536
27.794433,102.791,0.383874
27.811117,102.791,0.00421224
27.827800,102.829,0.288587
27.844483,102.832,0.0036849
27.861167,102.832,0
27.894533,102.927,0.695527
27.911217,102.928,0.00155599
27.944583,102.952,0.152637
27.961267,103.013,0.462552
27.977950,103.014,0.00354167
27.994633,103.014,0
28.011317,103.047,0.213913
28.028000,103.116,0.390768
28.044683,103.116,0.00380859
28.061367,103.121,0.216706
28.094733,103.12,0.00311849
28.111417,103.157,0.29194
28.128100,103.171,0.333366
28.161467,103.233,0.246914
28.178150,103.238,0.00570964
28.194833,103.273,0.46502
28.211517,103.273,0
28.228200,103.302,0.166602
28.244883,103.304,0.00361979
28.261567,103.336,0.446992
28.294933,103.335,0.00160156
28.311617,103.345,0.225872
28.328300,103.372,0.261204
28.361667,103.382,0.160404
28.395033,103.457,0.428568
28.411717,103.455,0.0025651
28.428400,103.459,0.157604
28.445083,103.458,0.00170573
28.461767,103.484,0.427988
28.478450,103.486,0.00258464
28.495133,103.539,0.389518
28.511817,103.537,0.00516276
28.528500,103.534,0.134453
28.545183,103.531,0.00464844
28.561867,103.531,0
28.578550,103.532,0.188861
28.611917,103.54,0.292051
28.628600,103.539,0.00119792
28.645283,103.522,0.326523
28.661967,103.523,0.0013151
28.678650,103.527,0.143451
28.695333,103.526,0.00143229
28.712017,103.531,0.400671
28.745383,103.573,0.156276
28.762067,103.624,0.53722
28.778750,103.685,0.225918
28.812117,103.687,0.00173828
28.845483,103.808,0.339583
28.878850,103.887,0.249805
28.895533,103.886,0.00222005
28.912217,104.049,0.472728
28.928900,104.13,0.220736
28.945583,104.13,0
28.962267,104.13,0
28.978950,104.335,0.620384
29.012317,104.384,0.237572
29.029000,104.472,0.412311
29.062367,104.57,0.564759
29.079050,104.57,0.000273438
29.112417,104.538,0.22444
29.129100,104.538,0
29.145783,104.505,0.524863
29.162467,104.503,0.00564453
29.179150,104.467,0.146745
29.195833,104.467,0.000729167
29.212517,104.483,0.532122
29.229200,104.486,0.0050651
29.245883,104.547,0.185553
29.262567,104.548,0.00420573
29.279250,104.592,0.650801
29.312617,104.636,4.24112
29.345983,104.663,0.0870182
29.362667,104.663,0
29.379350,104.693,0.216973
29.396033,104.693,5.20833e-05
29.412717,104.71,0.303288
29.429400,104.71,0
29.446083,104.729,0.340658
29.462767,104.73,0.00105469
29.479450,104.788,0.333822
29.496133,104.796,0.387044
29.529500,104.824,0.259115
29.562867,104.875,0.44748
29.579550,104.873,0.00269531
29.596233,104.925,0.287428
29.612917,104.925,7.16146e-05
29.629600,104.973,0.665189
29.646283,104.972,0.00276042
29.679650,105.001,0.317826
29.696333,105.026,0.419857
29.713017,105.027,0.00388672
29.746383,105.043,0.426484
29.779750,105.004,0.646204
29.796433,104.99,0.374271
29.813117,104.991,0.00621745
29.829800,104.993,0.0013737
29.846483,105.05,0.356289
29.879850,105.067,0.545859
29.913217,105.154,0.420612
29.929900,105.219,0.436465
29.963267,105.284,0.469473
29.979950,105.284,0
29.996633,105.32,0.907161
30.013317,105.318,0.0040625
30.030000,105.322,0.311009
30.046683,105.323,0.00212891
30.080050,105.313,0.527852
30.113417,105.328,0.43765
30.130100,105.329,0.00077474
30.146783,105.321,1.00374
30.180150,105.321,0.000742188
30.196833,105.321,0
30.213517,105.286,0.482057
30.230200,105.285,0.000579427
30.246883,105.282,0.495423
30.263567,105.284,0.0019987
30.280250,105.217,0.602897
30.313617,105.096,0.48571
30.330300,105.095,0.00248047
30.346983,104.811,0.746667
30.380350,104.81,0.00216146
30.413717,104.698,0.286719
30.430400,104.695,0.00458984
30.447083,104.443,0.632975
30.463767,104.388,0.234993
30.480450,104.383,0.00705729
30.497133,104.208,0.388229
30.513817,104.199,0.0108854
30.530500,104.199,0
30.547183,104.147,0.157259
30.563867,103.836,0.689648
30.597233,103.784,0.202923
30.630600,103.691,0.388828
30.663967,103.639,0.220124
30.680650,103.639,0
30.697333,103.55,0.299518
30.714017,103.549,0.0023112
30.730700,103.52,0.188809
30.747383,103.521,0.000983073
30.764067,103.436,0.365599
30.780750,103.432,0.00598958
30.797433,103.432,0
30.814117,103.237,0.654388
30.847483,103.236,0.00805339
30.880850,103.212,0.297923
30.914217,103.223,0.170488
30.930900,103.223,0.00271484
30.947583,103.206,0.320176
30.964267,103.206,0
30.980950,103.209,0.161302
30.997633,103.207,0.00231771
31.014317,103.167,0.703815
31.031000,103.162,0.194479
31.064367,103.178,0.181335
31.097733,103.18,0.15321
31.131100,103.143,0.327174
31.147783,103.143,0.010026
31.164467,103.154,0.0567839
31.181150,103.154,0
31.197833,103.157,0.359993
31.214517,103.159,0.00462891
31.231200,103.185,0.165026
31.247883,103.185,0
31.264567,103.182,0.298913
31.281250,103.208,0.203398
31.314617,103.21,0.00373047
31.347983,103.223,0.143932
31.381350,103.201,0.327832
31.398033,103.201,0.00480469
31.414717,103.209,0.223757
31.431400,103.209,0
31.448083,103.215,0.284616
31.481450,103.221,0.213418
31.498133,103.248,0.266478
31.514817,103.248,0.000208333
31.548183,103.25,0.12224
31.581550,103.262,0.336139
31.598233,103.261,0.00236328
31.614917,103.273,0.141921
31.631600,103.304,0.343984
31.648283,103.304,0
31.664967,103.368,0.178444
31.681650,103.37,0.00275391
31.698333,103.37,0
31.715017,103.379,0.281048
31.731700,103.383,0.108262
31.765067,103.392,0.223372
31.798433,103.338,0.366953
31.815117,103.332,0.00733073
31.831800,103.35,0.148294
31.848483,103.35,0
31.865167,103.347,0.296725
31.881850,103.349,0.00570964
31.898533,103.357,0.146999
31.915217,103.357,0
31.931900,103.346,0.328848
31.948583,103.344,0.00341797
31.965267,103.356,0.162799
31.998633,103.4,0.546536
32.032000,103.41,0.143105
32.065367,103.388,0.27209
32.098733,103.411,0.173691
32.115417,103.41,0.00276042
32.132100,103.379,0.449036
32.148783,103.379,0.000957031
32.165467,103.379,0
32.182150,103.398,0.201276
32.198833,103.393,0.374616
32.232200,103.33,0.373346
32.265567,103.282,0.371445
32.298933,103.179,0.4114
32.315617,103.179,0.0024349
32.332300,103.182,0.140202
32.348983,103.183,0.00147786
32.365667,103.11,0.465508
32.382350,103.109,0.00129557
32.399033,103.103,0.254251
32.415717,103.105,0.00372396
32.432400,103.105,0.000260417
32.449083,103.023,0.420684
32.482450,103.015,0.213392
32.515817,102.928,0.432376
32.532500,102.91,0.255345
32.549183,102.909,0.0038737
32.565867,102.909,0
32.582550,102.833,0.357122
32.615917,102.803,0.310638
32.632600,102.803,0
32.649283,102.76,0.413008
32.665967,102.717,0.400885
32.699333,102.712,0.319362
32.732700,102.695,0.336361
32.766067,102.64,0.34056
32.782750,102.638,0.00230469
32.799433,102.561,0.531152
32.816117,102.562,0.00333984
32.832800,102.571,0.238613
32.849483,102.571,0
32.866167,102.469,0.427135
32.899533,102.47,0.275384
32.932900,102.446,0.365579
32.966267,102.428,0.326009
32.982950,102.427,0.00115885
32.999633,102.371,0.506276
33.016317,102.37,0.00157552
33.033000,102.386,0.284186
33.049683,102.388,0.00171875
33.066367,102.408,0.292337
33.083050,102.408,0.000651042
33.099733,102.427,0.474167
33.116417,102.425,0.00195964
33.149783,102.463,0.291126
33.166467,102.468,0.431719
33.199833,102.5,0.294271
33.233200,102.549,0.492773
33.249883,102.548,0.00603516
33.266567,102.587,0.387142
33.283250,102.589,0.0134505
33.299933,102.601,0.362643
33.316617,102.601,0.000351562
33.333300,102.64,0.21265
33.349983,102.642,0.00193359
33.366667,102.686,0.441087
33.383350,102.687,0.000540365
33.400033,102.744,0.329551
33.416717,102.746,0.00186849
33.450083,102.774,0.309883
33.483450,102.836,0.297695
33.500133,102.838,0.00319661
33.516817,102.866,0.585007
33.533500,102.867,0.00173828
33.550183,102.893,0.349115
33.566867,102.92,0.266224
33.583550,102.92,0.000208333
33.600233,102.961,0.278262
33.633600,102.993,0.229499
33.666967,103.044,0.443092
33.700333,103.079,0.208424
33.733700,103.151,0.601328
33.750383,103.15,0.00100911
33.767067,103.166,0.21168
33.783750,103.165,0.00184245
33.800433,103.192,0.384824
33.817117,103.194,0.00182943
33.833800,103.224,0.191426
33.850483,103.224,0
33.867167,103.232,0.349173
33.883850,103.266,0.185299
33.917217,103.265,0.00105469
33.950583,103.28,0.321855
33.967267,103.325,0.321654
33.983950,103.323,0.00814453
34.000633,103.323,0
34.017317,103.358,0.350033
34.034000,103.405,0.279909
34.050683,103.406,0.000846354
34.084050,103.412,0.177142
34.117417,103.446,0.341973
34.150783,103.485,0.179238
34.184150,103.539,0.4964
34.200833,103.535,0.0055599
34.217517,103.561,0.17528
34.234200,103.561,0
34.250883,103.557,0.413092
34.267567,103.562,0.00519531
34.284250,103.575,0.283451
34.300933,103.576,0.00566406
34.317617,103.585,0.213919
34.334300,103.605,0.131549
34.350983,103.603,0.00320964
34.384350,103.524,0.50679
34.401033,103.538,0.118932
34.434400,103.553,0.275859
34.467767,103.57,0.204818
34.484450,103.571,0.00155599
34.501133,103.571,0
34.517817,103.571,0
34.534500,103.688,0.697852
34.551183,103.689,0.00214844
34.567867,103.731,0.168164
34.584550,103.731,0
34.601233,103.908,0.578926
34.617917,103.905,0.00303385
34.634600,103.905,0
34.651283,103.968,0.133483
34.667967,104.154,0.507467
34.701333,104.241,0.260501
34.734700,104.399,0.554225
34.751383,104.399,0.000260417
34.768067,104.455,0.265384
34.784750,104.455,0
34.801433,104.455,0
34.818117,104.541,0.612598
34.834800,104.544,0.00401042
34.851483,104.559,0.191595
34.868167,104.566,0.392728
34.901533,104.522,0.463079
34.934900,104.506,0.299824
34.968267,104.564,0.357578
34.984950,104.563,0.00198568
