0.000000,105.683,0
0.016683,105.68,0.00975911
0.033367,105.665,0.201602
0.050050,105.691,0.652103
0.066733,105.693,0.0154557
0.083417,105.693,0.00533203
0.100100,105.704,0.223457
0.116783,105.789,0.579622
0.133467,105.789,0.00410807
0.166833,105.836,0.264036
0.183517,105.836,0.000208333
0.200200,105.881,0.611471
0.216883,105.881,0
0.233567,105.954,0.356654
0.250250,106.043,0.638854
0.283617,105.996,0.491354
0.300300,105.993,0.010651
0.333667,106.006,0.44373
0.367033,106.014,0.428301
0.383717,106.02,0.006875
0.400400,105.995,0.549538
0.417083,105.995,0
0.433767,106.065,0.606302
0.450450,106.037,0.404232
0.467133,106.04,0.00403646
0.483817,105.99,0.788711
0.517183,105.971,0.341738
0.550550,105.799,0.717897
0.583917,105.802,0.0067513
0.617283,105.536,0.785677
0.633967,105.536,0.000110677
0.650650,105.536,0
0.667333,105.536,0
0.684017,105.45,0.19041
0.700700,105.45,0
0.717383,105.253,0.566152
0.734067,105.253,0.00117839
0.750750,105.216,0.12278
0.767433,104.987,0.483522
0.800800,104.94,0.185638
0.834167,104.708,0.52207
0.867533,104.644,0.178678
0.884217,104.646,0.153522
0.900900,104.622,0.254089
0.917583,104.622,0
0.934267,104.622,0
0.950950,104.433,0.473346
0.967633,104.353,0.241198
1.001000,104.276,0.331706
1.017683,104.264,0.184193
1.051050,104.263,0.00491536
1.084417,104.068,0.650618
1.101100,104.069,0.000970052
1.117783,104.069,0
1.134467,104.069,0
1.151150,104.032,0.266543
1.167833,104.011,0.155039
1.184517,104.012,0.00191406
1.201200,103.975,0.470807
1.217883,103.973,0.0406055
1.251250,103.973,0.000390625
1.267933,103.963,0.448685
1.301300,103.925,0.380833
1.317983,103.925,0.00559896
1.334667,103.927,0.174095
1.351350,103.929,0.00229818
1.368033,103.938,0.145059
1.384717,103.938,0.000104167
1.401400,103.895,0.128034
1.418083,103.934,0.249603
1.434767,103.935,0.00113281
1.451450,103.929,0.131003
1.484817,103.946,0.305638
1.518183,103.946,0.0023112
1.551550,103.924,0.188919
1.568233,103.951,0.320937
1.584917,103.953,0.00191406
1.601600,103.953,0
1.618283,103.945,0.103529
1.634967,103.956,0.340736
1.668333,103.959,0.0961784
1.701700,103.96,0.352187
1.735067,103.956,0.116504
1.751750,103.956,0
1.768433,103.954,0.177728
1.785117,103.96,0.0108919
1.801800,103.959,0.155664
1.818483,103.959,0
1.835167,103.913,0.331257
1.851850,103.957,0.263906
1.885217,103.946,0.312285
1.918583,104.008,0.458822
1.951950,104.011,0.00334635
1.968633,104.023,0.072513
1.985317,104.024,0.00184245
2.002000,104.024,0
2.018683,104.04,0.340124
2.035367,104.042,0.00157552
2.052050,104.026,0.110469
2.068733,104.017,0.299245
2.102100,104.026,0.10929
2.118783,104.026,0
2.152150,104.041,0.377786
2.168833,104.039,0.0781315
2.185517,104.039,0
2.202200,104.039,0
2.218883,104.042,0.380417
2.235567,104.043,0.00694661
2.252250,104.048,0.117122
2.268933,104.054,0.184401
2.285617,104.101,0.491549
2.318983,104.083,0.194779
2.352350,104.084,0.00125
2.369033,104.092,0.192064
2.385717,104.116,0.311576
2.402400,104.116,1.95313e-05
2.419083,104.116,0
2.435767,104.116,0
2.452450,104.094,0.418737
2.469133,104.101,0.176152
2.485817,104.103,0.00225911
2.502500,104.067,0.487122
2.519183,103.989,0.304362
2.552550,103.989,0.00447266
2.585917,104.005,0.189492
2.602600,104.019,0.264316
2.619283,104.017,0.00201823
2.635967,104.017,0
2.652650,103.918,0.425566
2.669333,103.882,0.20446
2.686017,103.883,0.00738281
2.719383,103.823,0.663236
2.752750,103.782,0.298717
2.786117,103.734,0.29388
2.819483,103.728,0.0083138
2.836167,103.577,0.476517
2.852850,103.56,0.313262
2.869533,103.559,0.00201172
2.886217,103.559,0
2.902900,103.562,0.125866
2.919583,103.519,0.264661
2.936267,103.453,0.455469
2.952950,103.434,0.210495
2.986317,103.385,0.495098
3.019683,103.385,0
3.053050,103.282,0.622917
3.069733,103.282,0
3.086417,103.282,0
3.103100,103.282,0
3.119783,103.28,0.265723
3.136467,103.237,0.392917
3.153150,103.239,0.00204427
3.169833,103.193,0.345846
3.186517,103.187,0.375417
3.219883,103.187,0
3.253250,103.176,0.232396
3.269933,103.169,0.217962
3.286617,103.169,0
3.303300,103.169,0
3.319983,103.102,0.561823
3.336667,103.077,0.334531
3.353350,103.078,0.0038737
3.370033,103.114,0.293138
3.386717,103.114,0
3.403400,103.114,0
3.420083,103.125,0.281413
3.436767,103.161,0.567487
3.470133,103.177,0.248522
3.503500,103.202,0.507695
3.520183,103.203,0.00218099
3.536867,103.243,0.417578
3.553550,103.242,0.00364583
3.570233,103.272,0.2114
3.586917,103.274,0.00257161
3.603600,103.29,0.232363
3.620283,103.29,0.000820312
3.636967,103.377,0.382695
3.653650,103.442,0.368848
3.687017,102.905,0.635202
3.720383,102.938,0.297018
3.753750,103.008,0.739082
3.770433,103.007,0.00488281
3.787117,103.007,0
3.803800,103.007,0
3.820483,102.996,0.840443
3.837167,102.996,0.00189453
3.853850,102.996,0
3.870533,102.996,0
3.887217,103.028,0.259915
3.903900,103.056,0.209557
3.937267,103.119,0.448672
3.970633,103.137,0.126484
3.987317,103.138,0.00124349
4.004000,103.2,0.540176
4.020683,103.2,0.00428385
4.037367,103.219,0.209186
4.054050,103.219,0
4.070733,103.219,0
4.087417,103.299,0.352695
4.104100,103.31,0.276667
4.120783,103.35,0.30528
4.154150,103.362,0.299928
4.187517,103.362,0
4.204200,103.41,0.176908
4.220883,103.43,0.471478
4.237567,103.428,0.00240885
4.254250,103.428,0
4.270933,103.428,0
4.287617,103.469,0.163184
4.304300,103.513,0.458835
4.337667,103.525,0.243112
4.371033,103.549,0.225332
4.404400,103.56,0.163301
4.421083,103.56,0
4.437767,103.635,0.42623
4.454450,103.628,0.0977669
4.487817,103.649,0.484577
4.521183,103.649,0
4.537867,103.673,0.304421
4.571233,103.678,0.130807
4.604600,103.689,0.199486
4.621283,103.69,0.00111328
4.637967,103.699,0.245033
4.654650,103.698,0.00130208
4.671333,103.677,0.345794
4.688017,103.676,0.00157552
4.704700,103.682,0.0801107
4.721383,103.68,0.00179036
4.738067,103.699,0.452142
4.754750,103.721,0.0788542
4.788117,103.721,0
4.821483,103.771,0.559505
4.838167,103.769,0.0021875
4.854850,103.832,0.226693
4.871533,103.831,0.00119141
4.888217,103.937,0.321699
4.904900,104.004,0.227428
4.921583,104.005,0.00160807
4.938267,104.176,0.533587
4.954950,104.251,0.159505
4.988317,104.455,0.675163
5.005000,104.455,0.0011263
5.021683,104.513,0.220879
5.055050,104.603,0.384147
5.088417,104.698,0.496816
5.105100,104.698,0.00667969
5.121783,104.698,0
5.138467,104.698,0
5.155150,104.651,0.211309
5.171833,104.628,0.524115
5.188517,104.626,0.0021875
5.205200,104.595,0.0965755
5.221883,104.626,0.598307
5.255250,104.675,0.122109
5.288617,104.732,0.635534
5.321983,104.732,5.20833e-05
5.338667,104.196,4.14502
5.355350,104.193,0.00764974
5.372033,104.193,0.00186198
5.388717,104.193,0
5.405400,104.193,0
5.422083,104.193,0
5.438767,104.49,0.519961
5.455450,104.504,0.0192187
5.472133,104.555,0.128164
5.505500,104.607,0.210996
5.538867,104.645,0.27901
5.555550,104.645,0
5.572233,104.683,0.314928
5.588917,104.683,0.000390625
5.605600,104.739,0.301367
5.622283,104.739,0
5.638967,104.739,0
5.655650,104.749,0.35099
5.672333,104.784,0.252402
5.705700,104.836,0.39791
5.722383,104.893,0.253952
5.755750,104.893,0
5.772433,104.945,0.704876
5.789117,104.945,0.00326172
5.805800,104.979,0.26862
5.822483,104.98,0.0013151
5.839167,104.98,0
5.855850,105.01,0.440143
5.872533,105.053,0.4789
5.889217,105.051,0.00309896
5.905900,105.048,0.488249
5.922583,105.034,0.376882
5.939267,105.032,0.00258464
5.972633,105.102,0.396367
6.006000,105.118,0.556979
6.022683,105.117,0.00450521
6.039367,105.191,0.385495
6.056050,105.192,0.00146484
6.072733,105.245,0.462096
6.089417,105.243,0.00230469
6.106100,105.243,0
6.122783,105.323,0.459342
6.139467,105.359,0.863171
6.172833,105.361,0.312747
6.206200,105.352,0.483971
6.222883,105.368,0.374167
6.239567,105.369,0.00117839
6.256250,105.368,0.63097
6.272933,105.367,0.00063151
6.289617,105.367,0
6.306300,105.391,0.415254
6.339667,105.342,0.546406
6.356350,105.341,0.492383
6.389717,105.296,0.612943
6.423083,105.214,0.424544
6.456450,105.214,0
6.473133,105.158,0.322057
6.489817,105.16,0.00195312
6.506500,105.16,0
6.523183,104.994,0.413685
6.539867,104.883,0.293997
6.556550,104.883,0
6.573233,104.677,0.624023
6.589917,104.604,0.244993
6.623283,104.399,0.403483
6.656650,104.398,0.00583984
6.673333,104.341,0.183678
6.690017,104.018,0.695391
6.706700,104.015,0.00423177
6.723383,103.96,0.184069
6.740067,103.961,0.000963542
6.756750,103.863,0.359648
6.773433,103.862,0.00184896
6.806800,103.821,0.192207
6.823483,103.727,0.30041
6.856850,103.702,0.191348
6.890217,103.702,0
6.906900,103.595,0.416139
6.940267,103.437,0.442637
6.956950,103.405,0.130052
6.973633,103.406,0.0051888
6.990317,103.371,0.291641
7.007000,103.371,0.000279948
7.023683,103.386,0.170345
7.040367,103.386,0.000364583
7.057050,103.362,0.318001
7.073733,103.361,0.00194661
7.090417,103.365,0.15321
7.123783,103.368,0.684857
7.157150,103.362,0.122871
7.190517,103.361,0.00142578
7.207200,103.381,0.194004
7.223883,103.368,0.141419
7.240567,103.369,0.00123698
7.257250,103.369,0
7.273933,103.308,0.345814
7.290617,103.328,0.0560937
7.323983,103.306,0.353561
7.357350,103.322,0.105273
7.374033,103.322,0
7.407400,103.312,0.31459
7.440767,103.331,0.253509
7.457450,103.332,0.00147135
7.474133,103.351,0.146628
7.490817,103.352,0.00121745
7.507500,103.329,0.28099
7.524183,103.345,0.176882
7.557550,103.346,0.292799
7.574233,103.344,0.00247396
7.607600,103.351,0.125514
7.624283,103.342,0.35832
7.640967,103.341,0.0104948
7.657650,103.358,0.121927
7.674333,103.356,0.00261068
7.691017,103.374,0.314336
7.707700,103.374,0.00125
7.724383,103.363,0.115111
7.741067,103.361,0.00202474
7.757750,103.398,0.336562
7.791117,103.438,0.145807
7.824483,103.46,0.295534
7.857850,103.46,0.000208333
7.874533,103.463,0.072832
7.891217,103.479,0.225072
7.907900,103.479,0
7.924583,103.479,0
7.941267,103.441,0.340397
7.957950,103.468,0.176159
7.974633,103.469,0.00126302
7.991317,103.474,0.309772
8.024683,103.475,0.101667
8.041367,103.475,0
8.074733,103.466,0.334284
8.108100,103.479,0.16862
8.124783,103.481,0.00215495
8.141467,103.533,0.65901
8.158150,103.534,0.00163411
8.174833,103.534,0
8.191517,103.534,0
8.208200,103.498,0.299772
8.241567,103.528,0.17125
8.258250,103.51,0.414518
8.291617,103.534,0.161016
8.324983,103.534,0
8.341667,103.53,0.332507
8.375033,103.477,0.367552
8.391717,103.404,0.38638
8.408400,103.408,0.00828776
8.425083,103.356,0.324883
8.441767,103.355,0.00106771
8.458450,103.373,0.155124
8.491817,103.268,0.48179
8.508500,103.268,0.0034375
8.525183,103.28,0.270911
8.558550,103.18,0.456953
8.591917,103.176,0.194408
8.608600,103.176,0
8.625283,103.097,0.399642
8.641967,103.109,0.217051
8.658650,103.108,0.00280599
8.675333,103.108,0
8.692017,103.108,0
8.708700,102.984,0.441758
8.742067,102.951,0.290827
8.758750,102.899,0.328262
8.792117,102.844,0.42459
8.825483,102.844,0.00249349
8.842167,102.847,0.277187
8.858850,102.826,0.297331
8.875533,102.826,0.00104167
8.892217,102.792,0.318496
8.908900,102.792,0.000208333
8.925583,102.728,0.622656
8.942267,102.727,0.00133464
8.958950,102.743,0.216979
8.992317,102.664,0.43498
9.025683,102.664,0.00061849
9.042367,102.658,0.210391
9.059050,102.614,0.377454
9.075733,102.614,0
9.092417,102.597,0.332734
9.109100,102.596,0.00195312
9.125783,102.531,0.454271
9.142467,102.532,0.000898438
9.159150,102.542,0.252897
9.192517,102.569,0.351621
9.225883,102.567,0.00259766
9.242567,102.586,0.42487
9.259250,102.613,0.290924
9.275933,102.613,0
9.292617,102.603,0.428561
9.309300,102.604,0.00162109
9.325983,102.637,0.289915
9.342667,102.636,0.00138021
9.359350,102.678,0.50582
9.392717,102.688,0.377962
9.409400,102.687,0.00561198
9.426083,102.713,0.275273
9.459450,102.737,0.206673
9.492817,102.737,0
9.509500,102.801,0.438132
9.526183,102.847,0.320579
9.559550,102.867,0.310111
9.576233,102.869,0.00244141
9.592917,102.951,0.395163
9.609600,102.951,0
9.626283,102.999,0.599258
9.659650,103.035,0.316335
9.693017,103.06,0.249434
9.726383,103.094,0.310091
9.743067,103.134,0.253958
9.776433,103.134,0
9.793117,103.188,0.37276
9.809800,103.189,0.00164062
9.826483,103.189,0
9.843167,103.217,0.22679
9.859850,103.291,0.506771
9.876533,103.291,0.000488281
9.893217,103.31,0.207871
9.926583,103.332,0.431016
9.943267,103.332,0
9.976633,103.362,0.168503
9.993317,103.367,0.293092
10.026683,103.395,0.134753
10.043367,103.395,0
10.060050,103.425,0.365638
10.076733,103.425,0
10.093417,103.469,0.299479
10.126783,103.487,0.357168
10.143467,103.487,0.00523438
10.176833,103.536,0.203236
10.210200,103.553,0.213099
10.226883,103.554,0.0073763
10.243567,103.612,0.52944
10.260250,103.609,0.00385417
10.276933,103.609,0
10.293617,103.689,0.477513
10.310300,103.692,0.0044401
10.326983,103.692,0
10.343667,103.695,0.175345
10.360350,103.706,0.382559
10.377033,103.703,0.00366536
10.393717,103.726,0.205898
10.427083,103.738,0.197259
10.443767,103.738,0.000208333
10.460450,103.748,0.0950911
10.493817,103.677,0.551374
10.510500,103.676,0.000260417
10.527183,103.683,0.155944
10.543867,103.683,0
10.560550,103.698,0.279062
10.593917,103.705,0.185345
10.610600,103.705,9.76563e-05
10.643967,103.757,0.432949
10.660650,103.806,0.199251
10.694017,103.853,0.184447
10.710700,103.853,0
10.727383,104.02,0.644733
10.744067,104.02,0.0013737
10.760750,104.083,0.124303
10.777433,104.081,0.00208333
10.794117,104.251,0.50138
10.827483,104.328,0.27015
10.860850,104.482,0.529844
10.894217,104.544,0.226647
10.910900,104.544,0
10.944267,104.643,0.768145
10.960950,104.642,0.00138021
10.977633,104.642,0
10.994317,104.642,0
11.011000,104.654,0.36696
11.027683,104.641,0.375951
11.061050,104.634,0.340905
11.094417,104.683,0.323216
11.127783,104.683,6.51042e-05
11.144467,104.739,0.385553
11.161150,104.852,0.508555
11.194517,104.949,0.41612
11.211200,104.951,0.00464193
11.227883,105.089,0.633405
11.244567,105.093,0.00576823
11.261250,105.189,0.384707
11.294617,105.271,0.692129
11.327983,105.302,0.350189
11.344667,105.301,0.00170573
11.361350,105.322,0.818477
11.394717,105.274,0.517031
11.411400,105.275,0.00626953
11.428083,105.162,0.483926
11.444767,105.161,0.00106771
11.461450,105.091,0.346595
11.478133,105.091,0
11.494817,105.007,0.563125
11.511500,105.006,0.00391927
11.528183,104.942,0.388861
11.561550,104.897,0.377467
11.578233,104.898,0.00151042
11.594917,104.899,0.472591
11.628283,104.9,0.266569
11.661650,104.92,0.515312
11.678333,104.921,0.00134766
11.695017,104.935,0.198984
11.711700,104.935,0
11.728383,104.945,0.61724
11.745067,104.943,0.00257813
11.761750,104.943,0
11.778433,104.975,0.145319
11.811800,105.044,0.548223
11.828483,105.07,0.189961
11.861850,105.054,0.546901
11.895217,105.1,0.293118
11.911900,105.101,0.00138672
11.928583,105.11,0.442747
11.945267,105.108,0.00233724
11.961950,105.139,0.235059
11.978633,105.139,0.00015625
11.995317,105.163,0.562813
12.028683,105.196,0.417103
12.062050,105.233,0.33653
12.078733,105.24,0.409655
12.095417,105.239,0.00800781
12.128783,105.225,0.347487
12.145467,105.225,0
12.162150,105.229,0.653366
12.178833,105.227,0.0034375
12.195517,105.239,0.217695
12.228883,105.312,0.565898
12.262250,105.354,0.258926
12.278933,105.354,0
12.295617,105.392,0.57998
12.328983,105.479,0.352943
12.362350,105.557,0.642526
12.379033,105.556,0.00132813
12.395717,105.498,0.487891
12.412400,105.501,0.00349609
12.429083,105.501,0
12.445767,105.512,0.423164
12.479133,105.518,0.428893
12.495817,105.494,0.552786
12.529183,105.562,0.62235
12.562550,105.536,0.406882
12.579233,105.536,0
12.595917,105.494,0.771842
12.612600,105.492,0.00287109
12.629283,105.492,0
12.645967,105.481,0.334408
12.679333,105.309,0.741934
12.696017,105.27,0.250684
12.712700,105.05,0.60627
12.746067,105.051,0.00125651
12.779433,104.754,0.744023
12.796117,104.752,0.0034375
12.812800,104.752,0
12.829483,104.716,0.105632
12.846167,104.717,0.00144531
12.862850,104.717,0
12.879533,104.491,0.50347
12.896217,104.446,0.180371
12.929583,104.209,0.547988
12.946267,104.207,0.00264974
12.962950,104.139,0.184434
12.996317,104.116,0.254785
13.013000,104.116,7.8125e-05
13.029683,103.927,0.480397
13.046367,103.926,0.00439453
13.063050,103.846,0.243053
13.079733,103.844,0.00315755
13.096417,103.779,0.323971
13.129783,103.764,0.190345
13.146467,103.567,0.567624
13.163150,103.563,0.0070638
13.196517,103.558,0.0933984
13.229883,103.508,0.27776
13.246567,103.509,0.0017513
13.263250,103.494,0.158477
13.279933,103.494,0
13.296617,103.457,0.47459
13.313300,103.458,0.00192708
13.346667,103.454,0.0482747
13.363350,103.44,0.433711
13.396717,103.39,0.373477
13.413400,103.385,0.181868
13.446767,103.387,0.0044401
13.463450,103.396,0.163796
13.480133,103.396,0.000104167
13.496817,103.354,0.128457
13.513500,103.354,0
13.530183,103.354,0
13.546867,103.385,0.252051
13.580233,103.381,0.132148
13.596917,103.392,0.29278
13.630283,103.366,0.200007
13.663650,103.394,0.312904
13.680333,103.394,5.20833e-05
13.697017,103.394,0
13.713700,103.389,0.102995
13.730383,103.389,0
13.747067,103.401,0.341706
13.763750,103.404,0.0961784
13.780433,103.404,0
13.797117,103.404,0
13.813800,103.406,0.354629
13.830483,103.398,0.115319
13.863850,103.391,0.187454
13.897217,103.402,0.168952
13.913900,103.402,0
13.930583,103.358,0.340703
13.947267,103.357,0.00214844
13.963950,103.4,0.250488
13.980633,103.399,0.00347656
13.997317,103.403,0.111914
14.030683,103.468,0.468392
14.047367,103.469,0.000345052
14.064050,103.478,0.0760286
14.097417,103.496,0.344948
14.114100,103.497,0.00169271
14.130783,103.484,0.101361
14.147467,103.484,7.16146e-05
14.164150,103.473,0.302858
14.197517,103.485,0.108626
14.230883,103.497,0.359245
14.247567,103.493,0.0723242
14.280933,103.501,0.38207
14.314300,103.501,0.00768229
14.330983,103.505,0.119076
14.347667,103.512,0.177604
14.364350,103.513,0.00171224
14.381033,103.513,0
14.397717,103.513,0
14.414400,103.56,0.503359
14.431083,103.541,0.200846
14.464450,103.55,0.191973
14.497817,103.575,0.31543
14.514500,103.556,0.411641
14.547867,103.556,0
14.564550,103.564,0.176979
14.581233,103.564,0
14.597917,103.564,0
14.614600,103.544,0.50444
14.631283,103.466,0.303691
14.647967,103.465,0.00304036
14.664650,103.478,0.195111
14.698017,103.497,0.269505
14.714700,103.496,0.00195312
14.731383,103.394,0.430872
14.764750,103.358,0.208509
14.798117,103.364,0.461322
14.814800,103.363,0.00557943
14.831483,103.297,0.240703
14.848167,103.297,0
14.864850,103.25,0.340527
14.881533,103.252,0.00209635
14.898217,103.199,0.302747
14.914900,103.196,0.0038151
14.931583,103.045,0.449661
14.948267,103.034,0.338047
14.981633,102.993,0.269616
15.015000,102.983,0.0122266
15.031683,102.909,0.443223
15.065050,102.892,0.201608
15.081733,102.892,0
15.098417,102.892,0
15.115100,102.846,0.4964
15.131783,102.816,0.266523
15.148467,102.814,0.00179036
15.165150,102.743,0.401419
15.181833,102.736,0.272435
15.215200,102.735,0.00175781
15.248567,102.638,0.784772
15.265250,102.642,0.00619792
15.281933,102.642,0
15.298617,102.642,0
15.315300,102.645,0.326914
15.331983,102.628,0.241107
15.348667,102.626,0.0028125
15.365350,102.623,0.212865
15.382033,102.565,0.591309
15.415400,102.563,0.00236979
15.432083,102.542,0.30974
15.465450,102.576,0.295117
15.482133,102.576,0
15.498817,102.586,0.279889
15.515500,102.586,0
15.532183,102.619,0.582884
15.565550,102.636,0.262526
15.582233,102.669,0.518906
15.598917,102.67,0.00153646
15.632283,102.707,0.406732
15.665650,102.736,0.225098
15.699017,102.759,0.219186
15.715700,102.759,0
15.732383,102.842,0.363294
15.749067,102.838,0.0055013
15.765750,102.838,0
15.782433,102.904,0.376921
15.799117,102.942,0.304876
15.815800,102.943,0.0018099
15.832483,102.964,0.500195
15.849167,103.009,0.305697
15.882533,103.009,0.000546875
15.899217,103.018,0.557988
15.932583,103.005,0.303424
15.965950,103.035,0.273353
15.982633,103.036,0.00154297
15.999317,103.067,0.211628
16.016000,103.067,0
16.032683,103.128,0.469967
16.049367,103.144,0.125117
16.082733,103.144,0
16.099417,103.204,0.510391
16.132783,103.22,0.213691
16.166150,103.297,0.372409
16.182833,103.299,0.00347656
16.199517,103.31,0.264128
16.216200,103.31,0
16.232883,103.349,0.301198
16.249567,103.349,0
16.266250,103.359,0.308776
16.299617,103.407,0.17778
16.332983,103.426,0.453092
16.366350,103.461,0.176445
16.383033,103.461,0.00244141
16.399717,103.505,0.458581
16.416400,103.503,0.00195312
16.433083,103.519,0.230007
16.449767,103.519,0
16.466450,103.519,0
16.483133,103.55,0.222793
16.499817,103.56,0.179427
16.533183,103.639,0.438346
16.566550,103.627,0.0900716
16.583233,103.627,1.30208e-05
16.599917,103.647,0.477852
16.616600,103.648,0.00154948
16.633283,103.67,0.308529
16.649967,103.672,0.00571615
16.666650,103.68,0.120684
16.683333,103.687,0.191309
16.716700,103.693,0.251849
16.750067,103.673,0.333678
16.783433,103.672,0.0014974
16.800117,103.676,0.0768815
16.816800,103.675,0.00167969
16.833483,103.694,0.456185
16.850167,103.694,0
16.866850,103.694,0
16.883533,103.721,0.0856185
16.900217,103.767,0.562702
16.916900,103.766,0.00200521
16.950267,103.947,0.53278
16.983633,104.011,0.228092
17.017000,104.184,0.531048
17.033683,104.185,0.000572917
17.050367,104.185,0
17.067050,104.259,0.162598
17.083733,104.259,0
17.100417,104.445,0.684154
17.117100,104.503,0.221302
17.150467,104.592,0.379746
17.183833,104.686,0.515365
17.200517,104.685,0.00842448
17.233883,104.639,0.213529
17.250567,104.636,0.00333333
17.267250,104.616,0.518424
17.283933,104.613,0.00444661
17.300617,104.584,0.0899805
17.317300,104.621,0.610488
17.350667,104.669,0.123815
17.384033,104.728,0.635938
17.400717,104.728,0.000273438
17.434083,104.197,4.13145
17.467450,104.192,0.0136458
17.484133,104.192,0
17.500817,104.192,0
17.517500,104.192,0
17.534183,104.494,0.520872
17.550867,104.561,0.155436
17.584233,104.567,0.00761719
17.600917,104.615,0.214759
17.634283,104.649,0.27653
17.650967,104.686,0.30265
17.684333,104.697,0.0770312
17.701017,104.755,0.311328
17.717700,104.755,0
17.734383,104.755,0
17.751067,104.764,0.345371
17.767750,104.805,0.253242
17.784433,104.853,0.397773
17.817800,104.906,0.245137
17.851167,104.962,0.706471
17.884533,104.962,0.00363281
17.917900,104.993,0.261406
17.934583,104.994,0.00160807
17.951267,105.021,0.433001
17.967950,105.057,0.491243
17.984633,105.054,0.00598958
18.001317,105.058,0.486302
18.018000,105.044,0.37196
18.051367,105.112,0.406751
18.084733,105.137,0.558112
18.118100,105.206,0.392389
18.151467,105.207,0.00163411
18.168150,105.259,0.46401
18.184833,105.257,0.00232422
18.201517,105.337,0.45599
18.218200,105.338,0.00186198
18.234883,105.382,0.858685
18.251567,105.382,0.00317057
18.268250,105.386,0.306882
18.284933,105.376,0.497214
18.318300,105.386,0.37502
18.351667,105.388,0.0018099
18.368350,105.39,0.626243
18.401717,105.412,0.414401
18.418400,105.413,0.000898438
18.435083,105.365,0.54737
18.451767,105.363,0.00345052
18.468450,105.363,0.494069
18.485133,105.361,0.00378906
18.501817,105.319,0.604401
18.518500,105.232,0.429238
18.551867,105.233,0.000279948
18.585233,105.175,0.321061
18.601917,105.008,0.41599
18.618600,105.008,0.000520833
18.635283,105.008,0
18.651967,104.902,0.288978
18.668650,104.688,0.63377
18.685333,104.615,0.240339
18.718700,104.413,0.401888
18.752067,104.412,0.00570312
18.768750,104.355,0.189271
18.802117,104.028,0.691966
18.818800,104.025,0.00514323
18.835483,103.971,0.18293
18.852167,103.972,0.0010026
18.868850,103.879,0.359837
18.885533,103.878,0.00186849
18.902217,103.838,0.192969
18.918900,103.75,0.292057
18.952267,103.747,0.00299479
18.968950,103.723,0.18651
19.002317,103.613,0.422181
19.019000,103.613,0.000188802
19.035683,103.452,0.454824
19.052367,103.45,0.00392578
19.069050,103.421,0.117754
19.085733,103.42,0.00486328
19.102417,103.383,0.289954
19.119100,103.401,0.164023
19.135783,103.401,0.000208333
19.152467,103.401,0
19.169150,103.376,0.328809
19.202517,103.38,0.154512
19.235883,103.374,0.683555
19.252567,103.374,0.000950521
19.269250,103.366,0.121582
19.285933,103.365,0.00167318
19.302617,103.383,0.194303
19.319300,103.383,0
19.335983,103.369,0.142402
19.352667,103.369,0.000924479
19.369350,103.311,0.346686
19.386033,103.332,0.0544466
19.419400,103.311,0.353776
19.452767,103.31,0.00127604
19.469450,103.327,0.10707
19.502817,103.316,0.311621
19.519500,103.318,0.0028125
19.536183,103.33,0.248913
19.552867,103.331,0.00136068
19.569550,103.351,0.147122
19.586233,103.33,0.284564
19.619600,103.348,0.174889
19.636283,103.348,0
19.669650,103.342,0.319154
19.703017,103.349,0.11929
19.736383,103.361,0.30388
19.753067,103.359,0.0103646
19.769750,103.377,0.121029
19.786433,103.375,0.00229167
19.803117,103.394,0.310293
19.819800,103.394,0.00047526
19.836483,103.384,0.117363
19.853167,103.382,0.00249349
19.869850,103.421,0.333743
19.886533,103.464,0.149108
19.919900,103.467,0.00340495
19.936583,103.483,0.286992
19.953267,103.483,0
19.969950,103.483,0
19.986633,103.486,0.0733984
20.003317,103.486,0
20.020000,103.5,0.223385
20.036683,103.465,0.353893
20.053367,103.462,0.00395833
20.070050,103.491,0.168099
20.103417,103.486,0.302721
20.136783,103.49,0.105599
20.170150,103.494,0.343477
20.186833,103.495,0.00185547
20.203517,103.507,0.172292
20.220200,103.507,0
20.236883,103.553,0.503125
20.253567,103.554,0.00205078
20.270250,103.554,0
20.286933,103.556,0.148158
20.303617,103.522,0.317734
20.336983,103.549,0.169375
20.370350,103.53,0.429238
20.403717,103.551,0.162467
20.420400,103.551,0
20.437083,103.55,0.33472
20.453767,103.497,0.369434
20.487133,103.424,0.388008
20.503817,103.427,0.00776693
20.537183,103.377,0.324128
20.570550,103.394,0.156758
20.587233,103.395,0.00125
20.603917,103.285,0.48166
20.620600,103.284,0.00166667
20.637283,103.299,0.274714
20.653967,103.299,0
20.670650,103.203,0.457604
20.687333,103.202,0.00123047
20.704017,103.197,0.187734
20.737383,103.116,0.406439
20.770750,103.131,0.214785
20.787433,103.132,0.00552083
20.820800,102.974,0.715234
20.837483,102.974,0
20.854167,102.974,0
20.870850,102.974,0
20.887533,102.925,0.298594
20.904217,102.87,0.390007
20.937583,102.873,0.291725
20.970950,102.845,0.302116
20.987633,102.846,0.00106771
21.004317,102.819,0.318112
21.021000,102.819,0
21.037683,102.746,0.58472
21.054367,102.746,0.0026888
21.071050,102.764,0.223177
21.087733,102.69,0.435937
21.121100,102.69,0.0003125
21.137783,102.679,0.217949
21.171150,102.634,0.381777
21.204517,102.621,0.335169
21.221200,102.62,0.00207031
21.237883,102.557,0.450937
21.254567,102.557,0.000865885
21.271250,102.57,0.251204
21.287933,102.591,0.360879
21.321300,102.588,0.00355469
21.337983,102.611,0.435319
21.371350,102.642,0.270638
21.388033,102.629,0.445391
21.421400,102.629,0.00133464
21.438083,102.662,0.286354
21.454767,102.704,0.511797
21.471450,102.704,0
21.488133,102.704,0
21.504817,102.71,0.385827
21.521500,102.736,0.281673
21.554867,102.762,0.21194
21.588233,102.831,0.434173
21.621600,102.875,0.321029
21.638283,102.875,0
21.671650,102.893,0.308678
21.688333,102.894,0.00248047
21.705017,102.957,0.342272
21.721700,102.957,0
21.738383,103.006,0.597161
21.755067,103.036,0.313874
21.788433,103.057,0.24416
21.805117,103.06,0.00345703
21.838483,103.089,0.303405
21.871850,103.129,0.256543
21.888533,103.129,0
21.905217,103.185,0.376107
21.921900,103.187,0.001875
21.938583,103.218,0.231068
21.955267,103.218,0
21.971950,103.218,0
21.988633,103.289,0.498594
22.005317,103.309,0.20584
22.022000,103.334,0.434167
22.055367,103.361,0.168353
22.088733,103.361,0
22.105417,103.364,0.283945
22.122100,103.362,0.00221354
22.138783,103.396,0.134655
22.155467,103.396,0
22.172150,103.429,0.354818
22.188833,103.429,0
22.205517,103.475,0.293796
22.222200,103.496,0.35834
22.255567,103.543,0.218672
22.288933,103.559,0.215247
22.322300,103.578,0.339889
22.338983,103.578,0
22.355667,103.578,0
22.372350,103.578,0
22.389033,103.604,0.21612
22.405717,103.68,0.526901
22.422400,103.691,0.160475
22.455767,103.708,0.374909
22.489133,103.706,0.00341797
22.505817,103.733,0.21862
22.539183,103.739,0.19638
22.555867,103.739,0
22.572550,103.754,0.0972461
22.589233,103.753,0.00150391
22.605917,103.681,0.536016
22.622600,103.681,0.000208333
22.639283,103.689,0.138815
22.655967,103.705,0.274896
22.689333,103.705,0.000208333
22.706017,103.71,0.192298
22.739383,103.756,0.437357
22.756067,103.809,0.199824
22.772750,103.809,0
22.789433,103.86,0.187363
22.806117,103.86,0.000208333
22.822800,104.03,0.649414
22.856167,104.093,0.12582
22.889533,104.256,0.504622
22.906217,104.257,0.00214844
22.939583,104.332,0.265651
22.972950,104.486,0.52862
23.006317,104.548,0.230833
23.023000,104.549,0.00150391
23.039683,104.647,0.606536
23.056367,104.646,0.00163411
23.073050,104.652,0.182578
23.089733,104.652,0
23.106417,104.656,0.39429
23.123100,104.64,0.368437
23.156467,104.64,0.00109375
23.189833,104.632,0.344648
23.223200,104.739,0.706387
23.239883,104.741,0.00236328
23.256567,104.741,0
23.273250,104.741,0
23.289933,104.854,0.478418
23.306617,104.948,0.412786
23.323300,105.093,0.643906
23.356667,105.196,0.389694
23.373350,105.196,0
23.406717,105.277,0.69276
23.423400,105.306,0.34457
23.440083,105.305,0.00139323
23.456767,105.333,0.821322
23.473450,105.332,0.00190104
23.490133,105.281,0.511706
23.506817,105.281,0.0045638
23.523500,105.169,0.489512
23.556867,105.097,0.350736
23.590233,105.097,0
23.606917,105.016,0.55026
23.623600,104.955,0.387552
23.640283,104.956,0.0033724
23.656967,104.956,0
23.673650,104.956,0
23.690333,104.902,0.37901
23.707017,104.914,0.475234
23.740383,104.917,0.26612
23.757067,104.929,0.514733
23.790433,104.931,0.00261719
23.807117,104.946,0.204544
23.823800,104.956,0.615684
23.840483,104.957,0.00111328
23.857167,104.988,0.144583
23.873850,104.988,0
23.890533,105.057,0.547741
23.923900,105.085,0.191562
23.957267,105.072,0.544336
23.990633,105.071,0.00167318
24.007317,105.119,0.292227
24.040683,105.129,0.45082
24.057367,105.127,0.00233073
24.074050,105.154,0.238626
24.090733,105.154,0
24.107417,105.175,0.554818
24.124100,105.175,0
24.140783,105.204,0.418125
24.157467,105.204,0.00276042
24.174150,105.244,0.326934
24.190833,105.246,0.00504557
24.207517,105.251,0.415039
24.224200,105.238,0.348984
24.257567,105.238,0
24.274250,105.241,0.657285
24.290933,105.245,0.224147
24.307617,105.245,0
24.324300,105.323,0.55862
24.340983,105.323,0.00077474
24.357667,105.367,0.256882
24.374350,105.367,0
24.391033,105.404,0.573919
24.407717,105.404,0.000208333
24.424400,105.488,0.352292
24.441083,105.487,0.00213542
24.457767,105.565,0.64474
24.491133,105.506,0.492936
24.524500,105.523,0.431068
24.541183,105.527,0.438359
24.557867,105.533,0.00641276
24.574550,105.533,0
24.591233,105.507,0.559551
24.607917,105.507,0
24.624600,105.569,0.60403
24.641283,105.568,0.0011849
24.657967,105.545,0.409447
24.674650,105.545,0
24.691333,105.5,0.753171
24.724700,105.484,0.338848
24.758067,105.484,0.0003125
24.774750,105.321,0.739779
24.791433,105.28,0.250801
24.808117,105.281,0.00158203
24.824800,105.066,0.605508
24.841483,105.066,0.00108073
24.858167,104.978,0.203939
24.874850,104.978,0.00133464
24.891533,104.978,0
24.908217,104.776,0.575195
24.941583,104.735,0.125514
24.958267,104.5,0.499831
24.991633,104.452,0.187083
25.025000,104.449,0.00427734
25.041683,104.215,0.530996
25.058367,104.148,0.185247
25.075050,104.148,0
25.091733,104.148,0
25.108417,104.125,0.25179
25.141783,103.933,0.478203
25.175150,103.854,0.24388
25.191833,103.788,0.335078
25.225200,103.788,0
25.241883,103.579,0.758125
25.258567,103.579,0.000546875
25.275250,103.579,0
25.291933,103.579,0
25.308617,103.529,0.332897
25.325300,103.527,0.00258464
25.341983,103.527,0
25.358667,103.527,0
25.375350,103.502,0.164583
25.408717,103.467,0.456895
25.442083,103.458,0.0567904
25.458767,103.446,0.415475
25.492133,103.447,0.00169922
25.508817,103.396,0.403112
25.525500,103.392,0.16849
25.542183,103.395,0.00296224
25.558867,103.395,0
25.575550,103.402,0.176745
25.592233,103.358,0.127715
25.608917,103.358,0
25.625600,103.393,0.246999
25.658967,103.389,0.135866
25.692333,103.389,0
25.709017,103.38,0.491432
25.725700,103.38,0.00323568
25.742383,103.38,0
25.759067,103.409,0.303848
25.775750,103.409,0
25.792433,103.404,0.103346
25.809117,103.404,0
25.825800,103.417,0.327135
25.859167,103.424,0.0986849
25.892533,103.424,0
25.909217,103.424,0.366751
25.942583,103.417,0.121842
25.959267,103.406,0.188607
25.992633,103.412,0.157734
26.009317,103.412,0
26.026000,103.371,0.337038
26.042683,103.37,0.00114583
26.059367,103.412,0.254616
26.076050,103.411,0.0022526
26.092733,103.415,0.111413
26.126100,103.48,0.467676
26.159467,103.491,0.0797917
26.176150,103.494,0.00328125
26.209517,103.509,0.337474
26.226200,103.494,0.10599
26.242883,103.494,0.000208333
26.259567,103.494,0
26.276250,103.494,0.402357
26.292933,103.494,0.000136719
26.309617,103.494,0
26.326300,103.494,0
26.342983,103.509,0.352233
26.376350,103.507,0.0734245
26.409717,103.514,0.373066
26.426400,103.518,0.123268
26.459767,103.526,0.178945
26.476450,103.527,0.0011849
26.493133,103.566,0.504583
26.509817,103.563,0.00596354
26.526500,103.548,0.193991
26.543183,103.549,0.000891927
26.559867,103.556,0.186654
26.593233,103.584,0.312513
26.626600,103.565,0.410859
26.643283,103.565,0
26.676650,103.572,0.171563
26.693333,103.548,0.507656
26.710017,103.547,0.00196615
26.726700,103.547,0
26.743383,103.467,0.299811
26.776750,103.479,0.202376
26.793433,103.496,0.265553
26.826800,103.394,0.42625
26.843483,103.389,0.00565104
26.860167,103.359,0.205247
26.893533,103.364,0.459473
26.910217,103.364,0.00505859
26.926900,103.296,0.241048
26.943583,103.295,0.00441406
26.960267,103.252,0.350514
26.976950,103.254,0.0018099
26.993633,103.201,0.30724
27.027000,103.044,0.45724
27.043683,103.041,0.00873698
27.060367,103.032,0.32929
27.093733,102.991,0.270501
27.110417,102.983,0.0104427
27.143783,102.898,0.630625
27.160467,102.899,0.00260417
27.177150,102.899,0
27.193833,102.899,0
27.210517,102.859,0.473242
27.227200,102.827,0.270768
27.243883,102.827,0
27.260567,102.752,0.402051
27.293933,102.746,0.27416
27.327300,102.746,0
27.343983,102.716,0.416035
27.360667,102.666,0.351634
27.377350,102.665,0.000442708
27.394033,102.653,0.378574
27.410717,102.653,0
27.427400,102.641,0.234766
27.444083,102.641,0.00105469
27.460767,102.636,0.220996
27.494133,102.578,0.568405
27.527500,102.576,0.00203776
27.544183,102.557,0.32332
27.560867,102.592,0.286973
27.594233,102.606,0.284342
27.610917,102.606,0
27.627600,102.631,0.564271
27.644283,102.629,0.00216146
27.660967,102.646,0.265299
27.677650,102.647,0.00154948
27.694333,102.647,0
27.711017,102.67,0.516243
27.744383,102.714,0.416341
27.761067,102.745,0.228626
27.794433,102.765,0.217493
27.827800,102.853,0.376738
27.844483,102.849,0.00617839
27.861167,102.915,0.384811
27.877850,102.915,9.76563e-05
27.894533,102.953,0.308294
27.911217,102.954,0.00188151
27.927900,102.983,0.478516
27.961267,103.024,0.302109
27.994633,103.026,0.562376
28.011317,103.024,0.00695964
28.028000,103.009,0.295326
28.061367,103.039,0.27849
28.078050,103.041,0.00166016
28.094733,103.074,0.213001
28.111417,103.074,0
28.128100,103.131,0.479525
28.161467,103.149,0.126517
28.194833,103.213,0.501406
28.211517,103.213,0.00449219
28.228200,103.232,0.210684
28.261567,103.308,0.375977
28.294933,103.322,0.270033
28.311617,103.322,0
28.328300,103.36,0.300788
28.344983,103.36,0
28.361667,103.368,0.311178
28.378350,103.368,0
28.395033,103.417,0.175247
28.411717,103.417,0
28.428400,103.433,0.454473
28.461767,103.47,0.167572
28.478450,103.47,0.00291667
28.495133,103.517,0.45832
28.528500,103.53,0.240495
28.545183,103.53,0
28.561867,103.559,0.222344
28.578550,103.558,0.00123047
28.595233,103.57,0.173978
28.611917,103.57,0
28.628600,103.645,0.438633
28.661967,103.635,0.0926302
28.678650,103.635,0
28.695333,103.656,0.474622
28.728700,103.681,0.316315
28.762067,103.693,0.123633
28.778750,103.693,0
28.795433,103.702,0.188965
28.812117,103.702,0
28.828800,103.707,0.252923
28.845483,103.706,0.00145833
28.862167,103.689,0.332435
28.878850,103.689,0.000429688
28.895533,103.694,0.0769401
28.928900,103.706,0.460117
28.945583,103.706,0
28.962267,103.731,0.0851563
28.995633,103.779,0.558145
29.029000,103.778,0.00269531
29.045683,103.842,0.225671
29.062367,103.953,0.310788
29.079050,103.95,0.00608724
29.095733,104.02,0.218958
29.129100,104.193,0.535553
29.162467,104.269,0.165319
29.179150,104.269,0
29.195833,104.456,0.688672
29.212517,104.516,0.222116
29.245883,104.604,0.389375
29.262567,104.605,0.000520833
29.279250,104.605,0
29.295933,104.605,0
29.312617,104.701,0.492181
29.329300,104.7,0.00827474
29.345983,104.654,0.215312
29.379350,104.632,0.53
29.396033,104.597,0.102969
29.412717,104.63,0.606536
29.446083,104.676,0.12237
29.479450,104.677,0.00149089
29.496133,104.677,0
29.512817,104.737,0.627741
29.529500,104.737,0.000208333
29.546183,104.207,4.12961
29.579550,104.201,0.0141146
29.596233,104.201,0
29.612917,104.504,0.522428
29.646283,104.517,0.0172005
29.679650,104.614,0.315345
29.696333,104.616,0.0026237
29.713017,104.616,0
29.729700,104.616,0
29.746383,104.654,0.270111
29.763067,104.696,0.312259
29.796433,104.75,0.311569
29.813117,104.75,0
29.829800,104.76,0.338099
29.863167,104.799,0.254831
29.896533,104.849,0.395423
29.913217,104.852,0.00302734
29.929900,104.903,0.247689
29.946583,104.903,0
29.963267,104.954,0.704271
29.979950,104.953,0.00298828
29.996633,104.953,0
30.013317,104.985,0.266842
30.030000,105.016,0.433809
30.046683,105.02,0.00580078
30.063367,105.058,0.486595
30.096733,105.054,0.490449
30.113417,105.059,0.0164258
30.130100,105.042,0.364258
30.163467,105.111,0.405449
30.180150,105.111,0.000963542
30.196833,105.134,0.556126
30.213517,105.133,0.00464844
30.230200,105.204,0.389408
30.246883,105.206,0.00151042
30.263567,105.257,0.465566
30.296933,105.328,0.453014
30.313617,105.329,0.00197917
30.330300,105.376,0.863503
30.363667,105.383,0.313398
30.380350,105.383,0
30.397033,105.376,0.480853
30.413717,105.377,0.000807292
30.430400,105.389,0.371882
30.463767,105.392,0.630026
30.497133,105.412,0.416888
30.513817,105.413,0.000846354
30.530500,105.365,0.544915
30.563867,105.366,0.496654
30.580550,105.364,0.00391276
30.613917,105.228,0.997598
30.630600,105.23,0.00599609
30.647283,105.23,0
30.663967,105.182,0.285924
30.680650,105.184,0.00158854
30.697333,105.184,0
30.714017,105.013,0.413672
30.730700,104.911,0.298607
30.747383,104.701,0.627077
30.780750,104.618,0.249577
30.797433,104.619,0.00359375
30.830800,104.418,0.382155
30.864167,104.358,0.200937
30.880850,104.357,0.00139323
30.897533,104.042,0.68125
30.914217,104.039,0.00414063
30.930900,103.982,0.18459
30.947583,103.983,0.000768229
30.964267,103.983,0
30.980950,103.875,0.350391
30.997633,103.832,0.191315
31.014317,103.742,0.302194
31.047683,103.721,0.189232
31.081050,103.609,0.421738
31.114417,103.61,0.000371094
31.131100,103.452,0.448607
31.147783,103.45,0.00424479
31.164467,103.45,0
31.181150,103.423,0.124225
31.197833,103.386,0.292604
31.214517,103.386,0
31.231200,103.402,0.172767
31.247883,103.378,0.31985
31.264567,103.377,0.00183594
31.297933,103.379,0.152975
31.331300,103.372,0.682663
31.364667,103.366,0.12306
31.381350,103.365,0.0017513
31.398033,103.384,0.193854
31.431400,103.37,0.14127
31.448083,103.37,0.00108073
31.464767,103.311,0.345156
31.498133,103.329,0.0533268
31.531500,103.312,0.350996
31.564867,103.332,0.106191
31.581550,103.332,7.8125e-05
31.598233,103.322,0.314154
31.614917,103.323,0.00272135
31.631600,103.323,0
31.648283,103.34,0.24694
31.664967,103.36,0.151868
31.698333,103.338,0.284831
31.715017,103.355,0.175501
31.748383,103.355,0
31.781750,103.355,0.42735
31.798433,103.353,0.00246094
31.815117,103.353,0
31.831800,103.353,0
31.848483,103.368,0.29987
31.881850,103.382,0.141439
31.898533,103.405,0.300488
31.915217,103.396,0.118652
31.948583,103.395,0.00113281
31.965267,103.424,0.337617
31.998633,103.464,0.146393
32.015317,103.467,0.00382161
32.032000,103.486,0.291315
32.048683,103.486,0
32.065367,103.489,0.0724219
32.082050,103.489,0
32.098733,103.504,0.22653
32.115417,103.472,0.348079
32.148783,103.468,0.00688802
32.182150,103.5,0.470143
32.198833,103.499,0.00209635
32.215517,103.499,0.000416667
32.232200,103.499,0
32.248883,103.5,0.10666
32.265567,103.496,0.311152
32.298933,103.508,0.17472
32.315617,103.559,0.508216
32.348983,103.559,0.00354167
32.365667,103.558,0.154486
32.399033,103.529,0.317897
32.432400,103.556,0.16373
32.449083,103.555,0.00132813
32.465767,103.537,0.43181
32.482450,103.537,0
32.499133,103.559,0.159316
32.515817,103.558,0.341699
32.549183,103.509,0.363242
32.582550,103.511,0.00528646
32.599233,103.437,0.388405
32.632600,103.385,0.324701
32.649283,103.384,0.00141276
32.665967,103.402,0.155384
32.682650,103.403,0.00140625
32.699333,103.295,0.485723
32.732700,103.303,0.268789
32.749383,103.207,0.461009
32.766067,103.206,0.00153646
32.799433,103.203,0.189805
32.832800,103.123,0.411309
32.849483,103.123,0.000286458
32.866167,103.137,0.209421
32.882850,103.135,0.00263672
32.899533,103.017,0.43694
32.916217,103.016,0.00147786
32.932900,103.016,0
32.949583,102.986,0.287044
32.966267,102.932,0.329531
32.982950,102.876,0.424792
33.016317,102.873,0.292845
33.049683,102.853,0.291849
33.083050,102.854,0.00105469
33.099733,102.824,0.313555
33.116417,102.824,0
33.133100,102.824,0
33.149783,102.759,0.606576
33.166467,102.774,0.222604
33.183150,102.772,0.00134115
33.199833,102.695,0.433294
33.216517,102.69,0.212734
33.249883,102.643,0.378945
33.266567,102.643,0
33.299933,102.626,0.333848
33.316617,102.625,0.00274089
33.333300,102.565,0.447767
33.349983,102.566,0.00113932
33.366667,102.579,0.251823
33.383350,102.577,0.0020638
33.400033,102.577,0
33.416717,102.6,0.353451
33.433400,102.618,0.423984
33.450083,102.643,0.292949
33.483450,102.634,0.431211
33.516817,102.634,0.00295573
33.550183,102.712,0.760234
33.566867,102.712,0.000279948
33.583550,102.712,0
33.600233,102.712,0
33.616917,102.722,0.376289
33.633600,102.749,0.267064
33.650283,102.75,0.00124349
33.666967,102.75,0.286732
33.683650,102.75,0
33.717017,102.81,0.422611
33.733700,102.852,0.316816
33.767067,102.873,0.300918
33.783750,102.874,0.0013151
33.800433,102.938,0.345612
33.817117,102.938,0.000436198
33.833800,102.993,0.593021
33.850483,102.992,0.00104167
33.867167,103.022,0.320788
33.883850,103.044,0.263008
33.917217,103.046,0.00263672
33.933900,103.078,0.309701
33.967267,103.114,0.244688
33.983950,103.115,0.00108073
34.000633,103.171,0.382689
34.017317,103.173,0.00208984
34.034000,103.201,0.222702
34.050683,103.201,0
34.067367,103.277,0.499688
34.084050,103.294,0.212936
34.100733,103.294,0
34.134100,103.32,0.432786
34.150783,103.348,0.169531
34.184150,103.352,0.288958
34.217517,103.348,0.00465495
34.250883,103.379,0.132031
34.267567,103.379,0
34.284250,103.402,0.36043
34.300933,103.45,0.29918
34.317617,103.451,0.000104167
34.334300,103.47,0.360703
34.350983,103.471,0.005625
34.367667,103.521,0.203203
34.401033,103.536,0.212598
34.434400,103.561,0.333568
34.467767,103.585,0.212637
34.501133,103.66,0.524661
34.517817,103.663,0.00416667
34.534500,103.668,0.151868
34.551183,103.668,0
34.567867,103.668,0
34.584550,103.684,0.375951
34.601233,103.71,0.221165
34.617917,103.718,0.190957
34.651283,103.731,0.100358
34.684650,103.73,0.00121094
34.718017,103.661,0.545892
34.734700,103.672,0.141322
34.751383,103.672,0
34.768067,103.682,0.271725
34.784750,103.682,0
34.801433,103.687,0.194811
34.818117,103.69,0.00264323
34.834800,103.69,0
34.851483,103.738,0.435931
34.868167,103.792,0.197617
34.901533,103.842,0.184727
34.934900,104.009,0.651315
34.968267,104.072,0.126283
34.984950,104.07,0.00220052
