0.000000,103.915,0
0.016667,103.936,0.206061
0.033333,103.94,0.0244076
0.050000,103.976,0.315449
0.066667,104.02,0.172624
0.083333,104.023,0.129987
0.100000,104.025,0.139251
0.116667,104.026,0.166445
0.133333,104.068,0.277383
0.166667,104.068,0.177793
0.183333,103.998,0.708639
0.200000,103.977,0.477077
0.233333,103.994,0.0871224
0.266667,104.026,0.228353
0.300000,104.006,0.176992
0.316667,104.021,0.175007
0.333333,104.047,0.178717
0.350000,104.048,0.000768229
0.366667,104.07,0.474329
0.383333,104.067,0.00349609
0.400000,104.066,0.0495833
0.416667,104.102,0.200391
0.450000,104.171,0.620801
0.483333,104.222,0.228783
0.516667,104.402,0.558008
0.533333,104.451,0.0940169
0.566667,104.48,0.130775
0.583333,104.568,0.434753
0.600000,104.661,0.360241
0.616667,104.694,0.187428
0.633333,104.697,0.00672526
0.650000,104.875,0.567103
0.666667,104.876,0.00356771
0.683333,104.904,0.173659
0.700000,104.904,0
0.716667,104.967,0.413711
0.733333,105.068,0.655443
0.750000,105.062,0.124141
0.783333,105.043,0.34291
0.816667,105.007,0.392624
0.833333,105.006,0.0121094
0.850000,104.999,0.494837
0.866667,104.999,0.00391276
0.883333,105.023,0.111784
0.900000,105.048,0.205807
0.916667,105.048,0.00102865
0.933333,105.074,0.0971094
0.950000,105.172,0.711732
0.966667,105.26,0.380716
1.000000,105.392,0.569811
1.016667,105.445,0.394642
1.033333,105.445,0.00709635
1.050000,105.54,0.479583
1.066667,105.593,0.420026
1.083333,105.621,0.297083
1.100000,105.623,0.00413411
1.116667,105.661,0.283398
1.133333,105.66,0.00113932
1.150000,105.676,1.02634
1.166667,105.676,0.000540365
1.183333,105.567,0.814141
1.216667,105.421,0.633672
1.250000,105.344,0.48252
1.266667,105.349,0.00967448
1.283333,105.265,0.520371
1.300000,105.264,0.0017513
1.316667,105.249,0.381497
1.333333,105.25,0.0047526
1.350000,105.184,0.478548
1.366667,105.18,0.00489583
1.383333,105.219,0.516816
1.416667,105.234,0.392396
1.450000,105.287,0.595508
1.483333,105.298,0.30513
1.500000,105.299,0.000904948
1.516667,105.35,0.649121
1.533333,105.351,0.00101563
1.550000,105.395,0.299831
1.566667,105.394,0.0015625
1.583333,105.443,0.255059
1.600000,105.522,0.607396
1.616667,105.501,0.183047
1.650000,105.512,0.594792
1.666667,105.552,0.185072
1.700000,105.58,0.417415
1.716667,105.581,0.00534505
1.733333,105.58,0.00138672
1.750000,105.611,0.553001
1.766667,105.611,0.00955729
1.783333,105.64,0.347702
1.800000,105.665,0.615202
1.833333,105.658,0.421914
1.850000,105.656,0.00323568
1.866667,105.651,0.553932
1.900000,105.637,0.238197
1.933333,105.621,0.499421
1.950000,105.638,0.291921
1.966667,105.616,0.236413
1.983333,105.617,0.00680339
2.000000,105.601,0.559036
2.016667,105.648,0.268236
2.033333,105.64,0.233197
2.050000,105.641,0.00328776
2.066667,105.699,0.552435
2.083333,105.793,0.603698
2.100000,105.842,0.159824
2.133333,105.918,0.616556
2.166667,105.848,1.21817
2.200000,105.83,0.141094
2.216667,105.805,0.192077
2.233333,105.836,0.758581
2.250000,105.817,0.15569
2.266667,105.818,0.00142578
2.283333,105.77,0.638346
2.300000,105.77,0
2.316667,105.792,0.342246
2.333333,105.791,0.00115234
2.350000,105.771,0.586081
2.366667,105.756,0.230814
2.383333,105.75,0.349023
2.400000,105.693,0.419388
2.433333,105.606,0.863587
2.450000,105.539,0.233008
2.466667,105.536,0.00477865
2.483333,105.496,0.225247
2.500000,105.439,0.257936
2.516667,105.394,0.266992
2.533333,105.231,0.379616
2.550000,105.181,0.217845
2.566667,105.18,0.00483724
2.583333,105.044,0.358132
2.600000,104.857,0.686725
2.633333,104.75,0.372982
2.666667,104.672,0.178939
2.700000,104.501,0.49207
2.716667,104.462,0.126549
2.733333,104.319,0.394798
2.750000,104.251,0.269889
2.766667,104.219,0.15901
2.783333,104.219,0
2.800000,104.149,0.348118
2.816667,104.118,0.182832
2.833333,104.03,0.400182
2.850000,104.025,0.0069987
2.883333,103.939,0.597513
2.916667,103.89,0.22916
2.933333,103.89,0
2.950000,103.841,0.234596
2.966667,103.767,0.282754
2.983333,103.719,0.257188
3.000000,103.716,0.00953125
3.016667,103.731,0.559219
3.033333,103.732,0.00582682
3.050000,103.716,0.0832292
3.083333,103.741,0.101191
3.100000,103.753,0.392559
3.116667,103.752,0.00130208
3.133333,103.757,0.202467
3.150000,103.76,0.00382161
3.166667,103.669,1.04795
3.183333,103.667,0.00879557
3.200000,103.668,0.0517839
3.216667,103.673,0.0506445
3.233333,103.692,0.364023
3.250000,103.693,0.00299479
3.266667,103.687,0.0387826
3.283333,103.667,0.272018
3.316667,103.694,0.26918
3.350000,103.677,0.287741
3.366667,103.702,0.167324
3.383333,103.703,0.0014974
3.400000,103.711,0.137858
3.416667,103.711,0
3.450000,103.746,0.426191
3.466667,103.746,0.00153646
3.483333,103.764,0.204089
3.500000,103.764,0
3.533333,103.802,0.504108
3.550000,103.793,0.068737
3.583333,103.809,0.376296
3.600000,103.75,0.242292
3.616667,103.766,0.115169
3.633333,103.765,0.0779622
3.650000,103.791,0.314284
3.666667,103.792,0.00354167
3.683333,103.815,0.136022
3.700000,103.804,0.104049
3.716667,103.798,0.0980273
3.733333,103.801,0.448424
3.750000,103.798,0.0829622
3.783333,103.81,0.281302
3.816667,103.861,0.355605
3.833333,103.862,0.00420573
3.850000,103.868,0.148522
3.866667,103.867,0.00117187
3.883333,103.904,0.367806
3.900000,103.905,0.00414063
3.916667,103.393,0.608815
3.933333,103.387,0.0588477
3.950000,103.38,0.28248
3.966667,103.37,0.111549
3.983333,103.373,0.100312
4.000000,103.376,0.284928
4.016667,103.375,0.181211
4.033333,103.361,0.110267
4.066667,103.372,0.232656
4.100000,103.365,0.307038
4.116667,103.362,0.00611328
4.133333,103.356,0.0827995
4.150000,103.378,0.141159
4.166667,103.404,0.638092
4.183333,103.399,0.0100781
4.200000,103.368,0.411257
4.216667,103.363,0.00641927
4.233333,103.397,0.121146
4.266667,103.413,0.310221
4.300000,103.421,0.401901
4.333333,103.451,0.29388
4.350000,103.45,0.000598958
4.366667,103.397,0.399141
4.383333,103.396,0.0102148
4.400000,103.372,0.171458
4.416667,103.369,0.170397
4.433333,103.278,0.269284
4.450000,103.235,0.418255
4.483333,103.205,0.274492
4.516667,103.164,0.484883
4.550000,103.155,0.209147
4.566667,103.154,0.010293
4.583333,103.115,0.543164
4.600000,103.08,0.18763
4.616667,103.081,0.0035612
4.633333,103.045,0.148496
4.650000,102.935,0.698431
4.666667,102.932,0.00382812
4.700000,102.708,0.720944
4.733333,102.702,0.0834115
4.766667,102.696,0.385501
4.800000,102.676,0.418815
4.816667,102.672,0.0104883
4.833333,102.639,0.233945
4.850000,102.636,0.160189
4.866667,102.616,0.476152
4.883333,102.6,0.180684
4.900000,102.598,0.00311198
4.916667,102.598,0
4.933333,102.548,0.429076
4.966667,102.514,0.427383
4.983333,102.46,0.454499
5.016667,102.452,0.0877214
5.033333,102.41,0.282728
5.050000,102.361,0.493867
5.066667,102.358,0.00325521
5.083333,102.373,0.158125
5.100000,102.356,0.276719
5.116667,102.301,0.419329
5.133333,102.299,0.00617839
5.150000,102.319,0.349772
5.166667,102.32,0.00093099
5.183333,102.295,0.468678
5.216667,102.171,0.589883
5.250000,102.201,0.474323
5.266667,102.202,0.00608724
5.283333,102.209,0.175339
5.300000,102.289,0.380234
5.316667,102.289,0.00263021
5.333333,102.353,0.427467
5.350000,102.357,0.00965495
5.366667,102.388,0.442793
5.383333,102.386,0.0063151
5.400000,102.416,0.254688
5.416667,102.456,0.805072
5.450000,102.477,0.0725911
5.483333,102.532,0.421081
5.500000,102.532,0.112871
5.516667,102.582,0.4464
5.533333,102.586,0.00508464
5.550000,102.624,0.378822
5.566667,102.627,0.0076237
5.583333,102.666,0.189434
5.600000,102.666,0
5.616667,102.712,0.415586
5.633333,102.772,0.457435
5.666667,102.802,0.528145
5.700000,102.78,0.236517
5.716667,102.785,0.139622
5.733333,102.793,0.585189
5.750000,102.794,0.00466146
5.766667,102.821,0.354089
5.783333,102.822,0.121719
5.800000,102.823,0.00356771
5.816667,102.87,0.464355
5.833333,102.872,0.00509115
5.850000,102.9,0.371361
5.883333,102.967,0.388997
5.916667,102.985,0.167826
5.933333,102.988,0.00411458
5.950000,103.055,0.39401
5.966667,103.079,0.145039
5.983333,103.081,0.00658203
6.000000,103.099,0.449635
6.016667,103.122,0.126667
6.033333,103.182,0.497214
6.050000,103.172,0.130599
6.083333,103.209,0.194564
6.100000,103.257,0.29
6.133333,103.293,0.335176
6.150000,103.294,0.00710938
6.166667,103.353,0.492995
6.183333,103.353,0.00652995
6.200000,103.369,0.269694
6.216667,103.37,0.00376302
6.233333,103.405,0.548887
6.250000,103.405,0.00932292
6.283333,103.434,0.370898
6.300000,103.434,0.00111328
6.333333,103.492,0.480072
6.350000,103.488,0.0095638
6.366667,103.47,0.0702344
6.383333,103.484,0.120612
6.400000,103.5,0.245267
6.416667,103.498,0.00841146
6.433333,103.502,0.126842
6.450000,103.52,0.716673
6.466667,103.522,0.10375
6.483333,103.514,0.146393
6.500000,103.513,0.12877
6.533333,103.522,0.320632
6.566667,103.546,0.536875
6.583333,103.545,0.00188151
6.600000,103.581,0.230026
6.616667,103.582,0.00427734
6.633333,103.582,0
6.650000,103.601,0.235456
6.666667,103.635,0.399271
6.683333,103.649,0.131973
6.700000,103.678,0.11306
6.716667,103.672,0.249564
6.750000,103.833,0.450937
6.783333,103.915,0.319622
6.816667,104.086,0.425007
6.833333,104.088,0.00179036
6.850000,104.138,0.144219
6.866667,104.275,0.448014
6.883333,104.273,0.00639323
6.900000,104.358,0.322064
6.916667,104.364,0.00858724
6.933333,104.42,0.389173
6.950000,104.464,0.175078
6.966667,104.505,0.226465
6.983333,104.568,0.600313
7.016667,104.554,0.294427
7.050000,104.516,0.55097
7.066667,104.496,0.164902
7.083333,104.497,0.00122396
7.100000,104.519,0.422402
7.116667,104.518,0.00626302
7.133333,104.501,0.138802
7.150000,104.501,0.00363281
7.166667,104.551,0.357389
7.183333,104.612,0.328457
7.200000,104.614,0.279538
7.216667,104.711,0.561901
7.250000,104.856,0.564635
7.283333,104.938,0.664062
7.300000,104.938,0.00749349
7.316667,105.043,0.613913
7.333333,105.078,0.292161
7.366667,105.115,0.509785
7.383333,105.116,0.00141276
7.400000,105.116,0
7.433333,105.112,0.396816
7.466667,105.004,1.1154
7.500000,104.826,1.0573
7.516667,104.767,0.128464
7.533333,104.759,0.315378
7.550000,104.759,0.00624349
7.566667,104.749,0.4886
7.583333,104.736,0.14123
7.600000,104.682,0.295879
7.616667,104.676,0.236204
7.633333,104.694,0.271061
7.650000,104.725,0.190833
7.683333,104.725,0
7.716667,104.739,0.261855
7.733333,104.68,0.266562
7.766667,104.696,0.226484
7.800000,104.694,0.00229167
7.816667,104.694,0
7.833333,104.692,0.481432
7.850000,104.789,0.653613
7.866667,104.79,0.0021875
7.883333,104.79,0
7.916667,104.896,0.893496
7.950000,104.958,0.906035
7.983333,105.021,0.363529
8.000000,105.021,0.00815755
8.016667,105.045,0.760658
8.033333,105.047,0.00434245
8.050000,105.047,0
8.066667,105.084,0.41819
8.083333,105.073,0.611771
8.100000,105.078,0.210039
8.116667,105.102,0.218861
8.133333,105.079,0.233646
8.166667,105.093,0.266165
8.200000,105.098,0.473366
8.216667,105.063,0.389434
8.233333,105.041,0.237077
8.250000,104.995,0.375365
8.266667,105.067,0.542728
8.283333,105.068,0.00511068
8.300000,105.088,0.485384
8.316667,105.135,0.174785
8.333333,105.169,0.324844
8.350000,105.236,0.313952
8.366667,105.256,0.286562
8.400000,105.319,0.594785
8.416667,105.322,0.00796875
8.433333,105.408,0.304954
8.450000,105.371,1.09011
8.466667,105.347,0.171589
8.483333,105.355,0.367487
8.500000,105.355,0
8.516667,105.35,0.552298
8.533333,105.345,0.458281
8.566667,105.359,0.732051
8.583333,105.347,0.176615
8.616667,105.278,0.689811
8.633333,105.264,0.257077
8.650000,105.264,0
8.666667,105.225,0.614974
8.683333,105.225,0.00114583
8.700000,105.166,0.258346
8.716667,104.919,0.943835
8.733333,104.92,0.00343099
8.766667,104.767,0.460358
8.800000,104.624,0.449258
8.833333,104.419,0.529551
8.850000,104.358,0.170573
8.866667,104.357,0.00153646
8.883333,104.218,0.418366
8.900000,104.215,0.0033724
8.916667,104.215,0
8.933333,104.039,0.489551
8.950000,103.984,0.350156
8.983333,103.744,0.631406
9.016667,103.687,0.301517
9.050000,103.601,0.396237
9.066667,103.6,0.00169271
9.083333,103.51,0.401165
9.100000,103.511,0.00204427
9.116667,103.511,0
9.133333,103.425,0.328594
9.150000,103.397,0.179447
9.166667,103.373,0.267422
9.183333,103.289,0.249863
9.200000,103.228,0.26722
9.233333,103.186,0.372415
9.266667,103.159,0.330085
9.283333,103.159,0.0086849
9.300000,103.129,0.164766
9.316667,103.154,0.271699
9.333333,103.156,0.00270833
9.350000,103.133,0.302005
9.366667,103.136,0.00345703
9.383333,103.14,0.231549
9.400000,103.141,0.00179688
9.416667,103.141,0
9.433333,103.129,1.0841
9.466667,103.135,0.198353
9.500000,103.154,0.213737
9.533333,103.145,0.242617
9.550000,103.143,0.0125651
9.566667,103.142,0.198092
9.583333,103.164,0.0902734
9.600000,103.167,0.0558529
9.616667,103.167,0.131484
9.633333,103.197,0.43929
9.666667,103.2,0.16237
9.700000,103.19,0.344238
9.733333,103.215,0.226367
9.750000,103.215,0
9.766667,103.215,0
9.783333,103.222,0.31944
9.800000,103.218,0.107415
9.816667,103.227,0.242467
9.833333,103.23,0.00307943
9.850000,103.239,0.333177
9.866667,103.237,0.00416667
9.883333,103.279,0.176237
9.900000,103.277,0.00399089
9.933333,103.296,0.34181
9.950000,103.304,0.121816
9.983333,103.309,0.425924
10.000000,103.307,0.00461589
10.016667,103.321,0.131406
10.033333,103.35,0.243496
10.050000,103.354,0.00432943
10.066667,103.358,0.188724
10.083333,103.414,0.378398
10.100000,103.411,0.00324219
10.116667,103.394,0.124056
10.150000,103.397,0.33735
10.166667,103.39,0.088151
10.200000,103.387,0.291361
10.216667,103.296,0.306152
10.250000,103.308,0.22418
10.266667,103.307,0.0118294
10.283333,103.298,0.255775
10.300000,103.299,0.00636068
10.316667,103.314,0.197721
10.333333,103.313,0.00123047
10.350000,103.302,0.317298
10.383333,103.323,0.277285
10.416667,103.325,0.125951
10.450000,103.421,0.715365
10.466667,103.422,0.00864583
10.483333,103.422,0
10.500000,103.421,0.40097
10.516667,103.419,0.00160807
10.533333,103.427,0.119583
10.550000,103.455,0.234264
10.566667,103.447,0.381842
10.583333,103.446,0.000963542
10.600000,103.446,0.0932487
10.616667,103.371,0.438659
10.650000,103.376,0.211061
10.666667,103.301,0.401673
10.700000,103.286,0.102962
10.716667,103.251,0.265573
10.733333,103.18,0.415592
10.750000,103.178,0.0158919
10.766667,103.169,0.32319
10.783333,103.166,0.00505208
10.800000,103.107,0.537201
10.816667,103.102,0.00522135
10.850000,103.018,0.470313
10.866667,103.028,0.197142
10.900000,103.018,0.145358
10.916667,103.019,0.00104818
10.933333,102.925,0.476263
10.950000,102.919,0.00847005
10.966667,102.905,0.33541
10.983333,102.892,0.0960938
11.000000,102.888,0.00479818
11.016667,102.83,0.550072
11.033333,102.786,0.127559
11.050000,102.781,0.199264
11.066667,102.733,0.266849
11.100000,102.681,0.666693
11.133333,102.647,0.418978
11.166667,102.63,0.373633
11.183333,102.627,0.00587891
11.200000,102.553,0.468418
11.216667,102.552,0.00611979
11.233333,102.462,0.478503
11.250000,102.453,0.0108138
11.266667,102.449,0.0043099
11.283333,102.364,0.644232
11.300000,102.365,0.00123047
11.316667,102.349,0.332865
11.350000,102.291,0.538411
11.383333,102.294,0.316198
11.400000,102.295,0.015625
11.416667,102.295,0
11.433333,102.219,0.596126
11.450000,102.231,0.0750651
11.466667,102.26,0.21776
11.483333,102.264,0.118548
11.500000,102.313,0.55722
11.516667,102.313,0.00128255
11.533333,102.313,0
11.550000,102.36,0.34735
11.566667,102.391,0.564108
11.583333,102.382,0.13748
11.616667,102.421,0.480807
11.633333,102.419,0.00302083
11.650000,102.464,0.260339
11.666667,102.478,0.123809
11.683333,102.506,0.753555
11.700000,102.505,0.0064388
11.716667,102.505,0.143066
11.733333,102.55,0.458535
11.750000,102.548,0.00820964
11.766667,102.561,0.118132
11.783333,102.594,0.216497
11.800000,102.598,0.27793
11.816667,102.643,0.214948
11.833333,102.655,0.221289
11.866667,102.718,0.690632
11.883333,102.72,0.00311849
11.900000,102.725,0.109173
11.916667,102.725,0.00632161
11.933333,102.755,0.161185
11.950000,102.766,0.309245
11.966667,102.796,0.272201
11.983333,102.813,0.624043
12.000000,102.812,0.00203776
12.016667,102.885,0.343171
12.050000,102.917,0.383268
12.083333,102.981,0.386009
12.100000,102.975,0.0178385
12.116667,103,0.305273
12.133333,102.999,0.00104167
12.150000,103.049,0.313945
12.166667,103.078,0.164375
12.183333,103.093,0.205495
12.200000,103.097,0.147936
12.216667,103.131,0.239362
12.233333,103.089,0.413971
12.250000,103.15,0.31112
12.283333,103.172,0.335853
12.316667,103.2,0.138587
12.333333,103.2,0.0104753
12.350000,103.247,0.547409
12.366667,103.248,0.00544922
12.383333,103.284,0.218796
12.400000,103.3,0.114792
12.416667,103.3,0.000911458
12.433333,103.338,0.38972
12.450000,103.376,0.350098
12.466667,103.386,0.102266
12.483333,103.396,0.1175
12.500000,103.433,0.26804
12.533333,103.456,0.28612
12.566667,103.509,0.488307
12.583333,103.505,0.0100065
12.600000,103.526,0.241094
12.616667,103.528,0.00253255
12.633333,103.517,0.167318
12.650000,103.517,0
12.666667,103.542,0.399486
12.683333,103.475,0.647402
12.700000,103.475,0.0101953
12.716667,103.433,0.379323
12.750000,103.456,0.157598
12.766667,103.477,0.164251
12.783333,103.476,0.00162109
12.800000,103.498,0.325404
12.816667,103.497,0.00591146
12.833333,103.51,0.166289
12.850000,103.509,0.0701432
12.866667,103.519,0.225046
12.883333,103.537,0.332884
12.900000,103.537,0.0104883
12.916667,103.57,0.321126
12.950000,103.667,0.375742
12.983333,103.733,0.274368
13.016667,103.917,0.586413
13.033333,103.966,0.100039
13.050000,103.967,0.00150391
13.066667,103.988,0.132454
13.083333,104.109,0.269733
13.100000,104.215,0.354479
13.116667,104.22,0.00801432
13.133333,104.256,0.198086
13.150000,104.456,0.772591
13.166667,104.456,0.000143229
13.200000,104.513,0.289759
13.233333,104.623,0.72569
13.250000,104.624,0.00554687
13.266667,104.593,0.243737
13.283333,104.59,0.00473958
13.300000,104.571,0.195391
13.316667,104.513,0.464655
13.333333,104.511,0.0076888
13.350000,104.531,0.62821
13.366667,104.531,0.000703125
13.400000,104.549,0.124134
13.416667,104.568,0.128757
13.450000,104.635,0.689876
13.466667,104.696,0.17528
13.483333,104.727,0.220345
13.500000,104.859,0.581986
13.516667,104.859,0.00411458
13.533333,104.909,0.361491
13.550000,104.975,0.251732
13.566667,105.065,0.699681
13.583333,105.066,0.00123698
13.600000,105.122,0.517669
13.616667,105.122,0.212969
13.650000,105.122,0.827233
13.683333,105.024,0.726582
13.700000,105.022,0.121315
13.716667,104.96,0.275059
13.733333,104.875,0.370742
13.750000,104.803,0.53194
13.766667,104.804,0.00402344
13.783333,104.715,0.525553
13.800000,104.715,0.00657552
13.816667,104.702,0.169199
13.833333,104.697,0.210378
13.850000,104.718,0.176563
13.866667,104.674,0.606309
13.900000,104.681,0.145703
13.916667,104.682,0.00126302
13.933333,104.695,0.451745
13.950000,104.697,0.00223958
13.966667,104.705,0.642077
13.983333,104.706,0.00830729
14.000000,104.731,0.274889
14.016667,104.83,0.754232
14.033333,104.831,0.00127604
14.066667,104.901,0.436452
14.100000,104.954,0.498861
14.116667,104.946,0.141185
14.150000,104.954,0.604212
14.166667,104.954,0.00735677
14.183333,104.999,0.459447
14.200000,104.994,0.00633464
14.216667,104.976,0.500404
14.233333,104.975,0.00179688
14.250000,105.032,0.411549
14.266667,105.029,0.00477214
14.283333,105.084,0.811458
14.300000,105.082,0.00503906
14.333333,105.084,0.409505
14.366667,105.069,0.215534
14.383333,105.064,0.599792
14.416667,105.08,0.165137
14.433333,105.08,0
14.450000,105.064,0.635352
14.466667,105.065,0.000345052
14.483333,105.045,0.458053
14.500000,105.045,0.0013737
14.516667,105.051,0.201855
14.533333,105.092,0.624792
14.566667,105.14,0.422969
14.583333,105.202,0.30834
14.616667,105.296,0.789766
14.633333,105.296,0.00252604
14.650000,105.393,0.672109
14.666667,105.395,0.00807943
14.683333,105.266,1.02533
14.700000,105.265,0.0135352
14.716667,105.25,0.178451
14.733333,105.271,0.522604
14.750000,105.258,0.475983
14.766667,105.264,0.00809896
14.783333,105.257,0.157786
14.800000,105.258,0.00365234
14.816667,105.272,0.825026
14.833333,105.281,0.465234
14.866667,105.233,0.633405
14.883333,105.232,0.000898438
14.900000,105.188,0.329017
14.916667,105.187,0.00250651
14.933333,105.12,0.50571
14.950000,105.122,0.00808594
14.966667,105.104,0.332096
14.983333,104.973,0.530742
15.000000,104.876,0.572018
15.033333,104.659,0.55806
15.050000,104.578,0.155065
15.083333,104.371,0.58849
15.100000,104.372,0.00121094
15.116667,104.257,0.313008
15.133333,104.255,0.00389323
15.150000,104.094,0.505241
15.166667,104.09,0.00682943
15.183333,104.021,0.155046
15.200000,103.912,0.455508
15.216667,103.907,0.00666667
15.233333,103.679,0.811478
15.250000,103.676,0.00546875
15.283333,103.594,0.274408
15.316667,103.483,0.448307
15.333333,103.461,0.122513
15.350000,103.461,0.000677083
15.366667,103.416,0.353008
15.383333,103.415,0.0055599
15.400000,103.384,0.146419
15.416667,103.381,0.00488932
15.433333,103.276,0.602904
15.466667,103.215,0.201432
15.500000,103.157,0.288086
15.516667,103.158,0.104707
15.533333,103.161,0.261387
15.550000,103.135,0.292656
15.566667,103.139,0.00527995
15.583333,103.165,0.107689
15.600000,103.167,0.397663
15.616667,103.167,0.00521484
15.633333,103.176,0.23276
15.650000,103.195,0.212826
15.666667,103.119,0.754805
15.683333,103.1,0.111875
15.716667,103.101,0.286224
15.733333,103.102,0.00522786
15.750000,103.119,0.261126
15.766667,103.118,0.0795898
15.783333,103.119,0.00183594
15.800000,103.123,0.321133
15.816667,103.123,0.00200521
15.833333,103.119,0.353145
15.850000,103.121,0.00505859
15.883333,103.155,0.293607
15.916667,103.158,0.0649089
15.933333,103.158,0.000208333
15.950000,103.177,0.32528
15.966667,103.172,0.15515
15.983333,103.182,0.126973
16.000000,103.196,0.236328
16.016667,103.199,0.00383464
16.033333,103.198,0.196934
16.066667,103.219,0.391654
16.100000,103.237,0.253926
16.133333,103.264,0.259414
16.150000,103.277,0.108809
16.166667,103.276,0.00126302
16.183333,103.301,0.214512
16.200000,103.296,0.102142
16.216667,103.203,0.345033
16.233333,103.258,0.32375
16.250000,103.262,0.0102409
16.283333,103.29,0.201921
16.316667,103.336,0.375964
16.350000,103.343,0.169251
16.366667,103.381,0.224388
16.383333,103.381,0.00149089
16.400000,103.382,0.100742
16.416667,103.383,0.00232422
16.433333,103.377,0.382363
16.466667,103.373,0.223945
16.483333,103.346,0.118164
16.516667,103.351,0.373971
16.550000,103.339,0.184258
16.583333,103.337,0.303796
16.600000,103.339,0.00554687
16.616667,103.348,0.0906706
16.633333,103.344,0.105527
16.650000,103.348,0.334967
16.666667,103.348,0.00222656
16.683333,103.376,0.551953
16.700000,103.378,0.00857422
16.716667,103.398,0.143893
16.733333,103.396,0.465677
16.750000,103.396,0.00443359
16.783333,103.41,0.301276
16.800000,103.419,0.235866
16.816667,103.42,0.00501302
16.833333,103.439,0.293665
16.850000,103.439,0.00858073
16.866667,103.394,0.433652
16.883333,103.398,0.00490885
16.900000,103.372,0.171823
16.916667,103.368,0.147871
16.933333,103.277,0.264186
16.966667,103.244,0.434453
17.000000,103.233,0.45554
17.016667,103.231,0.00936849
17.033333,103.189,0.35431
17.050000,103.188,0.0152409
17.066667,103.15,0.396706
17.083333,103.15,0.000397135
17.100000,103.047,0.544316
17.116667,103.045,0.00327474
17.133333,103.014,0.321016
17.166667,102.938,0.474531
17.183333,102.904,0.144714
17.216667,102.673,0.633105
17.233333,102.67,0.15571
17.250000,102.662,0.132546
17.266667,102.666,0.00800781
17.283333,102.625,0.399889
17.300000,102.624,0.00147786
17.316667,102.629,0.166465
17.333333,102.588,0.469056
17.366667,102.581,0.378262
17.400000,102.565,0.257142
17.416667,102.552,0.134948
17.433333,102.514,0.2039
17.450000,102.53,0.218366
17.466667,102.501,0.193483
17.483333,102.5,0.350443
17.500000,102.455,0.373665
17.516667,102.413,0.234232
17.533333,102.358,0.433587
17.550000,102.355,0.00511719
17.583333,102.353,0.431875
17.616667,102.282,0.494928
17.650000,102.288,0.284603
17.666667,102.292,0.00460937
17.683333,102.249,0.527129
17.700000,102.247,0.00307292
17.716667,102.162,0.519414
17.733333,102.156,0.0141602
17.750000,102.19,0.459928
17.766667,102.19,0.00535156
17.783333,102.285,0.566589
17.800000,102.286,0.00104167
17.833333,102.34,0.398079
17.850000,102.347,0.144915
17.883333,102.405,0.654023
17.900000,102.407,0.00284505
17.916667,102.415,0.0991211
17.933333,102.415,0
17.950000,102.519,0.73806
17.966667,102.517,0.00846354
17.983333,102.543,0.317975
18.000000,102.532,0.176751
18.016667,102.576,0.142272
18.033333,102.631,0.662259
18.050000,102.635,0.00614583
18.083333,102.683,0.303021
18.116667,102.675,0.586569
18.133333,102.671,0.0173633
18.150000,102.723,0.349694
18.166667,102.723,0.00238281
18.183333,102.773,0.269434
18.200000,102.773,0.00521484
18.216667,102.758,0.554206
18.233333,102.76,0.00647135
18.250000,102.773,0.638809
18.266667,102.767,0.0154818
18.283333,102.799,0.296732
18.300000,102.829,0.155983
18.333333,102.866,0.46168
18.350000,102.864,0.00376302
18.366667,102.878,0.0913542
18.383333,102.915,0.254206
18.400000,102.944,0.183203
18.416667,102.946,0.00322917
18.433333,102.966,0.47543
18.450000,103.05,0.347975
18.466667,103.065,0.246263
18.500000,103.125,0.332663
18.516667,103.13,0.148796
18.550000,103.148,0.421556
18.566667,103.149,0.0120638
18.583333,103.178,0.118431
18.600000,103.201,0.1375
18.616667,103.237,0.24735
18.633333,103.237,0.201217
18.650000,103.237,0.00211589
18.666667,103.276,0.307734
18.683333,103.28,0.00810547
18.700000,103.345,0.617689
18.716667,103.327,0.147858
18.750000,103.349,0.345104
18.783333,103.377,0.192122
18.800000,103.377,0.13
18.816667,103.426,0.405286
18.833333,103.428,0.00211589
18.850000,103.425,0.289232
18.866667,103.429,0.00477865
18.883333,103.465,0.350723
18.900000,103.466,0.00276042
18.916667,103.421,0.899915
18.933333,103.438,0.0500065
18.950000,103.438,0.0828646
18.983333,103.424,0.291647
19.016667,103.444,0.0986523
19.050000,103.469,0.530794
19.066667,103.467,0.00588542
19.083333,103.496,0.264785
19.100000,103.534,0.145872
19.116667,103.532,0.00211589
19.133333,103.522,0.162617
19.150000,103.57,0.118392
19.166667,103.566,0.127266
19.183333,103.623,0.285579
19.200000,103.653,0.281895
19.216667,103.654,0.0110677
19.233333,103.657,0.195612
19.266667,103.801,0.398724
19.300000,103.892,0.368379
19.333333,104.078,0.446257
19.350000,104.146,0.175098
19.366667,104.173,0.189082
19.383333,104.251,0.227702
19.400000,104.341,0.305091
19.416667,104.345,0.00433594
19.433333,104.399,0.456908
19.450000,104.497,0.354154
19.483333,104.554,0.637546
19.500000,104.559,0.111745
19.533333,104.559,0.390625
19.566667,104.487,0.443665
19.583333,104.491,0.00882161
19.600000,104.509,0.462415
19.616667,104.51,0.00279948
19.633333,104.535,0.357702
19.650000,104.537,0.00436849
19.666667,104.54,0.0942969
19.683333,104.604,0.36375
19.700000,104.663,0.525312
19.716667,104.804,0.54099
19.733333,104.806,0.00447917
19.750000,104.856,0.260586
19.783333,104.944,0.66582
19.800000,104.938,0.0105078
19.816667,105.035,0.611406
19.833333,105.04,0.00640625
19.850000,105.09,0.58416
19.866667,105.086,0.00410156
19.883333,105.093,0.237246
19.916667,105.094,0.00382812
19.950000,105,1.46996
19.983333,104.828,0.90222
20.000000,104.828,5.20833e-05
20.016667,104.736,0.322546
20.033333,104.735,0.00486979
20.050000,104.704,0.626413
20.066667,104.708,0.11498
20.083333,104.706,0.202956
20.100000,104.649,0.601992
20.116667,104.67,0.156823
20.150000,104.713,0.212389
20.183333,104.714,0.00109375
20.200000,104.702,0.207415
20.233333,104.649,0.355163
20.266667,104.668,0.212591
20.283333,104.665,0.00355469
20.300000,104.664,0.00111979
20.316667,104.687,0.468691
20.333333,104.684,0.0170768
20.350000,104.684,0.00014974
20.366667,104.779,0.541536
20.383333,104.835,0.357441
20.400000,104.905,0.526628
20.416667,104.906,0.00170573
20.433333,104.961,0.391999
20.450000,104.989,0.521569
20.466667,104.992,0.190944
20.483333,105.029,0.21263
20.500000,105.018,0.817747
20.516667,105.014,0.00770182
20.533333,105.039,0.101237
20.550000,105.056,0.797624
20.583333,105.081,0.485013
20.600000,105.1,0.203789
20.616667,105.1,0.000416667
20.633333,105.09,0.52944
20.650000,105.095,0.00833333
20.666667,105.098,0.166745
20.683333,105.088,0.228392
20.700000,105.051,0.420208
20.716667,105.032,0.799408
20.733333,105.035,0.0100326
20.750000,105.056,0.193952
20.783333,105.086,0.555345
20.816667,105.175,0.513112
20.833333,105.173,0.0114779
20.850000,105.242,0.569759
20.866667,105.244,0.00377604
20.883333,105.317,0.575085
20.900000,105.317,0.00373047
20.916667,105.391,0.326198
20.933333,105.391,0.0031901
20.950000,105.362,1.04708
20.966667,105.347,0.159844
21.000000,105.362,0.85513
21.033333,105.342,0.466113
21.066667,105.338,0.735599
21.083333,105.341,0.00524089
21.100000,105.304,0.497044
21.116667,105.306,0.00697917
21.133333,105.277,0.338444
21.150000,105.277,0.00529297
21.166667,105.214,0.85541
21.183333,105.214,0.00163411
21.200000,105.085,0.584434
21.216667,105.081,0.00595703
21.233333,104.961,0.591074
21.266667,104.892,0.209883
21.300000,104.677,0.578145
21.316667,104.617,0.121413
21.333333,104.573,0.188014
21.350000,104.307,0.637676
21.366667,104.305,0.00210938
21.383333,104.209,0.358691
21.400000,104.209,0.00386068
21.416667,104.156,0.179245
21.450000,104.018,0.506504
21.466667,103.982,0.122214
21.500000,103.738,0.657044
21.516667,103.677,0.287116
21.550000,103.594,0.465078
21.566667,103.593,0.00128255
21.583333,103.52,0.34084
21.600000,103.519,0.00197917
21.616667,103.43,0.351172
21.633333,103.43,0
21.650000,103.412,0.152754
21.666667,103.414,0.00570312
21.683333,103.39,0.268184
21.700000,103.309,0.208424
21.716667,103.226,0.271829
21.733333,103.159,0.247246
21.750000,103.13,0.272174
21.783333,103.134,0.190846
21.800000,103.113,0.175423
21.816667,103.12,0.0989193
21.833333,103.129,0.134779
21.850000,103.109,0.396185
21.866667,103.111,0.00242839
21.883333,103.135,0.242051
21.900000,103.138,0.00419922
21.916667,103.138,0
21.933333,103.155,0.170677
21.950000,103.151,0.833294
21.983333,103.142,0.294512
22.016667,103.168,0.223991
22.033333,103.162,0.102467
22.050000,103.163,0.128887
22.066667,103.141,0.188835
22.083333,103.166,0.0893359
22.100000,103.169,0.0620378
22.116667,103.171,0.111452
22.133333,103.165,0.192474
22.150000,103.179,0.307884
22.183333,103.171,0.331263
22.216667,103.185,0.145228
22.233333,103.176,0.150456
22.250000,103.178,0.00919271
22.266667,103.188,0.203945
22.283333,103.197,0.150423
22.300000,103.195,0.00334635
22.316667,103.224,0.282813
22.333333,103.224,0.00078776
22.350000,103.225,0.105293
22.366667,103.262,0.425352
22.400000,103.27,0.0776432
22.433333,103.316,0.491055
22.466667,103.318,0.0535417
22.483333,103.319,0.104102
22.500000,103.339,0.400117
22.516667,103.339,0.00111979
22.533333,103.326,0.105885
22.550000,103.34,0.140319
22.566667,103.349,0.212995
22.583333,103.368,0.14125
22.600000,103.397,0.245742
22.616667,103.398,0.00252604
22.633333,103.413,0.343802
22.666667,103.416,0.179284
22.683333,103.416,0
22.700000,103.397,0.131882
22.716667,103.391,0.147767
22.733333,103.305,0.343236
22.750000,103.316,0.112559
22.766667,103.321,0.110358
22.783333,103.337,0.177012
22.800000,103.32,0.0952018
22.816667,103.329,0.087207
22.833333,103.336,0.125677
22.850000,103.343,0.324557
22.866667,103.349,0.130814
22.900000,103.353,0.119635
22.916667,103.344,0.158672
22.933333,103.387,0.393848
22.950000,103.432,0.173001
22.966667,103.437,0.126667
22.983333,103.428,0.14265
23.000000,103.418,0.16599
23.016667,103.428,0.197012
23.050000,103.4,0.514694
23.083333,103.417,0.259525
23.100000,103.417,0.163457
23.116667,103.42,0.00313802
23.133333,103.378,0.223763
23.150000,103.376,0.00294271
23.166667,103.292,0.660182
23.183333,103.291,0.00663411
23.200000,103.253,0.313164
23.233333,103.201,0.384355
23.266667,103.188,0.135723
23.300000,103.142,0.594147
23.316667,103.138,0.12944
23.333333,103.137,0.00211589
23.350000,103.108,0.236211
23.366667,103.036,0.251055
23.383333,103.003,0.368952
23.400000,102.998,0.00662109
23.416667,102.915,0.42834
23.433333,102.913,0.115254
23.466667,102.885,0.396934
23.500000,102.764,0.741126
23.533333,102.764,0.0868229
23.566667,102.722,0.506777
23.583333,102.7,0.124915
23.600000,102.699,0.00123047
23.616667,102.688,0.201003
23.633333,102.641,0.320931
23.650000,102.607,0.403008
23.666667,102.606,0.00219401
23.683333,102.55,0.384518
23.700000,102.546,0.00472656
23.716667,102.411,0.911406
23.733333,102.406,0.00695313
23.766667,102.372,0.23487
23.800000,102.354,0.402572
23.816667,102.344,0.15985
23.833333,102.343,0.00158854
23.850000,102.281,0.501471
23.866667,102.306,0.138216
23.883333,102.302,0.213704
23.900000,102.303,0.0105664
23.933333,102.222,0.60543
23.966667,102.26,0.521888
24.000000,102.268,0.181146
24.016667,102.295,0.212598
24.033333,102.332,0.402552
24.050000,102.333,0.00337891
24.066667,102.372,0.751354
24.083333,102.372,9.76563e-05
24.100000,102.387,0.101452
24.116667,102.396,0.186016
24.133333,102.463,0.348477
24.166667,102.48,0.814303
24.200000,102.506,0.277109
24.216667,102.503,0.0116927
24.233333,102.552,0.466439
24.250000,102.551,0.00699219
24.266667,102.561,0.0641732
24.283333,102.601,0.274095
24.300000,102.613,0.202096
24.316667,102.614,0.00967448
24.333333,102.674,0.412266
24.350000,102.697,0.124355
24.366667,102.672,0.291654
24.383333,102.71,0.437695
24.416667,102.735,0.131973
24.450000,102.795,0.681999
24.466667,102.797,0.0078125
24.483333,102.826,0.310202
24.500000,102.826,0.165286
24.516667,102.897,0.44041
24.533333,102.897,0.00921224
24.550000,102.911,0.304544
24.566667,102.912,0.00318359
24.583333,102.981,0.448223
24.616667,103.009,0.322578
24.633333,103.044,0.279792
24.666667,103.105,0.454375
24.683333,103.104,0.00352214
24.700000,103.116,0.292819
24.716667,103.115,0.0203971
24.733333,103.146,0.470384
24.750000,103.148,0.00974609
24.766667,103.169,0.129108
24.783333,103.19,0.182585
24.800000,103.226,0.397129
24.816667,103.229,0.00361979
24.833333,103.265,0.304375
24.866667,103.295,0.425033
24.900000,103.301,0.075918
24.916667,103.312,0.135417
24.933333,103.34,0.254108
24.950000,103.39,0.290241
24.966667,103.385,0.116647
24.983333,103.404,0.155586
25.000000,103.402,0.00473307
25.016667,103.44,0.375892
25.033333,103.446,0.364232
25.050000,103.447,0.00470703
25.083333,103.511,0.492682
25.116667,103.51,0.23653
25.133333,103.51,0.0011263
25.150000,103.544,0.450918
25.166667,103.54,0.00728516
25.183333,103.459,0.560749
25.200000,103.468,0.0109766
25.216667,103.478,0.145404
25.233333,103.443,0.277858
25.250000,103.47,0.179108
25.266667,103.471,0.00259766
25.283333,103.47,0.364245
25.316667,103.495,0.314128
25.350000,103.497,0.0549219
25.366667,103.521,0.191139
25.383333,103.538,0.217832
25.400000,103.534,0.0880924
25.416667,103.537,0.00450521
25.433333,103.556,0.102624
25.450000,103.582,0.307272
25.466667,81.2642,37.2739
25.483333,103.695,37.1965
25.500000,103.736,0.192923
25.516667,103.736,4.55729e-05
25.533333,103.848,0.232168
25.550000,103.957,0.37554
25.566667,103.995,0.119707
25.600000,104.235,0.632272
25.616667,104.238,0.00575521
25.633333,104.238,0
25.650000,104.426,0.669603
25.666667,104.428,0.00313802
25.683333,104.473,0.289043
25.700000,104.474,0.00335286
25.716667,104.566,0.667721
25.733333,104.57,0.00447917
25.750000,104.602,0.187103
25.766667,104.581,0.310573
25.800000,104.562,0.54127
25.833333,104.519,0.205547
25.850000,104.513,0.337116
25.866667,104.515,0.00477214
25.883333,104.552,0.380052
25.900000,104.556,0.00736328
25.916667,104.586,0.115065
25.933333,104.621,0.347044
25.950000,104.708,0.525065
25.966667,104.747,0.195312
26.000000,104.88,0.583887
26.033333,104.999,0.633952
26.050000,105.002,0.00896484
26.066667,105.035,0.174622
26.083333,105.084,0.401484
26.100000,105.11,0.37763
26.116667,105.113,0.525352
26.133333,105.113,0.000345052
26.150000,105.143,0.7264
26.166667,105.025,0.778724
26.200000,104.975,0.362441
26.233333,104.898,0.359368
26.250000,104.879,0.276068
26.266667,104.806,0.192129
26.283333,104.803,0.00917969
26.300000,104.718,0.631022
26.316667,104.718,0.00371745
26.333333,104.702,0.360482
26.350000,104.702,0.00313802
26.366667,104.682,0.766165
26.383333,104.684,0.00192708
26.400000,104.68,0.100007
26.416667,104.683,0.491471
26.433333,104.684,0.00197266
26.466667,104.725,0.72623
26.500000,104.73,0.0954948
26.516667,104.772,0.336439
26.533333,104.849,0.468555
26.550000,104.849,0.00100911
26.566667,104.918,0.469889
26.583333,104.92,0.00264323
26.600000,104.969,0.488581
26.616667,104.967,0.0048763
26.633333,104.985,0.430215
26.650000,104.991,0.0102734
26.666667,104.999,0.55349
26.683333,105.003,0.215306
26.716667,104.98,0.509928
26.750000,105.021,0.41776
26.766667,105.019,0.0080013
26.783333,105.026,0.458783
26.800000,105.024,0.0116667
26.816667,105.061,0.539167
26.833333,105.061,0.0041862
26.850000,105.072,0.50196
26.866667,105.081,0.204245
26.900000,105.061,0.296387
26.933333,105.054,0.486569
26.950000,105.051,0.00385417
26.966667,105.03,0.614167
26.983333,105.028,0.21263
27.000000,105.044,0.253854
27.016667,105.094,0.318275
27.033333,105.069,0.281159
27.050000,105.1,0.291022
27.066667,105.206,0.572799
27.100000,105.29,0.751699
27.133333,105.335,0.234857
27.166667,105.275,1.35814
27.183333,105.263,0.125065
27.200000,105.264,0.000208333
27.216667,105.237,0.191966
27.233333,105.256,0.477409
27.250000,105.263,0.222611
27.266667,105.262,0.00463542
27.283333,105.257,0.484251
27.300000,105.261,0.735169
27.333333,105.262,0.467279
27.366667,105.219,0.675671
27.400000,105.18,0.294486
27.416667,105.159,0.194453
27.433333,105.16,0.00160156
27.450000,105.094,0.694102
27.466667,105.092,0.00428385
27.483333,104.989,0.511419
27.500000,104.941,0.208613
27.516667,104.692,0.661185
27.550000,104.545,0.38084
27.583333,104.343,0.556159
27.600000,104.308,0.133118
27.616667,104.308,0.00275391
27.633333,104.263,0.165182
27.650000,104.262,0.000520833
27.666667,104.002,0.830924
27.683333,104.001,0.00216797
27.700000,103.953,0.13403
27.716667,103.925,0.164714
27.733333,103.776,0.389688
27.750000,103.712,0.231745
27.766667,103.63,0.328066
27.783333,103.597,0.149408
27.816667,103.558,0.28181
27.833333,103.51,0.160176
27.850000,103.481,0.155885
27.866667,103.426,0.165944
27.883333,103.362,0.435814
27.900000,103.356,0.00876953
27.916667,103.352,0.0737435
27.933333,103.317,0.195924
27.950000,103.277,0.253418
27.966667,103.21,0.229518
27.983333,103.159,0.29916
28.016667,103.148,0.0985091
28.050000,103.122,0.579362
28.066667,103.117,0.00759115
28.083333,103.14,0.352578
28.100000,103.142,0.00227865
28.116667,103.142,0
28.133333,103.121,0.251484
28.150000,103.098,1.09649
28.166667,103.094,0.00960937
28.183333,103.079,0.134329
28.200000,103.076,0.00357422
28.216667,103.076,0
28.233333,103.077,0.215319
28.266667,103.092,0.314336
28.283333,103.094,0.00854167
28.300000,103.095,0.00165365
28.316667,103.104,0.432409
28.333333,103.106,0.00470052
28.350000,103.102,0.18599
28.366667,103.103,0.00511719
28.383333,103.137,0.370391
28.400000,103.137,0.00947266
28.433333,103.163,0.368464
28.466667,103.183,0.27373
28.483333,103.165,0.0846745
28.516667,103.187,0.151784
28.533333,103.201,0.180918
28.550000,103.195,0.243568
28.566667,103.195,0.00270182
28.583333,103.204,0.129499
28.600000,103.202,0.164785
28.616667,103.224,0.127376
28.633333,103.244,0.273848
28.666667,103.283,0.37127
28.683333,103.267,0.0857031
28.716667,103.206,0.325964
28.733333,103.198,0.00911458
28.750000,103.264,0.286133
28.766667,103.265,0.00221354
28.783333,103.282,0.109961
28.800000,103.294,0.103444
28.816667,103.329,0.22347
28.833333,103.329,0.131667
28.850000,103.346,0.110749
28.866667,103.349,0.0943034
28.883333,103.365,0.343522
28.900000,103.367,0.00274089
28.933333,103.355,0.190573
28.950000,103.345,0.178464
28.966667,103.346,0.3239
28.983333,103.354,0.0111523
29.000000,103.359,0.201029
29.016667,103.358,0.00210938
29.033333,103.363,0.272201
29.050000,103.358,0.00742187
29.066667,103.339,0.0699284
29.083333,103.345,0.450319
29.100000,103.345,0
29.133333,103.365,0.188327
29.150000,103.355,0.160254
29.183333,103.377,0.654069
29.200000,103.374,0.00792318
29.216667,103.342,0.302604
29.233333,103.365,0.114544
29.250000,103.369,0.00533854
29.266667,103.372,0.166784
29.283333,103.372,0
29.300000,103.381,0.291055
29.316667,103.396,0.25263
29.333333,103.419,0.302936
29.366667,103.401,0.45571
29.400000,103.365,0.180052
29.416667,103.365,0.147917
29.433333,103.265,0.267077
29.450000,103.273,0.17804
29.466667,103.238,0.239961
29.483333,103.209,0.310645
29.500000,103.207,0.00861979
29.516667,103.165,0.443984
29.533333,103.165,0.00682943
29.550000,103.143,0.239004
29.583333,103.1,0.541484
29.600000,103.078,0.18528
29.633333,103.034,0.16125
29.650000,103.032,0.177715
29.666667,102.938,0.553125
29.683333,102.91,0.121654
29.700000,102.906,0.0051237
29.716667,102.695,0.614557
29.733333,102.687,0.0108138
29.750000,102.673,0.475684
29.766667,102.675,0.00177734
29.800000,102.67,0.336243
29.833333,102.618,0.535592
29.850000,102.616,0.00779948
29.866667,102.608,0.0946549
29.883333,102.606,0.00290365
29.900000,102.563,0.491842
29.916667,102.561,0.00125
29.933333,102.567,0.119792
29.950000,102.533,0.242428
29.966667,102.517,0.443509
29.983333,102.443,0.446068
30.016667,102.402,0.415833
30.050000,102.334,0.481921
30.083333,102.345,0.437246
30.116667,102.295,0.401484
30.133333,102.292,0.00770182
30.150000,102.305,0.104759
30.166667,102.296,0.184674
30.183333,102.288,0.366595
30.200000,102.289,0.00145833
30.216667,102.147,0.776667
30.233333,102.174,0.0809831
30.250000,102.175,0.000625
30.266667,102.175,0
30.300000,102.22,0.502552
30.316667,102.223,0.0655208
30.333333,102.283,0.284167
30.350000,102.347,0.466784
30.366667,102.358,0.116374
30.383333,102.401,0.298164
30.400000,102.402,0.000950521
30.416667,102.421,0.329284
30.433333,102.436,0.758613
30.450000,102.459,0.104264
30.483333,102.544,0.365059
30.516667,102.599,0.618255
30.550000,102.639,0.169375
30.566667,102.619,0.169264
30.583333,102.685,0.400547
30.600000,102.685,0
30.616667,102.695,0.226224
30.633333,102.696,0.00123047
30.650000,102.75,0.513724
30.666667,102.792,0.478724
30.700000,102.787,0.415527
30.716667,102.722,0.288685
30.750000,102.76,0.187292
30.766667,102.778,0.167181
30.783333,102.813,0.232376
30.800000,102.799,0.169271
30.816667,102.858,0.507292
30.833333,102.857,0.00316406
30.850000,102.866,0.124596
30.866667,102.882,0.149199
30.883333,102.955,0.441322
30.900000,102.952,0.005
30.916667,102.983,0.191745
30.950000,103.075,0.595684
30.966667,103.1,0.20082
31.000000,103.13,0.299733
31.016667,103.135,0.141517
31.033333,103.133,0.00289062
31.050000,103.181,0.28112
31.066667,103.181,0.012181
31.083333,103.212,0.36862
31.100000,103.257,0.333971
31.116667,103.229,0.20349
31.133333,103.261,0.098763
31.166667,103.336,0.431784
31.200000,103.34,0.312044
31.233333,103.367,0.366738
31.250000,103.381,0.187214
31.266667,103.381,0.00270833
31.283333,103.392,0.284557
31.300000,103.391,0.00638021
31.316667,103.398,0.13515
31.333333,103.431,0.281204
31.350000,103.473,0.298431
31.383333,103.478,0.417839
31.416667,103.491,0.0675651
31.450000,103.514,0.755892
31.466667,103.51,0.109629
31.483333,103.495,0.175788
31.500000,103.491,0.118926
31.516667,103.51,0.308809
31.533333,103.515,0.157741
31.566667,103.542,0.355189
31.583333,103.545,0.0741797
31.616667,103.568,0.180527
31.633333,103.535,0.149069
31.650000,103.534,0.00511719
31.666667,103.591,0.270703
31.683333,103.624,0.237454
31.700000,103.634,0.158503
31.733333,103.77,0.614772
31.766667,103.895,0.390814
31.800000,104.006,0.330944
31.816667,104.011,0.00692708
31.833333,104.114,0.22166
31.850000,104.157,0.141165
31.866667,104.187,0.177617
31.883333,104.36,0.599434
31.900000,104.358,0.00414063
31.916667,104.38,0.149805
31.933333,104.455,0.364818
31.950000,104.459,0.00724609
31.983333,104.586,0.612559
32.016667,104.581,0.347018
32.033333,104.574,0.155365
32.050000,104.576,0.00313802
32.066667,104.517,0.558464
32.083333,104.516,0.00496745
32.100000,104.475,0.230117
32.116667,104.491,0.534707
32.133333,104.52,0.175371
32.150000,104.6,0.488477
32.166667,104.599,0.00458333
32.200000,104.686,0.79099
32.233333,104.785,0.221276
32.266667,104.902,0.674531
32.283333,104.9,0.00322917
32.300000,104.996,0.490944
32.316667,104.996,0.00509766
32.333333,105.083,0.751628
32.350000,105.079,0.0149219
32.366667,105.106,0.396432
32.383333,105.106,0
32.400000,105.106,0
32.433333,105.093,0.452923
32.466667,104.817,1.79176
32.483333,104.784,0.105475
32.516667,104.725,0.184303
32.533333,104.727,0.00436198
32.550000,104.689,0.557461
32.566667,104.686,0.00520833
32.583333,104.692,0.337233
32.600000,104.695,0.00379557
32.616667,104.623,0.595951
32.633333,104.625,0.00458984
32.650000,104.689,0.365892
32.666667,104.691,0.00468099
32.700000,104.693,0.206628
32.733333,104.652,0.301784
32.766667,104.656,0.00472005
32.783333,104.656,0
32.800000,104.664,0.200469
32.816667,104.664,0.00297526
32.833333,104.67,0.506445
32.850000,104.666,0.0117513
32.866667,104.689,0.102533
32.883333,104.693,0.00608073
32.900000,104.865,1.35633
32.933333,104.923,0.385677
32.966667,105.004,0.723626
33.000000,105.006,0.69444
33.016667,105.031,0.133704
33.033333,105.051,0.228112
33.050000,105.051,0.00351563
33.066667,105.067,0.904974
33.100000,105.076,0.40375
33.133333,105.07,0.465521
33.166667,105.079,0.397611
33.200000,105.022,0.725436
33.216667,104.979,0.287884
33.233333,104.978,0.00369792
33.250000,105.034,0.49765
33.266667,105.035,0.00298828
33.283333,105.078,0.473874
33.300000,105.077,0.0019987
33.316667,105.112,0.180124
33.333333,105.229,0.936842
33.350000,105.232,0.00322266
33.383333,105.289,0.454154
33.416667,105.369,0.306745
33.450000,105.341,1.32969
33.466667,105.336,0.0084375
33.483333,105.34,0.268997
33.500000,105.309,0.221719
33.516667,105.323,0.312064
33.533333,105.303,0.161758
33.550000,105.28,0.767051
33.566667,105.283,0.00468099
33.583333,105.314,0.22668
33.600000,105.31,0.550234
33.633333,105.283,0.341146
33.666667,105.207,0.897233
33.683333,105.205,0.00275391
33.700000,105.069,0.595391
33.716667,105.07,0.00336589
33.733333,104.99,0.338457
33.750000,104.856,0.502676
33.766667,104.856,0.00241536
33.783333,104.672,0.472539
33.800000,104.669,0.00410807
33.816667,104.548,0.378184
33.833333,104.544,0.00436849
33.850000,104.299,0.640085
33.866667,104.286,0.0980794
33.900000,104.203,0.240755
33.916667,104.202,0.00264974
33.933333,104.127,0.173965
33.950000,104.037,0.277793
33.966667,103.942,0.417461
33.983333,103.94,0.00806641
34.000000,103.875,0.234284
34.016667,103.661,0.738177
34.050000,103.649,0.062526
34.083333,103.491,0.641419
34.116667,103.475,0.117865
34.133333,103.43,0.184642
34.150000,103.387,0.316478
34.166667,103.388,0.00338542
34.183333,103.287,0.35403
34.200000,103.288,0.00230469
34.216667,103.14,0.516719
34.233333,103.136,0.0168229
34.250000,103.135,0.0853516
34.266667,103.117,0.340853
34.283333,103.119,0.00652995
34.300000,103.121,0.281836
34.333333,103.133,0.329492
34.350000,103.135,0.00272786
34.366667,103.125,0.104857
34.383333,103.138,0.154206
34.400000,103.148,0.0893164
34.416667,103.149,0.00110026
34.433333,103.033,1.07067
34.450000,103.054,0.0592578
34.466667,103.053,0.0697721
34.483333,103.062,0.13293
34.500000,103.078,0.118743
34.533333,103.091,0.19457
34.566667,103.062,0.384264
34.583333,103.092,0.0786523
34.600000,103.093,0.200495
34.616667,103.096,0.00375651
34.633333,103.121,0.336042
34.650000,103.125,0.00679036
34.666667,103.146,0.195195
34.683333,103.15,0.00514323
34.700000,103.156,0.389753
34.716667,103.15,0.156842
34.750000,103.168,0.242207
34.783333,103.164,0.269486
34.800000,103.169,0.00591146
34.816667,103.19,0.238796
34.833333,103.194,0.0039974
34.850000,103.226,0.215371
34.866667,103.221,0.0919596
34.883333,103.225,0.226914
34.916667,103.245,0.117513
34.950000,103.288,0.346497
34.966667,103.293,0.207982
35.000000,103.265,0.217409
35.016667,103.305,0.182741
35.033333,103.315,0.118405
35.050000,103.331,0.14252
35.066667,103.365,0.381322
35.083333,103.366,0.0066276
35.100000,103.366,0
35.116667,103.386,0.134603
35.133333,103.376,0.202415
35.150000,103.39,0.174375
35.166667,103.37,0.203158
35.183333,103.354,0.133079
35.216667,103.264,0.464915
35.250000,103.29,0.195391
35.266667,103.293,0.00380208
35.283333,103.303,0.174036
35.300000,103.286,0.113001
35.316667,103.288,0.0761849
35.333333,103.301,0.148424
35.350000,103.324,0.481133
35.366667,103.323,0.001875
35.400000,103.327,0.0826107
35.416667,103.326,0.145273
35.450000,103.442,0.584245
35.466667,103.437,0.119635
35.483333,103.433,0.00426432
35.500000,103.414,0.119961
35.516667,103.406,0.502064
35.550000,103.396,0.326777
35.583333,103.406,0.307962
35.616667,103.344,0.404961
35.650000,103.32,0.412663
35.666667,103.325,0.00786458
35.683333,103.29,0.179102
35.700000,103.288,0.00528646
35.716667,103.231,0.407181
35.733333,103.176,0.432194
35.750000,103.174,0.00686849
35.766667,103.159,0.300781
35.783333,103.13,0.207572
35.816667,103.095,0.376224
35.850000,102.996,0.498802
35.866667,103.006,0.143066
35.900000,103.005,0.159447
35.916667,103.005,0
35.933333,102.922,0.481042
35.950000,102.919,0.112812
35.966667,102.901,0.189824
35.983333,102.899,0.00465495
