0.000000,105.719,0
0.016667,105.723,0.100859
0.033333,105.729,0.101966
0.050000,105.779,0.517161
0.066667,105.793,0.216536
0.083333,105.791,0.00597005
0.100000,105.841,0.377754
0.116667,105.88,0.329889
0.133333,105.916,0.315729
0.150000,105.955,0.224004
0.183333,106.001,0.252793
0.200000,106.017,0.342624
0.216667,106.086,0.393288
0.233333,106.004,0.791387
0.266667,106.016,0.652591
0.300000,106.02,0.526315
0.333333,106.009,0.545951
0.350000,106.044,0.420599
0.366667,106.043,0.00114583
0.383333,106.053,0.175293
0.416667,106.017,0.627174
0.433333,105.944,0.764368
0.466667,105.923,0.465319
0.500000,105.828,0.623294
0.533333,105.81,0.136406
0.550000,105.773,0.243633
0.566667,105.773,0
0.583333,105.537,0.749316
0.600000,105.495,0.0951497
0.616667,105.435,0.188001
0.633333,105.175,0.626966
0.666667,105.119,0.248887
0.700000,104.923,0.538848
0.733333,104.86,0.178333
0.766667,104.78,0.342786
0.783333,104.688,0.212656
0.800000,104.632,0.179316
0.816667,104.606,0.135443
0.833333,104.531,0.363066
0.866667,104.36,0.592878
0.900000,104.289,0.287604
0.933333,104.244,0.299674
0.966667,104.176,0.303978
0.983333,104.178,0.00287109
1.000000,104.178,0.0003125
1.016667,104.015,0.549499
1.033333,104.006,0.0920312
1.050000,104,0.0711589
1.066667,103.984,0.200801
1.083333,103.955,0.248861
1.100000,103.951,0.0462956
1.116667,103.915,0.181257
1.150000,103.921,0.414629
1.183333,103.931,0.295221
1.200000,103.931,0
1.216667,103.931,0
1.233333,103.908,0.641979
1.250000,103.9,0.0883073
1.266667,103.896,0.0772266
1.283333,103.91,0.144043
1.300000,103.91,0
1.316667,103.917,0.196322
1.333333,103.91,0.0987826
1.350000,103.879,0.567936
1.383333,103.887,0.0613737
1.400000,103.88,0.156693
1.433333,103.87,0.334681
1.466667,103.892,0.215436
1.483333,103.892,0
1.500000,103.907,0.333249
1.516667,103.893,0.111947
1.533333,103.897,0.0627083
1.550000,103.898,0.0376107
1.566667,103.898,0
1.583333,103.903,0.176328
1.600000,103.91,0.415618
1.633333,103.929,0.330293
1.666667,103.94,0.213151
1.700000,103.932,0.244857
1.716667,103.933,0.00093099
1.733333,103.966,0.213704
1.750000,103.967,0.00164062
1.766667,103.97,0.0889648
1.783333,103.96,0.323646
1.800000,103.958,0.00136068
1.816667,103.974,0.209993
1.850000,104.04,0.474036
1.883333,104.056,0.135736
1.916667,104.09,0.367103
1.950000,104.087,0.140384
1.966667,104.087,0.00159505
1.983333,104.087,0
2.000000,104.073,0.292044
2.016667,104.062,0.0829362
2.033333,104.065,0.119642
2.050000,104.053,0.0730078
2.066667,104.062,0.367754
2.100000,104.064,0.138971
2.133333,104.058,0.378184
2.166667,104.06,0.0804492
2.183333,104.076,0.0801758
2.200000,104.058,0.279421
2.216667,104.058,0
2.233333,104.058,0
2.250000,104.074,0.364551
2.266667,104.078,0.0747005
2.283333,104.032,0.291322
2.300000,104.046,0.123574
2.316667,104.043,0.273548
2.350000,103.491,0.735033
2.383333,103.519,0.633288
2.400000,103.517,0.00330078
2.416667,103.511,0.0841602
2.433333,103.46,0.473743
2.450000,103.459,0.00227214
2.466667,103.458,0.0572591
2.483333,103.458,0
2.500000,103.438,0.228444
2.516667,103.413,0.344186
2.533333,103.404,0.222533
2.566667,103.352,0.530026
2.600000,103.347,0.0635612
2.633333,103.235,0.713027
2.666667,103.197,0.29569
2.683333,103.193,0.00535156
2.700000,103.193,0
2.716667,103.136,0.339785
2.733333,103.11,0.291178
2.750000,103.096,0.129023
2.766667,103.054,0.323822
2.800000,103.036,0.295911
2.833333,102.986,0.397845
2.866667,102.943,0.305234
2.883333,102.941,0.00397135
2.900000,102.903,0.467904
2.916667,102.902,0.00440104
2.933333,102.846,0.360488
2.950000,102.847,0.00109375
2.966667,102.841,0.29694
2.983333,102.82,0.382279
3.000000,102.759,0.293776
3.033333,102.742,0.34696
3.066667,102.745,0.120553
3.100000,102.641,0.48873
3.133333,102.572,0.708613
3.150000,102.571,0.00474609
3.166667,102.553,0.372279
3.183333,102.551,0.00347005
3.200000,102.555,0.0683529
3.216667,102.555,0
3.233333,102.496,0.640156
3.250000,102.501,0.0328906
3.266667,102.51,0.130247
3.283333,102.513,0.175788
3.300000,102.527,0.207793
3.316667,102.555,0.467832
3.350000,102.562,0.501914
3.383333,102.586,0.137083
3.416667,102.618,0.399395
3.433333,102.642,0.237422
3.450000,102.659,0.329134
3.466667,102.664,0.0944206
3.483333,102.664,0.000416667
3.500000,102.73,0.514349
3.516667,102.727,0.081556
3.533333,102.757,0.247376
3.550000,102.807,0.34304
3.583333,102.838,0.619414
3.616667,102.876,0.355729
3.633333,102.876,0
3.650000,102.884,0.11194
3.666667,102.874,0.283965
3.683333,102.876,0.215312
3.700000,102.928,0.358639
3.733333,102.967,0.636296
3.750000,102.97,0.0863411
3.783333,102.987,0.391641
3.816667,103.001,0.158333
3.833333,103.021,0.19724
3.850000,103.037,0.0948177
3.866667,103.05,0.289082
3.883333,103.074,0.273561
3.900000,103.102,0.255658
3.933333,103.129,0.570566
3.950000,103.154,0.111139
3.983333,103.177,0.269069
4.016667,103.228,0.488092
4.033333,103.23,0.00282552
4.050000,103.238,0.0905534
4.066667,103.252,0.42196
4.083333,103.251,0.00216797
4.100000,103.296,0.241387
4.116667,103.29,0.10806
4.133333,103.355,0.302129
4.166667,103.353,0.384147
4.200000,103.386,0.240566
4.216667,103.387,0.00154297
4.233333,103.445,0.411823
4.250000,103.446,0.00802734
4.266667,103.446,0
4.283333,103.471,0.244948
4.300000,103.489,0.387643
4.333333,103.512,0.206771
4.350000,103.527,0.0873828
4.383333,103.584,0.575749
4.416667,103.604,0.22222
4.450000,103.603,0.29709
4.466667,103.603,0
4.483333,103.62,0.622135
4.500000,103.625,0.0588411
4.516667,103.624,0.0962826
4.533333,103.619,0.148034
4.550000,103.634,0.161725
4.583333,103.648,0.380716
4.616667,103.634,0.301699
4.650000,103.651,0.368704
4.683333,103.666,0.178568
4.700000,103.67,0.00526042
4.716667,103.67,0
4.733333,103.727,0.403776
4.750000,103.723,0.200814
4.766667,103.739,0.0627799
4.783333,103.739,0
4.800000,103.837,0.272884
4.816667,103.956,0.537982
4.850000,104.062,0.29485
4.883333,104.201,0.389421
4.916667,104.324,0.382871
4.933333,104.324,3.90625e-05
4.950000,104.412,0.33362
4.966667,104.43,0.184427
4.983333,104.49,0.352923
5.000000,104.49,0.00474609
5.016667,104.531,0.261289
5.033333,104.618,0.314447
5.050000,104.629,0.201061
5.066667,104.598,0.309245
5.100000,104.65,0.294544
5.133333,104.543,0.482025
5.166667,104.569,0.31651
5.183333,104.575,0.00885417
5.200000,104.594,0.398008
5.216667,104.593,0.00169922
5.233333,104.593,0
5.250000,104.669,0.717656
5.266667,104.773,0.348555
5.283333,104.842,0.189883
5.316667,104.992,0.864264
5.350000,105.091,0.376693
5.383333,105.154,0.786341
5.400000,105.154,0.00294271
5.416667,105.162,0.147786
5.433333,105.182,0.719583
5.450000,105.184,0.00357422
5.466667,105.177,0.821934
5.483333,105.185,0.111758
5.516667,105.185,0
5.550000,105.099,0.502982
5.583333,105.032,0.221204
5.600000,105.032,0.00317057
5.616667,104.889,1.00725
5.633333,104.888,0.00227214
5.650000,104.817,0.731224
5.666667,104.821,0.188841
5.683333,104.858,0.312096
5.716667,104.849,0.303548
5.750000,104.809,0.451569
5.783333,104.809,0.0034375
5.800000,104.538,0.61403
5.816667,104.532,0.00858073
5.833333,104.478,0.124421
5.850000,104.477,0.00213542
5.883333,104.467,0.0219792
5.900000,104.679,0.785736
5.933333,104.753,0.331771
5.950000,104.815,0.331628
5.983333,104.814,0.201009
6.000000,104.814,0.000410156
6.016667,104.847,0.25554
6.033333,104.884,0.169922
6.050000,104.883,0.180046
6.066667,104.979,0.994062
6.083333,104.981,0.00188802
6.100000,105.034,0.602305
6.116667,105.051,0.280397
6.150000,105.076,0.576204
6.183333,105.092,0.358164
6.216667,105.114,0.234896
6.233333,105.09,0.344577
6.250000,105.098,0.423672
6.266667,105.096,0.0020638
6.283333,105.097,0.236309
6.300000,105.091,0.387305
6.316667,105.07,0.43168
6.333333,105.114,0.203542
6.366667,105.134,0.285938
6.400000,105.188,0.497884
6.433333,105.302,0.965742
6.450000,105.304,0.00217448
6.466667,105.323,0.0555859
6.483333,105.376,0.545111
6.500000,105.378,0.00231771
6.516667,105.406,0.854427
6.533333,105.416,0.258633
6.566667,105.469,0.665762
6.600000,105.438,0.430801
6.633333,105.435,0.222708
6.650000,105.433,0.00270182
6.666667,105.407,0.850332
6.683333,105.431,0.197376
6.700000,105.437,0.241758
6.716667,105.415,0.269121
6.733333,105.399,0.395397
6.750000,105.392,0.25196
6.766667,105.349,0.550671
6.800000,105.311,0.279863
6.833333,105.189,0.75597
6.866667,105.146,0.201549
6.883333,105.144,0.00273437
6.900000,104.996,0.446113
6.916667,104.927,0.177493
6.933333,104.923,0.00519531
6.950000,104.603,0.903548
6.966667,104.567,0.143724
7.000000,104.495,0.20209
7.033333,104.288,0.553034
7.066667,104.24,0.160573
7.083333,104.103,0.305124
7.100000,103.992,0.391022
7.116667,103.974,0.0901172
7.133333,103.949,0.160215
7.150000,103.942,0.105482
7.166667,103.942,0
7.183333,103.819,0.334902
7.200000,103.765,0.288392
7.233333,103.663,0.394349
7.250000,103.659,0.0741276
7.283333,103.508,0.58543
7.300000,103.508,0.00210286
7.316667,103.41,0.26778
7.333333,103.406,0.0861784
7.350000,103.381,0.119746
7.366667,103.38,0.00196615
7.383333,103.375,0.0967057
7.400000,103.361,0.313815
7.416667,103.346,0.339128
7.450000,103.336,0.238568
7.483333,103.322,0.158717
7.500000,103.321,0.0930729
7.533333,103.334,0.792565
7.550000,103.333,0.00591797
7.566667,103.337,0.0842187
7.583333,103.335,0.305534
7.600000,103.333,0.00403646
7.616667,103.336,0.0963411
7.633333,103.317,0.165801
7.650000,103.302,0.129453
7.666667,103.309,0.326875
7.700000,103.309,0.0883984
7.733333,103.316,0.429173
7.766667,103.314,0.180638
7.783333,103.315,0.00203125
7.800000,103.315,0
7.816667,103.318,0.323418
7.833333,103.318,0.00278646
7.850000,103.319,0.137982
7.866667,103.319,0
7.883333,103.303,0.368789
7.900000,103.311,0.106673
7.916667,103.325,0.263529
7.950000,103.345,0.240397
7.983333,103.373,0.18334
8.000000,103.374,0.00356771
8.016667,103.374,0.341719
8.033333,103.374,0.00445312
8.050000,103.381,0.0498372
8.066667,103.381,0
8.083333,103.388,0.215951
8.100000,103.38,0.234818
8.116667,103.379,0.00114583
8.133333,103.395,0.172187
8.150000,103.421,0.363047
8.183333,103.443,0.202077
8.216667,103.477,0.407695
8.233333,103.476,0.000208333
8.250000,103.476,0
8.266667,103.487,0.0888932
8.283333,103.503,0.123333
8.300000,103.5,0.116882
8.316667,103.487,0.109069
8.333333,103.486,0.00129557
8.350000,103.472,0.280443
8.383333,103.463,0.371055
8.416667,103.455,0.117461
8.433333,103.469,0.0653516
8.450000,103.458,0.26179
8.466667,103.459,0.00113281
8.483333,103.474,0.239479
8.500000,103.474,0.0505143
8.516667,103.458,0.218027
8.550000,103.497,0.410599
8.583333,103.523,0.371536
8.616667,103.515,0.368079
8.633333,103.515,0.00434896
8.650000,103.515,0
8.666667,103.498,0.413281
8.683333,103.516,0.137148
8.700000,103.515,0.00145833
8.716667,103.454,0.565645
8.750000,103.445,0.302389
8.783333,103.398,0.205553
8.816667,103.355,0.447598
8.833333,103.35,0.010651
8.850000,103.35,0.00114583
8.866667,103.36,0.252611
8.883333,103.319,0.323418
8.900000,103.317,0.102318
8.916667,103.298,0.173613
8.933333,103.276,0.175384
8.950000,103.251,0.232637
8.966667,103.214,0.218392
8.983333,103.171,0.308288
9.016667,103.105,0.571387
9.050000,103.088,0.255469
9.066667,103.09,0.00201172
9.083333,103.068,0.172487
9.100000,103.003,0.433151
9.116667,103.003,0.00598307
9.133333,102.955,0.219193
9.150000,102.934,0.162188
9.166667,102.932,0.00223958
9.183333,102.85,0.65388
9.216667,102.851,0.0995508
9.250000,102.826,0.610658
9.283333,102.807,0.170111
9.300000,102.804,0.242142
9.316667,102.708,0.437923
9.333333,102.705,0.00515625
9.350000,102.706,0.13444
9.366667,102.71,0.112292
9.383333,102.653,0.381283
9.400000,102.656,0.143027
9.416667,102.637,0.139707
9.433333,102.608,0.243626
9.466667,102.559,0.690911
9.500000,102.554,0.0839128
9.533333,102.529,0.615247
9.550000,102.53,0.00534505
9.566667,102.547,0.292624
9.583333,102.547,0
9.600000,102.558,0.36873
9.616667,102.569,0.195085
9.633333,102.569,0.199082
9.650000,102.61,0.427422
9.683333,102.612,0.239941
9.716667,102.64,0.371673
9.750000,102.681,0.560885
9.766667,102.681,0.00285807
9.783333,102.699,0.464655
9.800000,102.712,0.0723437
9.816667,102.714,0.00159505
9.833333,102.75,0.44181
9.850000,102.747,0.00736328
9.866667,102.791,0.225801
9.883333,102.815,0.467057
9.916667,102.858,0.277214
9.950000,102.852,0.433613
9.966667,102.856,0.303965
9.983333,102.894,0.206211
10.000000,102.911,0.134076
10.016667,102.913,0.00231771
10.033333,102.93,0.197572
10.050000,102.97,0.587435
10.066667,102.992,0.0903776
10.083333,103.01,0.302604
10.116667,103.048,0.407734
10.150000,103.067,0.176309
10.166667,103.062,0.139564
10.183333,103.104,0.356361
10.200000,103.107,0.0710221
10.216667,103.107,0
10.233333,103.178,0.281569
10.250000,103.199,0.441328
10.266667,103.207,0.103301
10.283333,103.237,0.262012
10.316667,103.296,0.448835
10.333333,103.296,2.60417e-05
10.366667,103.308,0.248887
10.400000,103.328,0.575469
10.416667,103.33,0.109941
10.433333,103.33,0
10.450000,103.363,0.259518
10.466667,103.363,0.000208333
10.483333,103.417,0.576335
10.500000,103.435,0.102871
10.533333,103.49,0.483424
10.550000,103.495,0.0554492
10.583333,103.51,0.208958
10.616667,103.546,0.375371
10.650000,103.564,0.0747266
10.666667,103.567,0.095638
10.683333,103.64,0.467057
10.700000,103.637,0.00855469
10.716667,103.637,0
10.733333,103.642,0.171035
10.750000,103.653,0.364017
10.766667,103.649,0.044707
10.783333,103.653,0.47681
10.816667,103.645,0.143132
10.833333,103.64,0.270488
10.866667,103.655,0.123398
10.883333,103.655,0
10.900000,103.655,0.398796
10.916667,103.655,0.00680339
10.933333,103.667,0.237077
10.950000,103.677,0.0489909
10.966667,103.633,0.636908
11.000000,103.662,0.146074
11.033333,103.759,0.458646
11.066667,103.809,0.173275
11.083333,103.809,0
11.100000,103.823,0.113711
11.116667,103.823,0
11.133333,103.986,0.556426
11.150000,104.032,0.128678
11.166667,104.08,0.145417
11.183333,104.185,0.289368
11.200000,104.258,0.310918
11.233333,104.312,0.149076
11.250000,104.461,0.397129
11.283333,104.516,0.425697
11.300000,104.516,7.16146e-05
11.316667,104.516,0
11.333333,104.602,0.517897
11.350000,104.633,0.160664
11.366667,104.622,0.152467
11.383333,104.621,0.00117187
11.400000,104.628,0.558164
11.416667,104.593,0.36584
11.450000,104.584,0.530085
11.483333,104.602,0.253385
11.516667,104.659,0.554824
11.550000,104.748,0.451061
11.566667,104.748,0
11.583333,104.748,0
11.600000,104.866,0.415957
11.616667,104.908,0.360065
11.633333,104.983,0.315898
11.650000,105.015,0.248079
11.666667,105.128,0.737461
11.700000,105.205,0.513424
11.733333,105.214,0.131549
11.766667,105.186,1.37348
11.783333,105.188,0.00408854
11.800000,105.196,0.105293
11.816667,105.195,0.00123698
11.833333,105.078,0.522552
11.850000,105.035,0.128984
11.866667,105.035,0
11.883333,105.035,0
11.900000,104.899,0.994837
11.916667,104.864,0.15334
11.950000,104.779,0.652389
11.983333,104.795,0.244792
12.016667,104.834,0.346133
12.033333,104.817,0.286712
12.050000,104.835,0.476276
12.066667,104.835,0.000240885
12.083333,104.839,0.058444
12.100000,104.85,0.152995
12.116667,104.926,0.728822
12.133333,104.943,0.0742448
12.166667,104.994,0.507975
12.200000,105.026,0.394779
12.233333,105.02,0.226452
12.266667,105.035,0.492611
12.283333,105.035,0.00464193
12.300000,105.06,0.237786
12.316667,105.07,0.32957
12.333333,105.062,0.287617
12.350000,105.103,0.448913
12.383333,105.146,0.498776
12.416667,105.159,0.520397
12.450000,105.182,0.466478
12.466667,105.182,0.00203125
12.483333,105.187,0.293913
12.500000,105.191,0.210007
12.516667,105.2,0.132799
12.533333,105.2,0.300228
12.550000,105.2,0
12.566667,105.181,0.659538
12.600000,105.23,0.671309
12.633333,105.258,0.43526
12.666667,105.325,0.605228
12.683333,105.364,0.277643
12.700000,105.365,0.00108073
12.716667,105.389,0.219173
12.733333,105.425,0.227565
12.750000,105.425,0
12.766667,105.519,0.736016
12.783333,105.478,0.46306
12.800000,105.453,0.234961
12.816667,105.463,0.681432
12.850000,105.454,0.478158
12.883333,105.461,0.236191
12.916667,105.487,0.968477
12.933333,105.487,0
12.950000,105.487,0
12.966667,105.441,0.537064
12.983333,105.438,0.34123
13.000000,105.401,0.303021
13.016667,105.409,0.170365
13.033333,105.306,0.803594
13.066667,105.246,0.357572
13.100000,105.122,0.552454
13.133333,104.995,0.315501
13.150000,104.995,3.25521e-05
13.166667,104.781,0.589004
13.183333,104.776,0.00623698
13.200000,104.776,0
13.216667,104.568,0.504831
13.233333,104.561,0.111484
13.250000,104.446,0.323496
13.266667,104.288,0.484258
13.300000,104.219,0.313092
13.333333,104.056,0.397533
13.366667,103.998,0.266393
13.383333,103.998,0
13.400000,103.998,0
13.416667,103.77,0.855599
13.433333,103.769,0.0023763
13.450000,103.709,0.216458
13.483333,103.644,0.354056
13.516667,103.629,0.0935221
13.533333,103.538,0.459362
13.566667,103.463,0.22707
13.583333,103.457,0.00703776
13.600000,103.443,0.108262
13.616667,103.429,0.184414
13.633333,103.384,0.26832
13.650000,103.373,0.0411003
13.666667,103.358,0.0992253
13.683333,103.346,0.472337
13.716667,103.342,0.193346
13.750000,103.371,0.384375
13.783333,103.34,0.38931
13.800000,103.341,0.0672591
13.816667,103.334,0.114212
13.833333,103.342,0.155736
13.850000,103.352,0.113633
13.866667,103.352,0.000638021
13.883333,103.333,0.196094
13.900000,103.317,0.156504
13.916667,103.306,0.389948
13.933333,103.312,0.125566
13.966667,103.298,0.370449
14.000000,103.308,0.139811
14.033333,103.313,0.344427
14.050000,103.314,0.00121094
14.066667,103.314,0
14.083333,103.299,0.209049
14.100000,103.301,0.00335286
14.116667,103.315,0.17056
14.133333,103.318,0.205137
14.150000,103.322,0.146855
14.183333,103.334,0.458151
14.216667,103.349,0.149368
14.250000,103.345,0.0851823
14.283333,103.362,0.48222
14.316667,103.345,0.191283
14.333333,103.345,0.00113932
14.350000,103.353,0.101217
14.366667,103.376,0.0825977
14.383333,103.376,0
14.400000,103.412,0.239284
14.416667,103.447,0.340618
14.433333,103.455,0.0897786
14.466667,103.497,0.465228
14.500000,103.494,0.153275
14.533333,103.48,0.2761
14.550000,103.48,0
14.566667,103.462,0.0991602
14.583333,103.463,0.212109
14.600000,103.463,0.000585937
14.616667,103.466,0.341628
14.650000,103.465,0.0660156
14.683333,103.467,0.470977
14.716667,103.488,0.150345
14.750000,103.466,0.274323
14.766667,103.464,0.00623698
14.783333,103.464,0
14.800000,103.485,0.367109
14.816667,103.491,0.0659049
14.833333,103.455,0.300918
14.850000,103.468,0.239212
14.883333,103.483,0.259753
14.916667,103.488,0.486999
14.950000,103.502,0.253184
14.983333,103.458,0.463919
15.000000,103.457,0.00322266
15.016667,103.459,0.0613021
15.033333,103.434,0.24401
15.050000,103.433,0.00282552
15.066667,103.411,0.357103
15.083333,103.407,0.0996615
15.100000,103.407,0.000208333
15.116667,103.404,0.282943
15.133333,103.336,0.447422
15.166667,103.32,0.120384
15.200000,103.179,0.812969
15.233333,103.173,0.0852865
15.250000,103.174,0.106667
15.266667,103.142,0.175794
15.283333,103.081,0.457005
15.300000,103.083,0.172383
15.316667,103.061,0.155332
15.333333,103.05,0.119447
15.366667,103.033,0.188066
15.400000,102.932,0.749173
15.433333,102.905,0.142285
15.450000,102.909,0.132077
15.466667,102.907,0.0998763
15.483333,102.852,0.388301
15.500000,102.852,0.000533854
15.516667,102.843,0.307064
15.533333,102.823,0.139076
15.550000,102.825,0.192962
15.566667,102.757,0.323262
15.583333,102.735,0.346068
15.616667,102.677,0.418822
15.650000,102.638,0.356374
15.666667,102.638,0.00396484
15.683333,102.599,0.207669
15.700000,102.579,0.289277
15.716667,102.577,0.00186198
15.733333,102.547,0.461042
15.750000,102.545,0.00408854
15.766667,102.562,0.12625
15.783333,102.499,0.707324
15.816667,102.502,0.0698112
15.850000,102.551,0.631667
15.883333,102.557,0.129056
15.900000,102.558,0.00313802
15.916667,102.566,0.561335
15.933333,102.589,0.100898
15.950000,102.604,0.11623
15.966667,102.622,0.267305
15.983333,102.66,0.575488
16.000000,102.666,0.101217
16.033333,102.723,0.551582
16.066667,102.747,0.325046
16.100000,102.805,0.303346
16.133333,102.801,0.412129
16.150000,102.832,0.130176
16.166667,102.843,0.170208
16.183333,102.843,0.00138672
16.200000,102.865,0.249128
16.216667,102.885,0.139687
16.233333,102.875,0.542161
16.250000,102.875,0.00386719
16.266667,102.896,0.127819
16.283333,102.95,0.555195
16.316667,102.955,0.591862
16.350000,103.004,0.282585
16.383333,103.037,0.356797
16.400000,103.034,0.00375651
16.416667,103.046,0.196445
16.433333,103.068,0.378835
16.450000,103.068,0.00369792
16.466667,103.068,0
16.483333,103.118,0.36125
16.500000,103.117,0.273613
16.516667,103.143,0.173105
16.533333,103.147,0.214062
16.550000,103.16,0.0697526
16.566667,103.223,0.546146
16.600000,103.261,0.228919
16.633333,103.291,0.492637
16.650000,103.291,0
16.666667,103.285,0.060918
16.683333,103.285,0
16.700000,103.376,0.574863
16.733333,103.386,0.262565
16.766667,103.44,0.379857
16.800000,103.448,0.154681
16.833333,103.466,0.26181
16.850000,103.466,0
16.866667,103.48,0.38554
16.883333,103.483,0.124857
16.900000,103.483,0
16.916667,103.507,0.201335
16.933333,103.537,0.330182
16.950000,103.565,0.117383
16.966667,103.592,0.273249
17.000000,103.603,0.359655
17.033333,103.611,0.53873
17.066667,103.63,0.191393
17.083333,103.63,0.00205078
17.100000,103.634,0.239564
17.116667,103.644,0.0875195
17.133333,103.635,0.23457
17.150000,103.647,0.0987174
17.166667,103.639,0.104701
17.183333,103.656,0.208796
17.200000,103.667,0.387155
17.233333,103.67,0.17332
17.266667,103.662,0.118496
17.300000,103.738,0.620098
17.333333,103.836,0.259564
17.350000,103.836,0.000416667
17.366667,103.906,0.294746
17.383333,103.957,0.212663
17.400000,103.96,0.00344401
17.416667,104.065,0.347402
17.433333,104.212,0.348997
17.466667,104.326,0.4089
17.500000,104.442,0.537715
17.533333,104.501,0.297591
17.566667,104.63,0.639661
17.600000,104.638,0.149102
17.616667,104.638,0.0023112
17.633333,104.631,0.0802604
17.650000,104.663,0.521895
17.666667,104.594,0.226999
17.683333,104.566,0.063776
17.700000,104.544,0.123542
17.716667,104.576,0.367676
17.733333,104.581,0.320365
17.766667,104.658,0.542077
17.800000,104.727,0.380892
17.833333,104.844,0.445378
17.850000,104.912,0.300078
17.866667,104.913,0.000957031
17.883333,104.985,0.528522
17.900000,105.027,0.136816
17.916667,105.027,0
17.933333,105.113,0.752318
17.950000,105.172,0.438743
17.983333,105.182,0.751068
18.016667,105.203,0.187396
18.050000,105.121,0.976204
18.066667,105.122,0.0011849
18.083333,105.122,0
18.100000,105.122,0
18.116667,105.122,0
18.133333,105.04,0.45625
18.150000,104.991,0.192201
18.166667,104.896,0.824642
18.183333,104.891,0.375026
18.216667,104.832,0.628757
18.250000,104.852,0.22362
18.283333,104.814,0.719681
18.300000,104.813,0.000833333
18.316667,104.818,0.0405859
18.333333,104.818,0
18.350000,104.521,0.681816
18.366667,104.47,0.10041
18.383333,104.465,0.0318424
18.400000,104.465,0
18.433333,104.647,0.980026
18.466667,104.699,0.216647
18.500000,104.7,0.00602214
18.516667,104.816,0.630247
18.533333,104.817,0.00592448
18.550000,104.824,0.16151
18.566667,104.822,0.00203125
18.583333,104.895,0.59099
18.600000,104.895,0.00153646
18.616667,104.934,0.571283
18.633333,104.995,0.749082
18.666667,105.023,0.270423
18.683333,105.024,0.00115234
18.700000,105.035,0.24623
18.716667,105.063,0.262324
18.733333,105.076,0.265879
18.750000,105.074,0.29847
18.766667,105.074,0.777181
18.783333,105.078,0.159479
18.816667,105.095,0.433138
18.850000,105.078,0.616165
18.883333,105.119,0.401133
18.916667,105.182,0.611458
18.933333,105.184,0.0021875
18.950000,105.199,0.091862
18.966667,105.225,0.219395
18.983333,105.254,0.355508
19.000000,105.322,0.565742
19.016667,105.322,0.00123698
19.033333,105.379,0.521191
19.050000,105.433,0.354395
19.083333,105.437,0.74597
19.116667,105.478,0.58735
19.150000,105.463,0.221816
19.166667,105.463,0
19.183333,105.437,0.507539
19.200000,105.463,0.317526
19.216667,105.411,0.450365
19.233333,105.438,0.266087
19.250000,105.454,0.242689
19.266667,105.454,0
19.283333,105.384,0.930898
19.316667,105.359,0.464661
19.350000,105.27,0.659889
19.383333,105.204,0.424896
19.400000,105.205,0.00123698
19.416667,105.151,0.18293
19.433333,105.056,0.291764
19.450000,105.001,0.177767
19.466667,104.92,0.232233
19.483333,104.877,0.144219
19.500000,104.642,0.595059
19.516667,104.611,0.128841
19.550000,104.383,0.672025
19.583333,104.302,0.20472
19.600000,104.302,0.000533854
19.616667,104.302,0
19.633333,104.078,0.578776
19.650000,103.99,0.251133
19.666667,103.977,0.104954
19.683333,103.94,0.196107
19.700000,103.929,0.0799349
19.716667,103.802,0.410404
19.733333,103.74,0.300267
19.766667,103.649,0.359811
19.800000,103.639,0.0847201
19.816667,103.624,0.0585091
19.833333,103.597,0.230996
19.850000,103.513,0.302428
19.866667,103.513,0.000520833
19.883333,103.394,0.330371
19.900000,103.365,0.18584
19.916667,103.364,0.0851693
19.933333,103.349,0.204759
19.966667,103.332,0.267982
20.000000,103.311,0.363451
20.033333,103.293,0.352747
20.050000,103.291,0.00567057
20.066667,103.291,0
20.083333,103.289,0.683385
20.100000,103.298,0.0854622
20.116667,103.3,0.0781966
20.133333,103.303,0.153503
20.150000,103.298,0.165371
20.166667,103.284,0.258014
20.200000,103.267,0.362598
20.233333,103.291,0.169837
20.250000,103.291,0
20.266667,103.291,0
20.283333,103.281,0.259746
20.300000,103.289,0.118483
20.316667,103.291,0.00156901
20.333333,103.293,0.423626
20.350000,103.298,0.0840234
20.383333,103.305,0.181354
20.416667,103.286,0.357826
20.450000,103.292,0.0872396
20.466667,103.292,0
20.483333,103.305,0.272148
20.500000,103.321,0.115286
20.516667,103.32,0.00157552
20.533333,103.349,0.268613
20.550000,103.324,0.234661
20.583333,103.348,0.113372
20.616667,103.365,0.281243
20.650000,103.384,0.358913
20.683333,103.401,0.182858
20.700000,103.401,0
20.716667,103.406,0.192148
20.733333,103.426,0.198451
20.750000,103.428,0.0494661
20.766667,103.428,0
20.783333,103.465,0.405234
20.800000,103.472,0.0603906
20.816667,103.498,0.170885
20.850000,103.489,0.130358
20.883333,103.44,0.331816
20.900000,103.443,0.0342122
20.916667,103.45,0.111895
20.933333,103.449,0.304701
20.950000,103.447,0.00354167
20.966667,103.436,0.0904232
20.983333,103.455,0.0735612
21.000000,103.445,0.258815
21.016667,103.439,0.102311
21.033333,103.45,0.139193
21.050000,103.453,0.0863477
21.066667,103.465,0.459798
21.100000,103.495,0.204134
21.133333,103.516,0.301556
21.166667,103.495,0.354258
21.183333,103.521,0.114154
21.200000,103.52,0.00186849
21.216667,103.479,0.287845
21.233333,103.495,0.1361
21.250000,103.495,0.00345052
21.266667,103.509,0.29735
21.283333,103.447,0.246035
21.300000,103.448,0.207005
21.316667,103.439,0.148783
21.333333,103.439,0
21.350000,103.404,0.352214
21.366667,103.355,0.359251
21.400000,103.361,0.162695
21.416667,103.358,0.0941211
21.433333,103.312,0.380046
21.450000,103.284,0.300475
21.466667,103.282,0.00719401
21.483333,103.282,0
21.500000,103.217,0.425111
21.516667,103.198,0.148438
21.533333,103.154,0.325951
21.566667,103.095,0.517695
21.600000,103.076,0.269674
21.616667,103.078,0.00179688
21.633333,103.078,0
21.650000,103.004,0.455007
21.666667,102.985,0.105944
21.683333,102.936,0.261257
21.700000,102.918,0.1486
21.716667,102.836,0.565117
21.750000,102.828,0.261602
21.766667,102.83,0.177624
21.800000,102.799,0.401908
21.833333,102.813,0.287409
21.850000,102.812,0.00129557
21.866667,102.723,0.506439
21.883333,102.699,0.134538
21.900000,102.708,0.181139
21.916667,102.659,0.445033
21.950000,102.638,0.294154
21.983333,102.574,0.559967
22.016667,102.557,0.368991
22.033333,102.558,0.0060026
22.050000,102.553,0.0898763
22.066667,102.553,0
22.083333,102.527,0.662181
22.100000,102.526,0.0507878
22.116667,102.555,0.334668
22.133333,102.549,0.199414
22.166667,102.577,0.448704
22.200000,102.601,0.322018
22.233333,102.622,0.539564
22.250000,102.622,0.00509115
22.266667,102.641,0.175143
22.283333,102.653,0.0988867
22.300000,102.684,0.423548
22.316667,102.683,0.0601823
22.333333,102.717,0.48584
22.366667,102.752,0.482982
22.400000,102.772,0.0985286
22.433333,102.814,0.4264
22.450000,102.812,0.00397786
22.466667,102.832,0.138242
22.483333,102.857,0.546615
22.500000,102.857,0
22.516667,102.852,0.15237
22.533333,81.2483,36.536
22.550000,102.793,36.5557
22.566667,102.801,0.0531055
22.583333,102.816,0.0663932
22.600000,102.841,0.251322
22.616667,102.871,0.163255
22.650000,102.905,0.320098
22.683333,102.977,0.512005
22.700000,102.977,0.00111979
22.716667,102.997,0.144603
22.733333,102.999,0.106576
22.750000,103.061,0.481211
22.766667,103.062,0.0014974
22.783333,103.089,0.103971
22.800000,103.125,0.163659
22.816667,103.162,0.401035
22.833333,103.174,0.122799
22.850000,103.202,0.258939
22.866667,103.231,0.208437
22.900000,103.26,0.346712
22.916667,103.273,0.103587
22.933333,103.289,0.170671
22.950000,103.315,0.54304
22.966667,103.315,0.00214193
22.983333,103.322,0.116953
23.000000,103.339,0.106745
23.016667,103.353,0.253444
23.033333,103.392,0.313665
23.066667,103.404,0.112741
23.100000,103.468,0.595124
23.133333,103.479,0.18776
23.150000,103.483,0.00473958
23.166667,103.519,0.374212
23.183333,103.521,0.00781901
23.200000,103.532,0.0682031
23.216667,103.529,0.0916406
23.233333,103.587,0.333796
23.250000,103.601,0.0695247
23.266667,103.605,0.0895768
23.283333,103.615,0.137617
23.316667,103.628,0.88015
23.350000,103.635,0.0161654
23.383333,103.625,0.444922
23.400000,103.628,0.00377604
23.416667,103.649,0.220013
23.433333,103.648,0.00154297
23.450000,103.648,0
23.466667,103.624,0.355788
23.483333,103.64,0.120417
23.500000,103.602,0.420801
23.516667,103.607,0.125065
23.550000,103.641,0.208906
23.583333,103.683,0.27194
23.616667,103.793,0.428496
23.633333,103.792,0.00588542
23.650000,103.792,0
23.666667,103.916,0.433262
23.683333,103.967,0.149557
23.700000,104.011,0.144551
23.716667,104.011,0
23.733333,104.171,0.460996
23.750000,104.172,0.00427734
23.766667,104.24,0.289251
23.783333,104.292,0.185664
23.800000,104.474,0.537813
23.833333,104.51,0.270488
23.866667,104.597,0.530436
23.883333,104.597,0
23.900000,104.618,0.150449
23.916667,104.601,0.320241
23.933333,104.601,0.000481771
23.950000,104.627,0.372572
23.966667,104.627,0.00102214
23.983333,104.578,0.375241
24.016667,104.593,0.683398
24.033333,104.593,8.46354e-05
24.066667,104.644,0.643418
24.083333,104.644,2.60417e-05
24.100000,104.644,0
24.116667,104.777,0.629824
24.133333,104.777,0.000364583
24.150000,104.862,0.207181
24.166667,104.9,0.381771
24.183333,105.011,0.538971
24.216667,105.133,0.741432
24.233333,105.133,0.000494792
24.266667,105.21,0.633535
24.283333,105.21,0.000494792
24.300000,105.214,0.520579
24.316667,105.216,0.00835938
24.333333,105.182,0.87168
24.350000,105.196,0.124316
24.366667,105.16,0.169857
24.383333,105.082,0.386452
24.400000,105.08,0.00159505
24.416667,105.037,0.14582
24.433333,104.93,0.464779
24.450000,104.866,0.736549
24.483333,104.857,0.296667
24.516667,104.763,0.319518
24.533333,104.763,0.00299479
24.550000,104.793,0.474219
24.566667,104.827,0.111686
24.583333,104.807,0.302253
24.600000,104.824,0.510827
24.616667,104.825,0.0693099
24.650000,104.875,0.622969
24.683333,104.925,0.301042
24.716667,104.941,0.146367
24.750000,104.993,0.725833
24.766667,104.996,0.00360026
24.783333,104.997,0.18166
24.800000,105.007,0.221803
24.816667,104.999,0.260898
24.833333,105.042,0.293294
24.850000,105.053,0.309147
24.866667,105.037,0.331393
24.900000,105.086,0.42776
24.933333,105.124,0.49043
24.950000,105.123,0.00125651
24.966667,105.138,0.331829
24.983333,105.163,0.414674
25.000000,105.164,0.00284505
25.016667,105.185,0.178431
25.033333,105.192,0.332344
25.050000,105.186,0.219616
25.066667,105.197,0.14306
25.083333,105.185,0.272806
25.100000,105.167,0.705638
25.133333,105.185,0.285742
25.166667,105.239,0.690527
25.200000,105.263,0.348704
25.216667,105.263,0.00128255
25.233333,105.351,0.692474
25.250000,105.349,0.00220052
25.266667,105.384,0.171543
25.283333,105.42,0.228867
25.300000,105.445,0.375391
25.316667,105.463,0.867298
25.350000,105.446,0.396335
25.383333,105.449,0.690221
25.416667,105.434,0.204805
25.433333,105.434,0.00736979
25.450000,105.426,0.543066
25.466667,105.466,0.487865
25.483333,105.469,0.168275
25.500000,105.449,0.327064
25.516667,105.422,0.694792
25.550000,105.407,0.221133
25.583333,105.293,0.962396
25.616667,105.261,0.14151
25.633333,105.261,0
25.650000,105.105,0.740853
25.666667,105.105,0.00107422
25.683333,105.105,0
25.700000,104.908,0.468678
25.716667,104.908,0.000449219
25.733333,104.859,0.114993
25.750000,104.6,0.734544
25.766667,104.544,0.230417
25.800000,104.448,0.269661
25.833333,104.251,0.615241
25.866667,104.211,0.139922
25.883333,104.11,0.236478
25.900000,104.054,0.181185
25.916667,104.033,0.134186
25.933333,104.033,0
25.950000,103.958,0.370208
25.966667,103.822,0.49819
25.983333,103.784,0.104661
26.000000,103.694,0.299609
26.016667,103.652,0.194095
26.050000,103.613,0.263984
26.083333,103.521,0.481042
26.100000,103.521,0.000358073
26.116667,103.449,0.187474
26.133333,103.442,0.0548177
26.150000,103.405,0.30722
26.166667,103.403,0.00196615
26.183333,103.37,0.269167
26.200000,103.364,0.0587826
26.216667,103.352,0.255326
26.250000,103.35,0.289102
26.283333,103.346,0.163529
26.316667,103.331,0.83584
26.333333,103.332,0.00436849
26.350000,103.326,0.0670182
26.366667,103.316,0.0851628
26.383333,103.336,0.246556
26.400000,103.331,0.10252
26.416667,103.325,0.103483
26.450000,103.292,0.506829
26.466667,103.302,0.0491471
26.500000,103.303,0.0473242
26.516667,103.302,0.0973893
26.550000,103.291,0.433242
26.566667,103.291,0.00226562
26.583333,103.293,0.132845
26.600000,103.314,0.230605
26.616667,103.299,0.18444
26.633333,103.302,0.047806
26.650000,103.311,0.159232
26.683333,103.316,0.2975
26.716667,103.331,0.297773
26.750000,103.32,0.1314
26.766667,103.335,0.0684375
26.783333,103.34,0.127943
26.800000,103.33,0.0683464
26.816667,103.324,0.199694
26.833333,103.33,0.00648437
26.850000,103.363,0.195124
26.866667,103.339,0.303984
26.883333,103.341,0.00375651
26.900000,103.352,0.0898112
26.933333,103.389,0.214876
26.966667,103.462,0.483633
27.000000,103.476,0.143242
27.016667,103.477,0.0885937
27.033333,103.512,0.297201
27.050000,103.513,0.0545313
27.066667,103.514,0.000208333
27.083333,103.51,0.261979
27.100000,103.509,0.00209635
27.116667,103.473,0.391341
27.150000,103.464,0.168809
27.183333,103.476,0.314186
27.216667,103.481,0.174375
27.233333,103.48,0.00189453
27.250000,103.47,0.231471
27.266667,103.473,0.09625
27.283333,103.483,0.080612
27.300000,103.489,0.0925521
27.316667,103.473,0.463359
27.333333,103.471,0.0974154
27.350000,103.472,0.0600521
27.383333,103.459,0.456009
27.416667,103.462,0.253698
27.450000,103.474,0.0775195
27.466667,103.474,0
27.483333,103.486,0.519199
27.500000,103.508,0.0877539
27.516667,103.496,0.138405
27.533333,103.488,0.248613
27.550000,103.452,0.164486
27.566667,103.451,0.114186
27.583333,103.422,0.240924
27.616667,103.392,0.502682
27.650000,103.394,0.104245
27.666667,103.392,0.148698
27.683333,103.341,0.359238
27.700000,103.337,0.0772786
27.716667,103.32,0.180768
27.733333,103.262,0.30931
27.750000,103.231,0.22541
27.766667,103.231,0.00077474
27.783333,103.185,0.482402
27.816667,103.08,0.512155
27.850000,103.06,0.284447
27.883333,103.027,0.311699
27.900000,103.025,0.00229167
27.916667,103.012,0.115534
27.933333,103.016,0.217044
27.950000,102.985,0.215026
27.966667,102.924,0.342168
27.983333,102.884,0.326315
28.016667,102.882,0.0818685
28.050000,102.823,0.617962
28.083333,102.804,0.492318
28.100000,102.804,0
28.116667,102.804,0
28.133333,102.738,0.481803
28.150000,102.725,0.0975195
28.166667,102.729,0.155488
28.183333,102.665,0.28696
28.200000,102.63,0.174225
28.216667,102.614,0.160788
28.233333,102.571,0.542676
28.266667,102.541,0.388809
28.300000,102.556,0.136673
28.316667,102.556,0
28.333333,102.495,0.59554
28.350000,102.499,0.0763021
28.366667,102.506,0.122663
28.383333,102.513,0.171237
28.400000,102.525,0.194154
28.416667,102.536,0.294486
28.433333,102.547,0.15627
28.450000,102.551,0.553223
28.466667,102.549,0.00258464
28.500000,102.606,0.470918
28.533333,102.65,0.56237
28.566667,102.65,0.0880534
28.583333,102.65,0.000208333
28.600000,102.715,0.528828
28.616667,102.715,0.00284505
28.633333,102.744,0.325501
28.650000,102.766,0.110833
28.666667,102.79,0.182956
28.683333,102.828,0.675033
28.716667,102.857,0.358561
28.750000,102.865,0.107728
28.783333,102.888,0.72513
28.800000,102.888,0.000188802
28.816667,102.902,0.075918
28.833333,102.945,0.35696
28.850000,102.949,0.233822
28.866667,102.956,0.104635
28.883333,102.975,0.399759
28.900000,102.976,0.00276693
28.916667,103.017,0.380221
28.950000,103.028,0.0916862
28.966667,103.041,0.26623
29.000000,103.079,0.416009
29.033333,103.109,0.671908
29.050000,103.11,0.00111979
29.066667,103.11,0
29.083333,103.161,0.387852
29.100000,103.16,0.00962891
29.116667,103.204,0.235872
29.133333,103.205,0.194349
29.150000,103.221,0.112187
29.166667,103.246,0.438483
29.200000,103.288,0.241309
29.216667,103.338,0.353092
29.250000,103.342,0.0494466
29.266667,103.371,0.206491
29.300000,103.375,0.28875
29.316667,103.38,0.0892643
29.333333,103.44,0.34002
29.350000,103.453,0.130339
29.366667,103.468,0.116595
29.383333,103.479,0.180846
29.400000,103.496,0.107891
29.416667,103.505,0.26735
29.433333,103.504,0.132624
29.450000,103.503,0.0682878
29.483333,103.543,0.468555
29.516667,103.587,0.342852
29.533333,103.588,0.00129557
29.550000,103.588,0
29.566667,103.594,0.433099
29.583333,103.606,0.471217
29.600000,103.615,0.0641732
29.616667,103.616,0.0003125
29.633333,103.617,0.275983
29.650000,103.639,0.158835
29.683333,103.642,0.426172
29.716667,103.633,0.291432
29.750000,103.642,0.402142
29.766667,103.643,0.00770182
29.783333,103.637,0.0799284
29.800000,103.653,0.0633724
29.816667,103.654,0.00123047
29.833333,103.712,0.402865
29.850000,103.711,0.180417
29.866667,103.728,0.0616276
29.883333,103.728,0
29.900000,103.823,0.285781
29.916667,103.884,0.310566
29.933333,103.939,0.21584
29.966667,104.139,0.608848
30.000000,104.168,0.0996159
30.016667,104.196,0.112552
30.033333,104.295,0.287813
30.050000,104.398,0.339421
30.066667,104.398,0.00014974
30.083333,104.417,0.151895
30.100000,104.464,0.378555
30.116667,104.511,0.283047
30.133333,104.601,0.315065
30.150000,104.602,0.27278
30.183333,104.644,0.542018
30.216667,104.572,0.234134
30.250000,104.52,0.21763
30.266667,104.52,0
30.283333,104.564,0.434049
30.300000,104.575,0.216667
30.316667,104.584,0.0825846
30.333333,104.66,0.461094
30.350000,104.653,0.223568
30.366667,104.756,0.461615
30.400000,104.833,0.171719
30.433333,105.012,0.986048
30.466667,105.075,0.199388
30.500000,105.165,0.931152
30.516667,105.162,0.17819
30.533333,105.164,0.0019401
30.550000,105.187,0.505788
30.566667,105.196,0.254863
30.583333,105.197,0.00132813
30.600000,105.175,0.734264
30.616667,105.128,0.227292
30.650000,105.128,0.000208333
30.683333,104.989,0.714089
30.716667,104.901,0.967728
30.750000,104.812,0.457786
30.766667,104.815,0.00317708
30.783333,104.826,0.267357
30.800000,104.853,0.271556
30.816667,104.835,0.388444
30.833333,104.836,0.00140625
30.850000,104.804,0.414564
30.866667,104.803,0.00457682
30.883333,104.531,0.608145
30.900000,104.521,0.0114518
30.916667,104.468,0.121361
30.950000,104.466,0.00173828
30.966667,104.466,0
30.983333,104.466,0
31.000000,104.692,0.81125
31.016667,104.753,0.302806
31.033333,104.754,0.00385417
31.050000,104.756,0.00141276
31.066667,104.815,0.328796
31.083333,104.819,0.00357422
31.100000,104.855,0.457878
31.133333,104.917,0.659284
31.166667,104.982,0.498548
31.183333,104.983,0.00123698
31.200000,104.999,0.74627
31.216667,105.03,0.0786523
31.233333,105.03,0
31.250000,105.056,0.564134
31.266667,105.055,0.00573568
31.283333,105.099,0.465391
31.300000,105.116,0.442096
31.333333,105.094,0.504017
31.366667,105.093,0.16724
31.383333,105.093,0.0003125
31.400000,105.101,0.797441
31.416667,105.099,0.00733724
31.433333,105.088,0.260189
31.450000,105.131,0.153053
31.466667,105.137,0.360508
31.483333,105.16,0.221712
31.500000,105.178,0.181439
31.516667,105.254,0.639499
31.550000,105.317,0.457038
31.583333,105.379,0.580163
31.616667,105.443,0.337409
31.633333,105.416,0.542539
31.650000,105.416,0.239134
31.666667,105.465,0.659147
31.683333,105.45,0.197572
31.700000,105.45,0
31.716667,105.435,0.494056
31.750000,105.408,0.789941
31.783333,105.429,0.423516
31.816667,105.388,0.672617
31.850000,105.39,0.386439
31.866667,105.39,0
31.883333,105.39,0
31.900000,105.264,0.952832
31.916667,105.264,0.000208333
31.933333,105.238,0.204499
31.950000,105.201,0.208333
31.966667,105.04,0.540495
31.983333,104.996,0.14903
32.016667,104.854,0.389714
32.050000,104.605,0.704688
32.083333,104.492,0.375775
32.100000,104.492,0
32.116667,104.412,0.172572
32.133333,104.36,0.170417
32.150000,104.311,0.161133
32.166667,104.252,0.218535
32.183333,104.253,0.00326823
32.200000,103.965,0.682285
32.216667,103.919,0.249342
32.233333,103.913,0.0830599
32.266667,103.753,0.574857
32.300000,103.678,0.213997
32.316667,103.678,0.00164062
32.333333,103.641,0.156367
32.350000,103.637,0.15709
32.366667,103.637,0
32.383333,103.624,0.0664909
32.400000,103.491,0.496966
32.416667,103.403,0.284212
32.433333,103.394,0.0890625
32.450000,103.373,0.12765
32.466667,103.374,0.0872526
32.483333,103.358,0.299408
32.516667,103.354,0.34097
32.550000,103.342,0.186309
32.566667,103.337,0.0574544
32.583333,103.328,0.173132
32.600000,103.328,0
32.616667,103.319,0.31638
32.633333,103.323,0.00415365
32.650000,103.309,0.519648
32.666667,103.303,0.13457
32.683333,103.317,0.159616
32.700000,103.311,0.158066
32.716667,103.297,0.231901
32.750000,103.27,0.361003
32.783333,103.297,0.214512
32.800000,103.299,0.00239583
32.816667,103.288,0.240553
32.833333,103.291,0.00370443
32.850000,103.294,0.0882813
32.866667,103.287,0.108848
32.883333,103.301,0.187272
32.900000,103.306,0.153333
32.916667,103.315,0.118984
32.933333,103.318,0.10763
32.950000,103.309,0.0884831
32.966667,103.296,0.347415
33.000000,103.313,0.210306
33.016667,103.315,0.00472656
33.033333,103.331,0.277467
33.050000,103.331,0
33.066667,103.331,0
33.083333,103.363,0.223913
33.100000,103.355,0.0777279
33.116667,103.34,0.159362
33.133333,103.364,0.201576
33.166667,103.368,0.247142
33.183333,103.367,0.0019401
33.216667,103.39,0.418952
33.250000,103.419,0.354303
33.266667,103.419,0
33.283333,103.441,0.210124
33.300000,103.441,0.00514323
33.316667,103.457,0.0922656
33.333333,103.457,0
33.350000,103.5,0.467513
33.366667,103.499,0.0290885
33.400000,103.491,0.276335
33.433333,103.456,0.16416
33.466667,103.462,0.456276
33.483333,103.459,0.00361979
33.500000,103.458,0.0116406
33.516667,103.461,0.183978
33.533333,103.461,0
33.550000,81.2553,36.2522
33.566667,103.43,36.1928
33.583333,103.438,0.0513672
33.600000,103.445,0.131855
33.616667,103.445,0.0346029
33.633333,103.433,0.229727
33.650000,103.462,0.195788
33.683333,103.502,0.360267
33.716667,103.479,0.292969
33.733333,103.477,0.149108
33.750000,103.477,0
33.766667,103.46,0.413659
33.783333,103.482,0.127637
33.800000,103.483,0.10819
33.816667,103.425,0.48138
33.850000,103.431,0.297018
33.883333,103.39,0.316074
33.916667,103.343,0.333216
33.950000,103.346,0.309525
33.966667,103.344,0.0019401
33.983333,103.309,0.299167
34.000000,103.304,0.113802
34.016667,103.28,0.190137
34.033333,103.256,0.163678
34.050000,103.238,0.222331
34.066667,103.169,0.426094
34.100000,103.128,0.342513
34.133333,103.057,0.452767
34.166667,103.027,0.284395
34.183333,103.029,0.00182292
34.200000,102.988,0.27791
34.216667,102.921,0.454831
34.233333,102.92,0.00152995
34.250000,102.907,0.116699
34.266667,102.847,0.535469
34.283333,102.831,0.112669
34.316667,102.833,0.395905
34.350000,102.812,0.337057
34.383333,102.796,0.483047
34.416667,102.725,0.229941
34.433333,102.69,0.164316
34.450000,102.693,0.193711
34.466667,102.695,0.103372
34.483333,102.696,0.00114583
34.500000,102.652,0.519277
34.516667,102.638,0.106706
34.533333,102.574,0.570391
34.550000,102.557,0.132493
34.583333,102.547,0.352083
34.616667,102.529,0.58832
34.650000,102.54,0.299023
34.666667,102.54,0.00352214
34.683333,102.545,0.118112
34.700000,102.545,0.233379
34.716667,102.553,0.199792
34.733333,102.573,0.348333
34.766667,102.599,0.567051
34.783333,102.595,0.141667
34.816667,102.636,0.333457
34.850000,102.677,0.520182
34.883333,102.719,0.431777
34.900000,102.72,0.00139974
34.916667,102.734,0.115931
34.933333,102.753,0.304609
34.950000,102.775,0.121634
34.966667,102.794,0.132721
34.983333,102.806,0.335397
35.000000,102.83,0.139727
35.016667,102.864,0.257793
35.033333,102.849,0.399401
35.066667,102.886,0.628535
35.100000,102.919,0.28821
35.133333,102.924,0.28276
35.150000,102.963,0.2414
35.166667,102.999,0.357832
35.183333,103,0.00115885
35.200000,103.001,0.142715
35.216667,103.031,0.158607
35.233333,103.053,0.197201
35.250000,103.067,0.140859
35.266667,103.057,0.152975
35.283333,103.107,0.501406
35.316667,103.165,0.245182
35.350000,103.205,0.572285
35.366667,103.207,0.00833333
35.383333,103.228,0.114785
35.400000,103.239,0.0752409
35.416667,103.261,0.210632
35.433333,103.29,0.245026
35.450000,103.306,0.259251
35.483333,103.328,0.535267
35.500000,103.336,0.110358
35.533333,103.35,0.137865
35.566667,103.409,0.673854
35.583333,103.409,0.000208333
35.600000,103.417,0.0482227
35.616667,103.459,0.387083
35.633333,103.459,5.85937e-05
35.650000,103.485,0.168581
35.666667,103.493,0.0720378
35.683333,103.492,0.00608724
35.700000,103.506,0.135937
35.716667,103.539,0.408568
35.733333,103.541,0.056888
35.766667,103.553,0.199382
35.800000,103.63,0.424147
35.816667,103.639,0.101667
35.833333,103.636,0.114538
35.850000,103.64,0.322207
35.866667,103.641,0.0357487
35.883333,103.657,0.517324
35.916667,103.638,0.456204
35.950000,103.646,0.0472266
35.983333,103.658,0.406126
