0.000000,105.527,0
0.016667,105.534,0.104681
0.033333,105.536,0.0872331
0.050000,105.582,0.466361
0.066667,105.602,0.11543
0.083333,105.605,0.118952
0.100000,105.591,0.351745
0.116667,105.628,0.252311
0.133333,105.629,0.215566
0.166667,105.672,0.519622
0.200000,105.691,0.4911
0.216667,105.705,0.264941
0.233333,105.705,0
0.250000,105.737,0.175195
0.266667,105.735,0.332708
0.283333,105.731,0.211172
0.300000,105.74,0.156523
0.316667,105.738,0.291387
0.333333,105.739,0.504961
0.350000,105.72,0.394616
0.383333,105.803,0.64752
0.416667,105.839,0.379772
0.450000,105.913,0.715
0.466667,105.952,0.25293
0.483333,105.976,0.178867
0.500000,105.977,0.00298828
0.516667,106.044,0.632611
0.533333,106.097,0.314167
0.550000,106.097,0.0013737
0.566667,106.045,0.526979
0.583333,106.033,0.471048
0.600000,106.039,0.418073
0.633333,106.026,0.500482
0.666667,106.025,0.502285
0.683333,106.026,0.00276693
0.700000,106.058,0.660645
0.716667,106.057,0.00179688
0.733333,106.018,0.551439
0.750000,106.013,0.397415
0.766667,106.014,0.00310547
0.783333,105.974,0.299408
0.800000,105.941,0.484993
0.833333,105.824,0.821458
0.866667,105.693,0.490723
0.900000,105.511,0.474258
0.916667,105.51,0.00147135
0.933333,105.457,0.16013
0.950000,105.375,0.247051
0.966667,105.207,0.401224
0.983333,105.205,0.00292969
1.000000,105.15,0.252122
1.016667,105.15,0
1.033333,104.954,0.550228
1.050000,104.881,0.235853
1.083333,104.799,0.362187
1.100000,104.799,0.000208333
1.116667,104.656,0.357324
1.133333,104.654,0.00310547
1.150000,104.628,0.112786
1.166667,104.563,0.333503
1.183333,104.561,0.00280599
1.200000,104.379,0.638555
1.216667,104.376,0.00622396
1.233333,104.295,0.304779
1.250000,104.295,0.000208333
1.283333,104.231,0.435651
1.316667,104.213,0.169453
1.333333,104.212,0.0003125
1.350000,104.144,0.258997
1.366667,104.061,0.236185
1.383333,104.049,0.0754297
1.400000,104.023,0.0814583
1.416667,103.993,0.263216
1.433333,103.965,0.274154
1.450000,103.956,0.0733398
1.466667,103.956,0
1.483333,103.936,0.511107
1.500000,103.945,0.0671289
1.516667,103.936,0.114095
1.533333,103.953,0.392643
1.566667,103.925,0.41737
1.583333,103.929,0.00400391
1.600000,103.93,0.0832552
1.616667,103.93,0.171426
1.633333,103.939,0.0966732
1.650000,103.93,0.125508
1.666667,103.925,0.090013
1.683333,103.909,0.154193
1.700000,103.909,0
1.716667,103.891,0.411699
1.733333,103.903,0.138672
1.766667,103.889,0.45612
1.800000,103.892,0.228613
1.816667,103.892,0.00266276
1.833333,103.909,0.180768
1.850000,103.888,0.152663
1.866667,103.893,0.0482357
1.883333,103.897,0.0638346
1.900000,103.91,0.128587
1.916667,103.909,0.00309896
1.933333,103.909,0.1814
1.950000,103.928,0.183464
1.983333,103.947,0.473568
2.000000,103.946,0.0016862
2.016667,103.952,0.0714909
2.033333,103.954,0.062526
2.050000,103.94,0.194766
2.066667,103.966,0.164674
2.083333,103.962,0.0644727
2.100000,103.965,0.0866081
2.116667,103.948,0.155306
2.133333,103.951,0.126035
2.150000,103.983,0.203008
2.166667,104,0.0797331
2.200000,104.052,0.408262
2.233333,104.072,0.287018
2.266667,104.096,0.307018
2.283333,104.099,0.0954688
2.300000,104.099,0
2.316667,104.086,0.321699
2.333333,104.085,0.00211589
2.350000,104.079,0.198965
2.366667,104.08,0.0038737
2.383333,104.072,0.191094
2.400000,104.072,0.000345052
2.416667,104.076,0.239069
2.433333,104.081,0.140996
2.466667,104.071,0.384401
2.500000,104.1,0.268626
2.516667,104.099,0.00386719
2.533333,104.061,0.136986
2.550000,104.083,0.270241
2.566667,104.09,0.0863021
2.583333,104.09,0.0762891
2.600000,104.05,0.301706
2.616667,104.061,0.108066
2.633333,104.051,0.139225
2.650000,104.056,0.150768
2.666667,104.064,0.0924479
2.683333,104.056,0.357507
2.716667,104.091,0.266237
2.733333,104.083,0.109909
2.750000,104.059,0.244779
2.766667,104.028,0.189141
2.783333,104.029,0.107103
2.800000,104.026,0.00468099
2.816667,104.011,0.365547
2.833333,103.977,0.19804
2.850000,103.974,0.00318359
2.866667,103.974,0
2.883333,103.966,0.438574
2.916667,103.905,0.405339
2.950000,103.837,0.458698
2.966667,103.838,0.000996094
2.983333,103.817,0.187871
3.000000,103.771,0.26349
3.016667,103.769,0.121003
3.033333,103.764,0.119219
3.050000,103.763,0.00192708
3.066667,103.719,0.182552
3.083333,103.673,0.333724
3.100000,103.648,0.308887
3.116667,103.615,0.139896
3.150000,103.599,0.532585
3.166667,103.573,0.182363
3.183333,103.572,0.00128906
3.200000,103.526,0.295423
3.216667,103.487,0.371563
3.233333,103.492,0.0220052
3.250000,103.434,0.458431
3.266667,103.423,0.147559
3.283333,103.417,0.120293
3.316667,103.401,0.429544
3.350000,103.337,0.482754
3.366667,103.335,0.00346354
3.383333,103.321,0.103268
3.400000,103.255,0.496868
3.416667,103.254,0.000911458
3.433333,103.229,0.125911
3.450000,103.214,0.171673
3.466667,103.183,0.203633
3.483333,103.161,0.513001
3.516667,103.148,0.250495
3.533333,103.159,0.0784896
3.566667,103.09,0.704414
3.600000,103.101,0.246719
3.616667,103.116,0.170026
3.633333,103.132,0.24502
3.650000,103.131,0.000813802
3.666667,103.145,0.342624
3.683333,103.149,0.397474
3.700000,103.174,0.176048
3.716667,103.193,0.349714
3.733333,103.193,0.000208333
3.766667,103.257,0.699023
3.800000,102.737,1.11046
3.816667,102.736,0.00214844
3.833333,102.737,0.101562
3.850000,102.774,0.190801
3.866667,102.774,0.018138
3.883333,102.829,0.284264
3.900000,102.83,0.000664063
3.916667,102.854,0.633763
3.933333,102.851,0.123398
3.950000,102.889,0.22168
3.966667,102.889,0
3.983333,102.897,0.500378
4.016667,102.925,0.387598
4.050000,102.942,0.116322
4.066667,102.974,0.366224
4.083333,102.979,0.184987
4.100000,102.978,0.00178385
4.116667,102.987,0.107643
4.133333,102.977,0.30821
4.150000,103.016,0.291335
4.183333,103.041,0.233691
4.200000,103.055,0.0888737
4.216667,103.072,0.613613
4.233333,103.082,0.0748177
4.250000,103.127,0.327357
4.266667,103.138,0.290638
4.300000,103.168,0.422962
4.316667,103.178,0.0426172
4.333333,103.179,0.000911458
4.350000,103.239,0.276849
4.366667,103.254,0.312031
4.383333,103.269,0.123659
4.400000,103.267,0.227956
4.416667,103.267,0.00284505
4.433333,103.305,0.396523
4.450000,103.347,0.192474
4.466667,103.347,0.0155339
4.483333,103.382,0.313867
4.500000,103.403,0.305508
4.533333,103.407,0.107643
4.566667,103.463,0.466237
4.583333,103.474,0.0962109
4.600000,103.506,0.271276
4.616667,103.506,0
4.633333,103.506,0
4.650000,103.51,0.414102
4.666667,103.511,0.0545573
4.683333,103.53,0.0910156
4.700000,103.563,0.394642
4.716667,103.601,0.183685
4.750000,103.616,0.165788
4.783333,103.618,0.964993
4.800000,103.619,0.00249349
4.816667,103.62,0.000182292
4.833333,103.63,0.0298698
4.850000,103.64,0.186888
4.866667,103.64,0.000208333
4.883333,103.657,0.0643359
4.900000,103.646,0.353613
4.916667,103.646,0
4.933333,103.665,0.466406
4.966667,103.676,0.354603
4.983333,103.676,0.000208333
5.000000,103.676,0
5.016667,103.682,0.275189
5.033333,103.681,0.00148438
5.050000,103.735,0.310475
5.066667,103.736,0.180391
5.083333,103.752,0.06375
5.100000,103.845,0.299837
5.116667,103.911,0.291842
5.150000,103.99,0.299147
5.166667,104.064,0.252871
5.200000,104.168,0.253145
5.216667,104.203,0.152331
5.233333,104.204,0.00103516
5.250000,104.322,0.414928
5.266667,104.421,0.351159
5.283333,104.421,0
5.300000,104.457,0.385332
5.316667,104.49,0.142057
5.333333,104.538,0.244414
5.350000,104.636,0.352259
5.366667,104.627,0.248118
5.400000,104.655,0.539609
5.433333,104.586,0.24627
5.450000,104.565,0.0783919
5.466667,104.54,0.132214
5.483333,104.572,0.334004
5.500000,104.574,0.0988672
5.516667,104.582,0.235169
5.533333,104.582,0.00258464
5.550000,104.598,0.0720508
5.566667,104.67,0.734779
5.600000,104.852,0.551341
5.633333,104.913,0.278171
5.650000,104.992,0.563359
5.666667,105.035,0.13263
5.683333,105.1,0.271094
5.700000,105.122,0.466888
5.716667,105.158,0.293255
5.733333,105.172,0.149421
5.750000,105.173,0.000957031
5.766667,105.191,0.766602
5.783333,105.211,0.205814
5.800000,105.181,0.630801
5.816667,105.181,0.000911458
5.833333,105.192,0.099987
5.850000,105.139,0.274479
5.883333,105.115,0.210931
5.916667,104.951,0.718164
5.933333,104.94,0.324453
5.950000,104.912,0.423626
5.966667,104.826,0.529473
5.983333,104.829,0.00531901
6.016667,104.87,0.54862
6.033333,104.867,0.0104036
6.050000,104.818,0.636439
6.066667,104.826,0.0606185
6.083333,104.826,0.0015625
6.100000,104.55,0.66278
6.116667,104.499,0.0944792
6.133333,104.486,0.0420182
6.166667,104.486,0
6.183333,104.486,0
6.200000,104.486,0
6.216667,104.486,0
6.233333,104.486,0
6.250000,104.664,0.975026
6.283333,104.716,0.208913
6.300000,104.719,0.00699219
6.316667,104.791,0.344687
6.333333,104.792,0.00432292
6.350000,104.792,0
6.366667,104.792,0
6.383333,104.792,0
6.400000,104.832,0.28196
6.416667,104.836,0.00735026
6.433333,104.836,0
6.450000,104.921,0.775312
6.466667,104.954,0.571009
6.483333,104.955,0.00141927
6.516667,105.049,1.0094
6.550000,105.083,0.464479
6.566667,105.08,0.00339193
6.583333,105.1,0.514499
6.600000,105.101,0.00599609
6.616667,105.101,0
6.633333,105.09,0.761549
6.650000,105.096,0.148893
6.666667,105.096,0
6.683333,105.112,0.423451
6.700000,105.111,0.000625
6.716667,105.135,0.997441
6.733333,105.188,0.535697
6.766667,105.239,0.325449
6.800000,105.355,0.91418
6.816667,105.355,0.000208333
6.833333,105.355,0
6.850000,105.392,0.171543
6.866667,105.457,0.717546
6.883333,105.456,0.00154948
6.900000,105.432,0.431243
6.916667,105.43,0.00779948
6.933333,105.429,0.485189
6.950000,105.429,0
6.966667,105.502,0.39972
6.983333,105.469,0.490729
7.016667,105.487,0.567324
7.050000,105.451,0.917806
7.066667,105.453,0.00315755
7.083333,105.404,0.825111
7.100000,105.405,0.00650391
7.116667,105.405,0
7.133333,105.414,0.136576
7.150000,105.366,0.336191
7.166667,105.333,0.394577
7.183333,105.331,0.00229167
7.200000,105.264,0.52513
7.233333,105.057,0.736777
7.266667,105.014,0.0976888
7.283333,105.014,0
7.300000,104.645,0.900078
7.316667,104.645,0.000449219
7.333333,104.576,0.299642
7.350000,104.4,0.457611
7.366667,104.397,0.00399089
7.383333,104.359,0.103073
7.400000,104.32,0.145508
7.416667,104.32,0
7.450000,104.258,0.190775
7.483333,103.947,0.850299
7.500000,103.913,0.236165
7.516667,103.913,4.55729e-05
7.533333,103.746,0.570521
7.550000,103.742,0.00623698
7.566667,103.742,0
7.583333,103.635,0.543164
7.600000,103.626,0.0421224
7.616667,103.607,0.161784
7.633333,103.607,0
7.650000,103.397,0.626602
7.683333,103.391,0.0583073
7.716667,103.367,0.208477
7.733333,103.365,0.00490885
7.750000,103.363,0.231165
7.766667,103.364,0.00247396
7.783333,103.364,0
7.800000,103.333,0.348841
7.816667,103.33,0.185964
7.833333,103.323,0.62985
7.850000,103.308,0.367103
7.883333,103.318,0.0755924
7.916667,103.32,0.259134
7.933333,103.322,0.153626
7.950000,103.323,0.00138672
7.966667,103.333,0.0716276
7.983333,103.307,0.16459
8.000000,103.307,0
8.016667,103.291,0.216211
8.033333,103.291,0
8.050000,103.269,0.17056
8.066667,103.295,0.474329
8.100000,103.305,0.0869922
8.116667,103.302,0.0833789
8.133333,103.317,0.326439
8.150000,103.325,0.0875716
8.166667,103.325,0
8.183333,103.329,0.107871
8.200000,103.329,0
8.216667,103.324,0.0933203
8.233333,103.326,0.133197
8.250000,103.333,0.465918
8.283333,103.335,0.105618
8.316667,103.371,0.412682
8.333333,103.371,0.00318359
8.350000,103.363,0.0390951
8.366667,103.363,0
8.383333,103.361,0.263464
8.400000,103.37,0.0635677
8.416667,103.371,0.0016862
8.433333,103.377,0.0522201
8.450000,103.401,0.640534
8.466667,103.427,0.0868164
8.500000,103.439,0.2289
8.533333,103.448,0.176471
8.566667,103.475,0.136816
8.583333,103.475,0.000286458
8.600000,103.475,0
8.616667,103.504,0.402025
8.633333,103.509,0.0324219
8.650000,103.515,0.077806
8.666667,103.51,0.2886
8.683333,103.478,0.17179
8.700000,103.484,0.431589
8.733333,103.471,0.124948
8.766667,103.482,0.049362
8.800000,103.478,0.299167
8.833333,103.479,0.218496
8.850000,103.481,0.00247396
8.866667,103.47,0.282142
8.883333,103.467,0.00298828
8.900000,103.492,0.279408
8.916667,103.511,0.0936589
8.933333,103.523,0.584395
8.966667,103.526,0.110117
9.000000,103.515,0.425189
9.033333,103.535,0.410033
9.066667,103.469,0.465352
9.083333,103.469,0.00447266
9.100000,103.462,0.0966927
9.116667,103.462,0
9.133333,103.422,0.322708
9.150000,103.422,0
9.166667,103.403,0.22125
9.183333,103.401,0.00286458
9.200000,103.374,0.128229
9.233333,103.384,0.19401
9.250000,103.373,0.105547
9.266667,103.291,0.789056
9.283333,103.291,0
9.300000,103.222,0.4011
9.316667,103.189,0.249434
9.333333,103.188,0.00166016
9.350000,103.17,0.238926
9.366667,103.17,0.000208333
9.383333,103.117,0.241003
9.400000,103.078,0.14043
9.416667,103.082,0.152793
9.433333,103.067,0.200273
9.466667,102.931,0.809043
9.483333,102.933,0.00264974
9.500000,102.935,0.00231771
9.516667,102.922,0.0820052
9.533333,102.922,0.00333333
9.550000,102.848,0.596797
9.566667,102.848,0.00852214
9.583333,102.814,0.529694
9.616667,102.808,0.337148
9.650000,102.806,0.183952
9.683333,102.693,0.631986
9.716667,102.693,0.0773112
9.733333,102.693,0
9.750000,102.693,0
9.766667,102.66,0.533835
9.783333,102.651,0.122904
9.800000,102.649,0.0025
9.816667,102.622,0.220794
9.850000,102.545,0.820898
9.883333,102.534,0.641081
9.916667,102.549,0.161081
9.933333,102.557,0.381979
9.950000,102.557,0
9.966667,102.57,0.184759
9.983333,102.569,0.0016862
10.000000,102.583,0.175202
10.016667,102.591,0.152559
10.033333,102.591,0
10.050000,102.615,0.783496
10.083333,102.648,0.292298
10.116667,102.714,0.905788
10.133333,102.724,0.031276
10.150000,102.724,0.000520833
10.166667,102.764,0.439238
10.183333,102.761,0.0069987
10.200000,102.784,0.0957227
10.216667,102.798,0.0846745
10.233333,102.815,0.323125
10.250000,102.838,0.127663
10.283333,102.871,0.724603
10.316667,102.87,0.0016862
10.350000,102.899,0.5086
10.366667,102.9,0.00651042
10.383333,102.978,0.809375
10.400000,102.976,0.00540365
10.433333,103.02,0.407591
10.450000,103.021,0.011543
10.466667,103.07,0.514538
10.483333,103.07,0
10.516667,103.069,0.118822
10.550000,103.116,0.438262
10.583333,103.21,0.689616
10.600000,103.219,0.1061
10.616667,103.219,0
10.633333,103.219,0
10.650000,103.236,0.175592
10.666667,103.241,0.0482031
10.700000,103.296,0.58
10.733333,103.332,0.67972
10.766667,103.355,0.246784
10.800000,103.37,0.0998242
10.816667,103.417,0.511276
10.833333,103.418,0.00180339
10.850000,103.418,0
10.866667,103.453,0.168171
10.883333,103.453,0.00104167
10.900000,103.51,0.602253
10.933333,103.513,0.0610286
10.966667,103.548,0.359714
11.000000,103.57,0.271751
11.033333,103.627,0.316283
11.050000,103.647,0.113535
11.066667,103.647,0.133411
11.083333,103.669,0.45849
11.100000,103.669,0
11.116667,103.665,0.0489909
11.150000,103.67,0.494043
11.183333,103.648,0.402656
11.216667,103.681,0.309251
11.233333,103.682,0.0014974
11.250000,103.682,0
11.266667,103.668,0.160319
11.283333,103.658,0.177975
11.300000,103.659,0.00509766
11.316667,103.64,0.541855
11.333333,103.642,0.00383464
11.350000,103.642,0.117526
11.366667,103.726,0.51209
11.400000,103.797,0.278073
11.433333,103.813,0.0795573
11.450000,103.949,0.495228
11.483333,104.002,0.140189
11.500000,104,0.00503906
11.516667,104.2,0.631901
11.533333,104.202,0.0046875
11.550000,104.273,0.263184
11.566667,104.273,0
11.583333,104.331,0.199583
11.600000,104.479,0.351732
11.616667,104.49,0.128379
11.650000,104.54,0.318919
11.683333,104.621,0.520632
11.700000,104.645,0.171328
11.716667,104.645,0
11.733333,104.636,0.316322
11.750000,104.638,0.691823
11.766667,104.638,0.000520833
11.783333,104.592,0.193164
11.816667,104.596,0.350065
11.850000,104.616,0.285072
11.883333,104.713,0.854049
11.900000,104.714,0.00216797
11.916667,104.768,0.135293
11.933333,104.803,0.187852
11.950000,104.803,0.000416667
11.966667,104.884,0.218776
11.983333,104.991,0.728327
12.000000,104.992,0.00216146
12.016667,105.087,0.411374
12.050000,105.142,0.49959
12.083333,105.233,1.14046
12.100000,105.233,0.00115234
12.116667,105.265,0.189199
12.133333,105.2,0.638691
12.150000,105.213,0.141341
12.166667,105.092,0.54502
12.183333,105.048,0.112995
12.200000,104.994,0.262259
12.233333,104.949,0.231608
12.266667,104.904,0.50765
12.300000,104.877,0.185866
12.333333,104.882,0.352435
12.350000,104.844,0.933112
12.366667,104.844,0.00046224
12.383333,104.831,0.195482
12.400000,104.836,0.51832
12.416667,104.835,0.00177734
12.433333,104.851,0.241497
12.466667,104.937,0.64071
12.500000,104.957,0.0899935
12.516667,105,0.530645
12.550000,105.007,0.156322
12.566667,105.007,0
12.583333,105.04,0.701354
12.600000,105.042,0.00559245
12.616667,105.034,0.161302
12.633333,105.07,0.31375
12.650000,105.07,0.000859375
12.666667,105.086,0.155078
12.683333,105.112,0.69224
12.716667,105.159,0.611875
12.750000,105.161,0.386055
12.766667,105.164,0.153809
12.783333,105.187,0.260384
12.800000,105.187,0
12.816667,105.218,0.18043
12.833333,105.219,0.339017
12.850000,105.219,0.00125
12.866667,105.215,0.20487
12.883333,105.214,0.00135417
12.900000,105.223,0.15099
12.916667,105.187,0.949401
12.950000,105.234,0.645762
12.966667,105.234,0
12.983333,105.251,0.234108
13.000000,105.266,0.122559
13.016667,105.266,0
13.033333,105.38,0.953021
13.050000,105.379,0.00117187
13.066667,105.407,0.149355
13.083333,105.433,0.239186
13.100000,105.436,0.00372396
13.116667,105.46,0.324811
13.150000,105.476,0.880013
13.183333,105.47,0.409727
13.200000,105.471,0.00574219
13.216667,105.467,0.948665
13.233333,105.463,0.464772
13.250000,105.463,0.00285156
13.266667,105.463,0
13.283333,105.486,0.451003
13.300000,105.483,0.495195
13.333333,105.454,0.709173
13.366667,105.436,0.234056
13.383333,105.429,0.181517
13.400000,105.321,0.790286
13.416667,105.288,0.137155
13.433333,105.287,0.00224609
13.450000,105.238,0.359316
13.466667,105.238,0
13.483333,105.152,0.360527
13.500000,105,0.377383
13.516667,104.891,0.313509
13.533333,104.578,0.789421
13.566667,104.451,0.425807
13.600000,104.388,0.166204
13.616667,104.311,0.269421
13.633333,104.312,0.00125
13.650000,104.276,0.112142
13.666667,104.233,0.190104
13.683333,104.233,0.0003125
13.700000,104.133,0.261842
13.716667,104.045,0.322799
13.733333,104.044,0.00193359
13.750000,104.014,0.176367
13.766667,103.989,0.122578
13.800000,103.772,0.789408
13.833333,103.661,0.482617
13.850000,103.66,0.00139974
13.866667,103.66,0
13.883333,103.542,0.566243
13.900000,103.543,0.00192057
13.916667,103.543,0
13.933333,103.484,0.182376
13.950000,103.477,0.0314193
13.966667,103.462,0.104564
14.000000,103.395,0.460365
14.033333,103.371,0.390775
14.066667,103.359,0.166016
14.083333,103.359,0.25459
14.100000,103.368,0.0957617
14.116667,103.384,0.248229
14.133333,103.345,0.485658
14.150000,103.333,0.101647
14.166667,103.333,0.000208333
14.183333,103.352,0.161387
14.200000,103.35,0.245345
14.233333,103.346,0.0899414
14.266667,103.317,0.58429
14.283333,103.316,0.00402995
14.300000,103.317,0.00132813
14.316667,103.315,0.0224089
14.333333,103.309,0.0782682
14.350000,103.302,0.259909
14.366667,103.316,0.161289
14.383333,103.323,0.360371
14.416667,103.318,0.151862
14.450000,103.322,0.106068
14.466667,103.331,0.350885
14.483333,103.333,0.00277995
14.500000,103.343,0.0903646
14.516667,103.343,0
14.533333,103.34,0.0399154
14.550000,103.341,0.00113281
14.566667,103.341,0
14.583333,103.346,0.217962
14.600000,103.365,0.466875
14.633333,103.374,0.429707
14.666667,103.354,0.205013
14.700000,103.365,0.0982227
14.716667,103.399,0.219883
14.733333,103.398,0.000208333
14.750000,103.41,0.0689063
14.766667,103.41,0.000345052
14.783333,103.458,0.362624
14.800000,103.467,0.0987891
14.816667,103.509,0.463809
14.850000,103.506,0.161081
14.883333,103.481,0.138958
14.916667,103.457,0.338118
14.933333,103.457,0.0706901
14.950000,103.472,0.249095
14.966667,103.459,0.182461
14.983333,103.459,0
15.000000,103.47,0.161934
15.016667,103.482,0.136966
15.050000,103.467,0.346803
15.083333,103.481,0.0732031
15.116667,103.485,0.0979883
15.133333,103.459,0.158893
15.150000,103.455,0.00782552
15.166667,103.48,0.425443
15.183333,103.478,0.0038737
15.200000,103.478,0
15.216667,103.445,0.329622
15.233333,103.441,0.00833333
15.250000,103.432,0.293255
15.266667,103.433,0.00333333
15.283333,103.433,0
15.300000,103.474,0.808008
15.316667,103.469,0.0808919
15.333333,103.469,0.000657552
15.350000,103.469,0
15.366667,103.469,0
15.383333,103.425,0.461947
15.400000,103.425,0.0026237
15.416667,103.423,0.0611133
15.433333,103.423,0
15.450000,103.423,0
15.466667,103.407,0.222865
15.483333,103.371,0.600137
15.500000,103.37,0.00663411
15.533333,103.321,0.468203
15.550000,103.249,0.509648
15.566667,103.224,0.161549
15.583333,103.226,0.00211589
15.600000,103.171,0.416204
15.616667,103.165,0.0111458
15.633333,103.056,0.640553
15.650000,103.056,0.00402344
15.666667,103.051,0.0976432
15.683333,103.013,0.310241
15.700000,103.008,0.0998372
15.733333,102.998,0.417663
15.766667,102.904,0.541589
15.783333,102.904,0
15.800000,102.877,0.425697
15.816667,102.877,0.000208333
15.833333,102.803,0.548568
15.850000,102.801,0.0025
15.866667,102.786,0.251895
15.883333,102.786,0
15.900000,102.787,0.192585
15.933333,102.719,0.330651
15.966667,102.705,0.442741
15.983333,102.704,0.00138021
16.000000,102.704,0
16.016667,102.656,0.240618
16.033333,102.609,0.42099
16.050000,102.608,0.0013151
16.066667,102.54,0.721725
16.083333,102.543,0.0105339
16.100000,102.533,0.241641
16.116667,102.54,0.0778385
16.133333,102.472,0.564518
16.166667,102.48,0.0673177
16.183333,102.49,0.149531
16.200000,102.487,0.163477
16.216667,102.486,0.0025
16.233333,102.524,0.626686
16.250000,102.53,0.0805794
16.266667,102.53,0
16.283333,102.539,0.429609
16.300000,102.593,0.354811
16.316667,102.592,0.00360026
16.350000,102.606,0.410313
16.383333,102.694,0.965169
16.400000,102.694,0.00450521
16.416667,102.697,0.0459049
16.433333,102.729,0.212337
16.450000,102.727,0.00485677
16.466667,102.748,0.125521
16.483333,102.777,0.163079
16.500000,102.806,0.645176
16.516667,102.806,0.0105664
16.533333,102.806,0.000833333
16.550000,102.8,0.137272
16.566667,102.86,0.350488
16.600000,102.862,0.736602
16.633333,102.918,0.675599
16.650000,102.918,0.000950521
16.666667,102.923,0.0610482
16.683333,102.964,0.432598
16.700000,102.995,0.358184
16.716667,102.995,0
16.733333,103.008,0.116797
16.750000,103.008,0
16.766667,103.032,0.53696
16.800000,103.043,0.0780859
16.833333,103.097,0.664408
16.866667,103.117,0.135169
16.900000,103.194,0.565664
16.916667,103.195,0.0015625
16.933333,103.203,0.258275
16.950000,103.202,0.00130208
16.966667,103.222,0.15735
16.983333,103.226,0.00679036
17.000000,103.257,0.54737
17.016667,103.319,0.298835
17.050000,103.337,0.212376
17.083333,103.328,0.157188
17.116667,103.361,0.276191
17.133333,103.361,0
17.150000,103.408,0.311055
17.166667,103.405,0.00365885
17.183333,103.445,0.428945
17.200000,103.446,0.00244141
17.216667,103.485,0.414421
17.233333,103.484,0.00145833
17.250000,103.519,0.294082
17.266667,103.519,0.0042513
17.300000,103.562,0.542194
17.333333,103.574,0.122402
17.350000,103.573,0.313932
17.366667,103.603,0.667077
17.383333,103.601,0.00197266
17.400000,103.601,0
17.416667,103.619,0.187441
17.433333,103.619,0.00307292
17.450000,103.609,0.106979
17.466667,103.615,0.432096
17.483333,103.629,0.0853711
17.516667,103.631,0.321953
17.533333,103.628,0.00350911
17.566667,103.627,0.474134
17.583333,103.626,0.00579427
17.600000,103.643,0.141276
17.616667,103.644,0.00263021
17.633333,103.645,0.00136068
17.650000,103.705,0.52916
17.666667,103.705,0.00227214
17.683333,103.722,0.0497005
17.700000,103.81,0.299004
17.733333,103.94,0.534902
17.766667,104.037,0.264043
17.800000,104.188,0.39498
17.816667,104.307,0.394095
17.833333,104.307,0
17.850000,104.394,0.332096
17.866667,104.444,0.436087
17.883333,104.445,0.001875
17.900000,104.445,0
17.916667,104.603,0.69543
17.933333,104.603,0.00385417
17.966667,104.599,0.244023
18.000000,104.567,0.74972
18.033333,104.544,0.0460026
18.050000,104.519,0.0769661
18.066667,104.553,0.401178
18.083333,104.569,0.301914
18.100000,104.578,0.0691016
18.116667,104.659,0.49112
18.133333,104.661,0.20513
18.166667,104.722,0.172663
18.200000,104.899,0.769701
18.233333,104.978,0.442415
18.250000,104.979,0.00533203
18.266667,105.015,0.149355
18.283333,105.079,0.304382
18.300000,105.142,0.793451
18.316667,105.154,0.345938
18.333333,105.157,0.00320312
18.350000,105.182,0.525566
18.366667,105.19,0.209447
18.383333,105.166,0.753229
18.416667,105.168,0.00329427
18.450000,105.168,0
18.466667,105.168,0
18.483333,105.016,0.727552
18.500000,104.975,0.158939
18.516667,104.873,1.18635
18.533333,104.873,0.00438151
18.550000,104.822,0.647428
18.566667,104.821,0.00166667
18.583333,104.831,0.504922
18.616667,104.803,0.391745
18.633333,104.803,0
18.650000,104.519,0.601849
18.683333,104.474,0.0868099
18.700000,104.467,0.035306
18.716667,104.467,0
18.733333,104.467,0
18.750000,104.467,0
18.766667,104.467,0
18.783333,104.641,1.02122
18.800000,104.645,0.00910807
18.816667,104.645,0
18.833333,104.734,0.426276
18.850000,104.736,0.0100911
18.866667,104.85,0.825755
18.900000,104.874,0.0786393
18.916667,104.874,0
18.933333,104.87,0.20513
18.950000,104.924,0.596191
18.966667,104.96,0.192266
18.983333,104.996,0.738958
19.000000,104.996,0.000800781
19.016667,105.034,0.394616
19.033333,105.075,0.532103
19.066667,105.074,0.211348
19.100000,105.11,0.445417
19.133333,105.067,0.273164
19.150000,105.076,0.243307
19.166667,105.088,0.447233
19.183333,105.089,0.00108073
19.200000,105.074,0.387292
19.216667,105.064,0.181732
19.233333,105.068,0.263522
19.250000,105.07,0.00485677
19.266667,105.108,0.189844
19.283333,105.216,0.980026
19.316667,105.245,0.282845
19.350000,105.316,0.519707
19.366667,105.319,0.00356771
19.383333,105.373,0.192435
19.400000,105.373,0.000351562
19.416667,105.444,0.76166
19.433333,105.417,0.664329
19.450000,105.403,0.264694
19.466667,105.464,0.355859
19.483333,105.442,0.232181
19.516667,105.458,0.858763
19.533333,105.458,0.00015625
19.566667,105.437,0.856628
19.583333,105.424,0.281556
19.600000,105.424,0
19.616667,105.376,0.603626
19.633333,105.375,0.00423177
19.650000,105.382,0.133223
19.666667,105.301,0.721302
19.683333,105.282,0.242402
19.700000,105.283,0.00159505
19.716667,105.197,0.469004
19.750000,105.152,0.202708
19.783333,105.003,0.465365
19.816667,104.625,0.933743
19.833333,104.625,0.00113281
19.850000,104.611,0.0977018
19.866667,104.563,0.187233
19.883333,104.563,0
19.900000,104.384,0.449551
19.916667,104.383,0.00224609
19.933333,104.345,0.106413
19.950000,104.307,0.138665
19.966667,104.244,0.18901
19.983333,104.081,0.392728
20.016667,103.966,0.420964
20.033333,103.937,0.149648
20.050000,103.786,0.542754
20.066667,103.748,0.173105
20.083333,103.748,0.00269531
20.100000,103.73,0.0823893
20.116667,103.691,0.145456
20.133333,103.651,0.193529
20.150000,103.618,0.173125
20.166667,103.585,0.211296
20.183333,103.397,0.615104
20.216667,103.372,0.14375
20.250000,103.368,0.12418
20.266667,103.365,0.182624
20.283333,103.351,0.0704883
20.300000,103.35,0.162865
20.316667,103.339,0.205163
20.333333,103.329,0.18416
20.350000,103.323,0.0837435
20.366667,103.309,0.177285
20.383333,103.31,0.085638
20.416667,103.315,0.792227
20.450000,103.318,0.232969
20.483333,103.322,0.27959
20.516667,103.29,0.288581
20.533333,103.273,0.18002
20.550000,103.273,0
20.566667,103.273,0
20.583333,103.294,0.163379
20.600000,103.293,0.00148438
20.616667,103.298,0.10041
20.633333,103.291,0.18181
20.650000,103.276,0.404622
20.683333,103.289,0.160358
20.716667,103.305,0.30304
20.750000,103.288,0.365247
20.766667,103.293,0.075612
20.783333,103.294,0.00272135
20.800000,103.306,0.118861
20.816667,103.312,0.15125
20.833333,103.312,0
20.850000,103.33,0.252552
20.866667,103.329,0.00046875
20.883333,103.36,0.133587
20.900000,103.34,0.25334
20.933333,103.345,0.105677
20.966667,103.36,0.159896
21.000000,103.382,0.506139
21.016667,103.383,0.0352734
21.033333,103.414,0.13873
21.050000,103.414,5.20833e-05
21.066667,103.431,0.371862
21.083333,103.429,0.00257161
21.100000,103.43,0.0356315
21.116667,103.478,0.39931
21.150000,103.488,0.0507943
21.183333,103.502,0.166706
21.216667,103.484,0.248555
21.233333,103.467,0.359837
21.266667,103.453,0.28237
21.300000,103.442,0.117448
21.316667,103.442,0
21.333333,103.464,0.085638
21.350000,103.457,0.348874
21.366667,103.459,0.00224609
21.383333,103.462,0.190527
21.400000,103.451,0.219466
21.416667,103.452,0.00389974
21.433333,103.515,0.499915
21.450000,103.519,0.00890625
21.483333,103.527,0.264076
21.516667,103.538,0.514915
21.550000,103.506,0.383405
21.566667,103.514,0.113177
21.583333,103.515,0.132344
21.600000,103.522,0.00760417
21.616667,103.455,0.293027
21.633333,103.461,0.199824
21.650000,103.451,0.125007
21.666667,103.41,0.26263
21.683333,103.374,0.341465
21.716667,103.353,0.102904
21.750000,103.359,0.267845
21.783333,103.318,0.434388
21.800000,103.318,0
21.816667,103.226,0.639023
21.833333,103.223,0.0053125
21.850000,103.173,0.328451
21.866667,103.163,0.0841927
21.883333,103.138,0.256146
21.900000,103.097,0.242396
21.916667,103.073,0.189303
21.933333,103.05,0.32196
21.966667,103.007,0.253184
22.000000,102.932,0.440306
22.016667,102.929,0.00295573
22.033333,102.882,0.41138
22.050000,102.841,0.201908
22.083333,102.842,0.356152
22.100000,102.829,0.142988
22.116667,102.801,0.240566
22.133333,102.779,0.444772
22.166667,102.711,0.517409
22.200000,102.688,0.156354
22.216667,102.689,0.133229
22.233333,102.693,0.0913216
22.250000,102.693,0
22.266667,102.643,0.548835
22.283333,102.643,0
22.300000,102.627,0.0960938
22.316667,102.607,0.198092
22.333333,102.537,0.540781
22.350000,102.538,0.112253
22.383333,102.541,0.298522
22.416667,102.516,0.597663
22.433333,102.535,0.157474
22.450000,102.546,0.16847
22.466667,102.546,0
22.483333,102.558,0.472702
22.500000,102.556,0.00191406
22.516667,102.578,0.327747
22.533333,102.577,0.00125
22.550000,102.6,0.562865
22.583333,102.617,0.318105
22.616667,102.672,0.505326
22.633333,102.671,0.0598372
22.650000,102.671,0
22.666667,102.692,0.419447
22.683333,102.725,0.248802
22.700000,102.728,0.25931
22.716667,102.758,0.161628
22.733333,102.758,0
22.750000,102.794,0.439271
22.766667,102.792,0.00486328
22.783333,102.856,0.422852
22.800000,102.854,0.00364583
22.833333,102.843,0.734238
22.850000,102.843,0.000533854
22.866667,102.863,0.112975
22.883333,102.899,0.188939
22.900000,102.911,0.488776
22.916667,102.911,0.00363932
22.933333,102.937,0.223665
22.950000,102.983,0.338451
22.966667,103.023,0.328405
23.000000,103.047,0.319121
23.033333,103.045,0.14349
23.066667,103.143,0.65127
23.083333,103.141,0.00208333
23.100000,103.141,0
23.116667,103.187,0.483626
23.133333,103.187,0
23.150000,103.202,0.112884
23.166667,103.225,0.245703
23.183333,103.226,0.00220703
23.200000,103.288,0.618092
23.233333,103.312,0.266608
23.266667,103.314,0.377383
23.283333,103.345,0.240632
23.300000,103.345,0
23.316667,103.357,0.0885742
23.333333,103.368,0.282422
23.350000,103.368,0
23.366667,103.408,0.318743
23.383333,103.423,0.139147
23.400000,103.444,0.280645
23.433333,103.491,0.420612
23.466667,103.492,0.0733724
23.500000,103.533,0.382708
23.516667,103.546,0.085026
23.533333,103.548,0.101914
23.550000,103.612,0.391146
23.566667,103.627,0.0696224
23.583333,103.626,0.000820312
23.600000,103.628,0.205026
23.616667,103.639,0.331615
23.633333,103.643,0.0510156
23.650000,103.662,0.504062
23.683333,103.641,0.419837
23.716667,103.649,0.0478125
23.750000,103.663,0.234987
23.783333,103.661,0.466087
23.800000,103.662,0.00298177
23.816667,103.668,0.039375
23.833333,103.668,0.000123698
23.850000,103.619,0.583574
23.866667,103.632,0.0665625
23.883333,103.646,0.106074
23.900000,103.646,0
23.916667,103.694,0.253724
23.933333,103.764,0.304447
23.950000,103.763,0.0016862
23.966667,103.812,0.188379
24.000000,103.981,0.57832
24.033333,104.021,0.149362
24.050000,104.067,0.148379
24.066667,104.207,0.450111
24.083333,104.248,0.134362
24.100000,104.249,0.00181641
24.116667,104.316,0.197493
24.133333,104.455,0.375638
24.150000,104.468,0.118001
24.166667,104.511,0.309577
24.200000,104.599,0.500807
24.233333,104.608,0.327174
24.250000,104.614,0.151777
24.266667,104.614,0
24.283333,104.623,0.402611
24.300000,104.594,0.381022
24.316667,104.594,0
24.333333,104.575,0.533717
24.350000,104.592,0.0866146
24.366667,104.625,0.218151
24.400000,104.657,0.472331
24.433333,104.739,0.45347
24.466667,104.863,0.432214
24.500000,104.974,0.700371
24.516667,105.008,0.212181
24.533333,105.009,0.00177734
24.550000,105.07,0.193535
24.566667,105.178,0.842272
24.583333,105.175,0.00559245
24.600000,105.198,0.195215
24.616667,105.21,0.134987
24.633333,105.21,0.549779
24.650000,105.192,0.874395
24.666667,105.166,0.309115
24.700000,105.037,0.490801
24.733333,104.981,0.214336
24.766667,104.881,0.77735
24.783333,104.855,0.158477
24.800000,104.855,0.00473958
24.816667,81.2474,37.7098
24.833333,104.775,37.5779
24.850000,104.787,0.0571159
24.866667,104.709,0.212201
24.883333,104.769,0.603145
24.900000,104.752,0.226517
24.933333,104.769,0.516374
24.966667,104.785,0.252188
24.983333,104.84,0.395697
25.000000,104.842,0.00527344
25.016667,104.897,0.32181
25.033333,104.898,0.000911458
25.050000,104.948,0.501426
25.066667,104.955,0.1589
25.083333,104.972,0.19597
25.100000,104.974,0.00246745
25.116667,104.999,0.537467
25.133333,104.999,0.000377604
25.150000,105.022,0.527773
25.183333,105.014,0.612194
25.216667,105.061,0.360872
25.233333,105.062,0.00568359
25.250000,105.097,0.507578
25.266667,105.099,0.0169271
25.283333,105.099,0
25.300000,105.118,0.493887
25.316667,105.138,0.276354
25.333333,105.161,0.456751
25.366667,105.165,0.192116
25.400000,105.179,0.448503
25.433333,105.156,0.640716
25.450000,105.156,0.13765
25.466667,105.176,0.172962
25.483333,105.208,0.40765
25.500000,105.224,0.312669
25.516667,105.226,0.122135
25.533333,105.247,0.235586
25.550000,105.304,0.344232
25.566667,105.341,0.337826
25.583333,105.373,0.193822
25.600000,105.412,0.254342
25.633333,105.5,0.71304
25.650000,105.501,0.00113932
25.666667,105.448,0.499486
25.683333,105.423,0.438359
25.700000,105.423,0.00308594
25.716667,105.43,0.467337
25.733333,105.439,0.206393
25.750000,105.415,0.56375
25.783333,105.451,0.782227
25.816667,105.439,0.429766
25.850000,105.393,0.730671
25.883333,105.37,0.412975
25.900000,105.367,0.00533854
25.916667,105.342,0.26416
25.933333,105.237,0.659648
25.950000,105.237,0.00251953
25.966667,105.195,0.337884
25.983333,105.195,0
26.000000,105.109,0.349831
26.016667,104.914,0.548698
26.050000,104.855,0.143626
26.066667,104.586,0.689505
26.100000,104.528,0.22291
26.116667,104.529,0.000716146
26.133333,104.431,0.248698
26.150000,104.269,0.505957
26.166667,104.269,0
26.183333,104.198,0.294583
26.200000,104.1,0.245365
26.216667,104.096,0.0061263
26.233333,104.022,0.282904
26.250000,104.023,0.00101563
26.266667,103.949,0.388724
26.300000,103.769,0.605762
26.333333,103.691,0.294863
26.350000,103.691,0
26.366667,103.635,0.299095
26.383333,103.614,0.114284
26.400000,103.613,0.00106771
26.416667,103.594,0.157272
26.433333,103.432,0.514902
26.450000,103.428,0.0891341
26.483333,103.401,0.25862
26.516667,103.354,0.355892
26.533333,103.356,0.00313802
26.550000,103.34,0.0910612
26.566667,103.345,0.220065
26.583333,103.333,0.172852
26.600000,103.332,0.232806
26.616667,103.332,0
26.633333,103.341,0.394408
26.650000,103.317,0.468984
26.683333,103.322,0.291771
26.716667,103.323,0.171628
26.750000,103.318,0.0920573
26.766667,103.298,0.142721
26.783333,103.298,0
26.800000,103.288,0.381328
26.816667,103.294,0.0678776
26.833333,103.28,0.191569
26.866667,103.285,0.326354
26.900000,103.29,0.200742
26.933333,103.291,0.436992
26.950000,103.293,0.0044401
26.966667,103.289,0.026862
26.983333,103.304,0.123724
27.000000,103.3,0.206211
27.016667,103.301,0.00203776
27.033333,103.309,0.163516
27.050000,103.314,0.205898
27.083333,103.325,0.25556
27.100000,103.333,0.11306
27.116667,103.33,0.064974
27.133333,103.33,0.203939
27.166667,103.358,0.279655
27.200000,103.331,0.250723
27.233333,103.372,0.196315
27.250000,103.372,0.0017513
27.266667,103.399,0.197396
27.283333,103.396,0.00942708
27.300000,103.441,0.354414
27.316667,103.452,0.0865169
27.333333,103.463,0.0773307
27.350000,103.466,0.111582
27.366667,103.464,0.00286458
27.383333,103.5,0.356224
27.400000,103.484,0.224616
27.433333,103.466,0.291595
27.466667,103.459,0.159766
27.483333,103.469,0.117617
27.500000,103.467,0.00484375
27.516667,103.469,0.321087
27.533333,103.469,0
27.550000,103.479,0.163301
27.566667,103.465,0.345775
27.600000,103.489,0.185592
27.633333,103.472,0.452096
27.666667,103.474,0.174264
27.683333,103.474,0
27.700000,103.474,0
27.716667,103.453,0.397617
27.733333,103.443,0.090293
27.750000,103.446,0.164076
27.783333,103.476,0.602891
27.816667,103.499,0.082793
27.833333,103.462,0.388242
27.866667,103.438,0.128685
27.883333,103.433,0.117604
27.900000,103.431,0.0035026
27.916667,103.392,0.584661
27.933333,103.391,0.00425781
27.950000,103.389,0.102012
27.966667,103.385,0.117767
27.983333,103.378,0.170117
28.000000,103.322,0.459928
28.033333,103.259,0.471113
28.066667,103.236,0.188802
28.100000,103.191,0.391178
28.116667,103.176,0.0930794
28.133333,103.126,0.235111
28.150000,103.084,0.291133
28.166667,103.073,0.125918
28.200000,103.039,0.348704
28.216667,103.034,0.11252
28.233333,103.02,0.174681
28.250000,102.981,0.429316
28.283333,102.931,0.2786
28.316667,102.901,0.345547
28.350000,102.841,0.54013
28.366667,102.831,0.142936
28.383333,102.828,0.102448
28.400000,102.81,0.173424
28.416667,102.814,0.189557
28.433333,102.746,0.366387
28.450000,102.736,0.191367
28.466667,102.721,0.272891
28.500000,102.631,0.489023
28.533333,102.613,0.150618
28.550000,102.595,0.203685
28.566667,102.567,0.51582
28.583333,102.565,0.00421875
28.600000,102.565,0
28.616667,102.549,0.288594
28.633333,102.549,0
28.650000,102.485,0.634811
28.666667,102.494,0.0520117
28.683333,102.505,0.147415
28.716667,102.524,0.38668
28.750000,102.538,0.423783
28.766667,102.538,0
28.783333,102.542,0.104733
28.800000,102.558,0.393372
28.816667,102.582,0.186751
28.833333,102.602,0.371536
28.850000,102.631,0.190378
28.866667,102.644,0.309264
28.883333,102.652,0.136621
28.900000,102.676,0.383561
28.916667,102.678,0.0027474
28.933333,102.751,0.529473
28.966667,102.8,0.29373
29.000000,102.789,0.443112
29.016667,102.822,0.138887
29.033333,102.821,0.0010612
29.050000,102.864,0.432096
29.066667,102.863,0.00104167
29.083333,102.853,0.430625
29.100000,102.855,0.00145833
29.116667,102.869,0.191953
29.133333,102.884,0.164238
29.150000,102.945,0.548516
29.183333,102.946,0.600358
29.200000,102.943,0.00379557
29.216667,102.967,0.102604
29.233333,102.966,0.00138021
29.250000,103.018,0.406237
29.266667,103.015,0.00806641
29.283333,103.02,0.0974414
29.300000,103.052,0.507962
29.316667,103.072,0.190234
29.333333,103.072,0
29.366667,103.114,0.600163
29.383333,103.134,0.115514
29.416667,103.167,0.309043
29.433333,103.205,0.247109
29.450000,103.2,0.203861
29.466667,103.212,0.10127
29.483333,103.212,0
29.500000,103.235,0.164141
29.516667,103.228,0.204759
29.533333,103.27,0.40571
29.566667,103.327,0.285944
29.583333,103.354,0.221432
29.600000,103.358,0.00532552
29.616667,103.353,0.145957
29.650000,103.38,0.264642
29.683333,103.462,0.591139
29.700000,103.466,0.00647786
29.716667,103.466,0
29.733333,103.48,0.508861
29.750000,103.48,0.000208333
29.766667,103.484,0.0585026
29.783333,103.492,0.075319
29.800000,103.533,0.507839
29.816667,103.557,0.123626
29.833333,103.574,0.211263
29.866667,103.577,0.262038
29.900000,103.599,0.712493
29.933333,103.619,0.138945
29.950000,103.62,0.00356771
29.966667,103.627,0.233815
29.983333,103.631,0.0643034
30.000000,103.631,0.407767
30.016667,103.622,0.0535482
30.033333,103.626,0.208236
30.066667,103.646,0.414089
30.100000,103.659,0.161608
30.133333,103.657,0.0985417
30.150000,103.716,0.300026
30.166667,103.717,0.00173177
30.183333,103.732,0.265469
30.200000,103.732,0.000983073
30.216667,103.762,0.125553
30.233333,103.886,0.483548
30.266667,103.962,0.293828
30.300000,104.13,0.498659
30.333333,104.194,0.254115
30.350000,104.194,0
30.366667,104.3,0.277617
30.383333,104.431,0.503672
30.400000,104.431,0
30.416667,104.476,0.338874
30.433333,104.474,0.00385417
30.450000,104.614,0.595345
30.466667,104.619,0.123965
30.500000,104.594,0.289564
30.533333,104.569,0.573079
30.566667,104.567,0.535859
30.583333,104.566,0.00144531
30.600000,104.576,0.29418
30.616667,104.575,0.00133464
30.633333,104.575,0
30.650000,104.656,0.549987
30.666667,104.656,0.000410156
30.683333,104.72,0.393079
30.700000,104.717,0.00438802
30.716667,104.759,0.215221
30.733333,104.975,1.01565
30.766667,105.013,0.119837
30.800000,105.106,0.713626
30.816667,105.107,0.00234375
30.833333,105.153,0.501094
30.850000,105.164,0.164128
30.866667,105.178,0.577786
30.883333,105.191,0.216992
30.900000,105.156,0.637813
30.916667,105.115,0.356452
30.950000,105.115,0.00234375
30.983333,105.115,0
31.000000,105.115,0
31.016667,104.978,0.685495
31.033333,104.978,0.00046875
31.050000,104.87,1.12755
31.066667,104.869,0.00265625
31.083333,104.805,0.21043
31.100000,104.808,0.343828
31.116667,104.817,0.0729167
31.133333,104.794,0.875104
31.166667,104.8,0.0433268
31.183333,104.8,0
31.200000,104.514,0.667116
31.233333,104.463,0.0973763
31.250000,104.447,0.0461393
31.266667,104.447,0.000911458
31.283333,104.447,0
31.300000,104.447,0
31.316667,104.447,0
31.333333,104.447,0
31.350000,104.638,0.995859
31.366667,104.645,0.0112695
31.400000,104.751,0.509753
31.433333,104.814,0.504551
31.450000,104.816,0.00244792
31.466667,104.816,0
31.483333,104.838,0.197611
31.500000,104.838,0
31.516667,104.961,1.10824
31.533333,104.962,0.00207682
31.550000,105.007,0.659876
31.566667,105.006,0.00154297
31.583333,105.045,0.384753
31.600000,105.058,0.183125
31.633333,105.091,0.688353
31.666667,105.086,0.622116
31.700000,105.086,0.38224
31.733333,105.083,0.229414
31.750000,105.083,0
31.766667,105.083,0
31.783333,105.081,0.616732
31.800000,105.118,0.402676
31.816667,105.118,0.00140625
31.833333,105.168,0.607155
31.850000,105.185,0.0963151
31.866667,105.224,0.209434
31.900000,105.335,0.896432
31.933333,105.383,0.171816
31.966667,105.439,0.751563
31.983333,105.437,0.00267578
32.000000,105.411,0.428743
32.016667,105.408,0.00432943
32.033333,105.408,0
32.050000,105.406,0.5061
32.066667,105.47,0.365312
32.083333,105.441,0.499017
32.116667,105.471,0.566947
32.150000,105.445,0.930234
32.183333,105.386,0.852357
32.200000,105.388,0.00546224
32.216667,105.399,0.116908
32.233333,105.352,0.349082
32.250000,105.352,0
32.266667,105.238,0.900332
32.300000,105.133,0.353952
32.333333,105.034,0.283132
32.366667,104.894,0.405983
32.400000,104.614,0.720736
32.416667,104.616,0.00347005
32.433333,104.616,0
32.450000,104.551,0.279642
32.466667,104.493,0.214167
32.483333,104.405,0.196042
32.500000,104.288,0.336569
32.533333,104.073,0.535755
32.566667,103.959,0.433776
32.600000,103.923,0.249714
32.616667,103.786,0.376068
32.633333,103.784,0.00483724
32.650000,103.758,0.18056
32.666667,103.685,0.252734
32.683333,103.684,0.00177734
32.700000,103.638,0.174154
32.716667,103.476,0.744004
32.750000,103.391,0.2036
32.783333,103.388,0.0799935
32.816667,103.361,0.216686
32.833333,103.361,0.000670573
32.850000,103.346,0.420664
32.866667,103.349,0.00372396
32.883333,103.349,0
32.900000,103.334,0.189134
32.916667,103.316,0.24265
32.933333,103.318,0.00155599
32.950000,103.309,0.2661
32.966667,103.32,0.261276
32.983333,103.3,0.446159
33.000000,103.309,0.0551497
33.033333,103.304,0.452689
33.050000,103.306,0.0766471
33.066667,103.305,0.000820312
33.083333,103.305,0
33.100000,103.289,0.143034
33.116667,103.28,0.180059
33.133333,103.259,0.189421
33.150000,103.263,0.00701172
33.166667,103.296,0.194967
33.183333,103.298,0.00200521
33.200000,103.288,0.410645
33.233333,103.287,0.0656901
33.250000,103.299,0.276237
33.266667,103.298,0.00130859
33.283333,103.306,0.196322
33.300000,103.307,0.0051237
33.316667,103.293,0.218757
33.333333,103.293,0.245456
33.350000,103.307,0.221302
33.383333,103.313,0.172005
33.416667,103.332,0.135768
33.450000,103.36,0.303737
33.466667,103.373,0.264069
33.483333,103.372,0.000989583
33.500000,103.372,0
33.516667,103.384,0.291016
33.533333,103.383,0.00176432
33.550000,103.379,0.230879
33.566667,103.388,0.107031
33.583333,103.414,0.205462
33.600000,103.414,0
33.633333,103.433,0.466484
33.666667,103.475,0.390879
33.683333,103.475,0
33.700000,103.483,0.0515299
33.716667,103.482,0.00169922
33.733333,103.482,0
33.750000,103.484,0.0343099
33.766667,103.495,0.116139
33.783333,103.48,0.273978
33.800000,103.458,0.320781
33.833333,103.458,0.262025
33.850000,103.443,0.155475
33.883333,103.458,0.0615299
33.900000,103.454,0.368294
33.916667,103.455,0.00230469
33.933333,103.459,0.0991862
33.950000,103.462,0.0842448
33.966667,103.462,0
33.983333,103.452,0.224772
34.000000,103.5,0.417819
34.016667,103.505,0.0763672
34.050000,103.529,0.292676
34.083333,103.535,0.494961
34.116667,103.499,0.537839
34.133333,103.5,0.00207031
34.150000,103.515,0.100885
34.166667,103.515,0.00348958
34.183333,103.445,0.292174
34.200000,103.454,0.206354
34.216667,103.437,0.110143
34.233333,103.437,0
34.250000,103.404,0.277422
34.266667,103.402,0.00201172
34.283333,103.357,0.454141
34.300000,103.355,0.135553
34.333333,103.31,0.475703
34.366667,103.284,0.281243
34.383333,103.283,0.00559896
34.400000,103.234,0.419954
34.416667,103.21,0.138555
34.433333,103.156,0.325599
34.450000,103.155,0.00123698
34.466667,103.155,0
34.483333,103.097,0.536484
34.500000,103.078,0.254375
34.533333,102.995,0.643008
34.550000,102.994,0.00250651
34.583333,102.951,0.16263
34.616667,102.895,0.503294
34.633333,102.893,0.00239583
34.650000,102.856,0.363698
34.666667,102.851,0.356549
34.683333,102.851,0.00269531
34.700000,102.823,0.319095
34.716667,102.801,0.224648
34.733333,102.722,0.540352
34.766667,102.703,0.319382
34.800000,102.703,0.072181
34.833333,102.653,0.384798
34.850000,102.651,0.00201172
34.866667,102.647,0.11627
34.883333,102.628,0.159889
34.900000,102.627,0.00148438
34.916667,102.546,0.652819
34.933333,102.548,0.00189453
34.950000,102.55,0.29651
34.966667,102.521,0.646185
34.983333,102.522,0.00126302
35.016667,102.543,0.293743
35.050000,102.558,0.549603
35.083333,102.565,0.183717
35.100000,102.593,0.430775
35.116667,102.603,0.258874
35.133333,102.613,0.173965
35.150000,102.612,0.00170573
35.166667,102.627,0.17196
35.183333,102.637,0.15791
35.216667,102.7,0.913822
35.233333,102.707,0.0363216
35.266667,102.743,0.417845
35.283333,102.766,0.119512
35.300000,102.781,0.0702604
35.316667,102.787,0.36722
35.333333,102.787,0.00604818
35.350000,102.813,0.12487
35.366667,102.85,0.266888
35.383333,102.832,0.257695
35.400000,102.839,0.167643
35.433333,102.824,0.382259
35.466667,102.902,0.348092
35.500000,102.966,0.825527
35.516667,102.98,0.0811003
35.533333,102.98,0
35.550000,103.033,0.391055
35.566667,103.033,0.00476562
35.583333,103.044,0.167428
35.600000,103.055,0.164987
35.616667,103.1,0.52543
35.633333,103.097,0.00342448
35.666667,103.104,0.0705599
35.700000,103.164,0.297266
35.716667,103.162,0.0023112
35.733333,103.223,0.70806
35.750000,103.223,0
35.766667,103.229,0.0409896
35.783333,103.283,0.430872
35.800000,103.284,0.0598372
35.816667,103.284,0
35.833333,103.312,0.727135
35.866667,103.348,0.203926
35.883333,103.359,0.092207
35.916667,103.405,0.540143
35.950000,103.413,0.0707096
35.966667,103.413,0
35.983333,103.427,0.131732
