0.000000,105.62,0
0.016667,105.633,0.11151
0.033333,105.66,0.103665
0.050000,105.676,0.422656
0.066667,105.726,0.290143
0.083333,105.774,0.285645
0.100000,105.822,0.273802
0.116667,105.847,0.194557
0.133333,105.895,0.386823
0.166667,105.823,1.34188
0.183333,105.821,0.0135417
0.216667,105.797,0.331589
0.233333,105.795,0.0026888
0.250000,105.84,0.753229
0.266667,105.839,0.00229167
0.283333,105.825,0.203919
0.300000,105.816,0.960059
0.333333,105.8,0.417799
0.366667,105.707,1.00191
0.383333,105.709,0.00295573
0.416667,105.712,0.12694
0.450000,105.642,0.669798
0.466667,105.577,0.272852
0.483333,105.459,0.511185
0.500000,105.418,0.213763
0.516667,105.194,0.597357
0.533333,105.192,0.00559245
0.566667,104.906,0.742793
0.583333,104.907,0.000807292
0.600000,104.805,0.273776
0.633333,104.748,0.242943
0.666667,104.551,0.493053
0.683333,104.546,0.0186979
0.700000,104.467,0.379499
0.716667,104.464,0.00423177
0.733333,104.239,0.628197
0.750000,104.238,0.00436849
0.766667,104.224,0.0877539
0.783333,104.185,0.144121
0.800000,104.156,0.180964
0.816667,104.111,0.253594
0.833333,104.025,0.385898
0.866667,103.961,0.472741
0.883333,103.959,0.00383464
0.900000,103.929,0.216719
0.916667,103.927,0.00369792
0.933333,103.91,0.0855404
0.950000,103.888,0.157038
0.966667,103.754,0.513001
0.983333,103.709,0.198783
1.016667,103.707,0.400371
1.050000,103.679,0.347422
1.066667,103.682,0.00455729
1.083333,103.708,0.3175
1.100000,103.714,0.0071875
1.116667,103.693,0.234987
1.133333,103.694,0.000416667
1.150000,103.721,0.108978
1.166667,103.729,0.225514
1.183333,103.68,0.771042
1.200000,103.662,0.103574
1.216667,103.657,0.0917904
1.233333,103.696,0.367767
1.250000,103.697,0.00284505
1.266667,103.681,0.165977
1.300000,103.691,0.399004
1.316667,103.69,0.00200521
1.333333,103.693,0.13623
1.350000,103.68,0.142826
1.366667,103.701,0.196081
1.383333,103.704,0.00502604
1.400000,103.699,0.111211
1.416667,103.699,0.000416667
1.433333,103.731,0.417161
1.450000,103.732,0.00654297
1.466667,103.731,0.316901
1.483333,103.732,0.00119141
1.500000,103.756,0.264186
1.533333,103.764,0.128158
1.550000,103.756,0.11944
1.566667,103.781,0.158092
1.583333,103.782,0.0014388
1.600000,103.785,0.337695
1.616667,103.795,0.111855
1.633333,103.794,0.00218099
1.650000,103.798,0.231113
1.666667,103.8,0.00264323
1.683333,103.839,0.189909
1.700000,103.841,0.174486
1.733333,103.845,0.443613
1.750000,103.85,0.100573
1.783333,103.851,0.140625
1.800000,103.866,0.0904818
1.816667,103.907,0.183652
1.833333,103.914,0.00772786
1.850000,103.946,0.256549
1.866667,103.993,0.447669
1.883333,103.998,0.158861
1.900000,103.998,0
1.933333,103.967,0.224564
1.966667,103.946,0.287611
2.000000,103.966,0.365234
2.016667,103.967,0.00876953
2.033333,103.979,0.258626
2.050000,103.98,0.0015625
2.066667,103.976,0.225651
2.083333,103.978,0.00443359
2.100000,103.983,0.288223
2.116667,103.983,0.0025651
2.133333,103.972,0.410137
2.166667,104.021,0.432663
2.200000,104.009,0.291628
2.216667,103.993,0.170703
2.233333,103.983,0.0145508
2.250000,104.005,0.343737
2.266667,104.002,0.00654297
2.283333,104.013,0.131237
2.300000,104.004,0.382773
2.333333,104.028,0.288379
2.366667,103.97,0.356296
2.400000,103.941,0.220924
2.416667,103.938,0.145306
2.433333,103.848,0.284512
2.450000,103.867,0.154577
2.466667,103.832,0.25168
2.483333,103.833,0.00122396
2.500000,103.798,0.309043
2.533333,103.745,0.433216
2.566667,103.717,0.497266
2.600000,103.655,0.489518
2.616667,103.62,0.16276
2.633333,103.62,0.00451172
2.650000,103.581,0.330111
2.666667,103.534,0.264642
2.683333,103.53,0.00469401
2.700000,103.497,0.167441
2.716667,103.47,0.181328
2.733333,103.365,0.543971
2.750000,103.351,0.0199349
2.766667,103.259,0.554896
2.800000,103.264,0.161257
2.833333,103.227,0.465853
2.850000,103.228,5.20833e-05
2.866667,103.185,0.280853
2.883333,103.171,0.275033
2.900000,103.142,0.246374
2.916667,103.132,0.145716
2.933333,103.133,0.00129557
2.950000,103.105,0.419701
2.966667,103.073,0.478444
3.000000,102.974,0.73028
3.033333,102.961,0.134967
3.066667,102.946,0.453437
3.083333,102.945,0.00415365
3.100000,102.906,0.449349
3.116667,102.903,0.0085026
3.133333,102.894,0.342624
3.150000,102.891,0.00821615
3.166667,102.842,0.508815
3.183333,102.843,0.00806641
3.200000,102.82,0.37737
3.233333,102.8,0.512598
3.250000,102.783,0.155124
3.283333,102.786,0.436842
3.300000,102.787,0.00792969
3.316667,102.328,1.10229
3.333333,102.33,0.00438802
3.350000,102.357,0.365254
3.366667,102.358,0.000794271
3.383333,102.434,0.564401
3.400000,102.435,0.00138672
3.416667,102.444,0.0661979
3.433333,102.444,0.580384
3.450000,102.496,0.366178
3.483333,102.522,0.365091
3.500000,102.561,0.113105
3.533333,102.649,0.511081
3.550000,102.65,0.00201823
3.566667,102.698,0.351823
3.583333,102.701,0.00649089
3.600000,102.718,0.430417
3.616667,102.721,0.00392578
3.633333,102.712,0.195918
3.650000,102.75,0.298125
3.666667,102.798,0.493236
3.683333,102.8,0.00213542
3.700000,102.79,0.471094
3.733333,102.798,0.416706
3.766667,102.822,0.4514
3.783333,102.816,0.148548
3.800000,102.815,0.00380859
3.816667,102.861,0.432539
3.833333,102.861,0
3.850000,102.879,0.153561
3.866667,102.897,0.128066
3.883333,102.926,0.197546
3.900000,103.014,0.484023
3.916667,103.016,0.00888021
3.933333,103.056,0.383529
3.966667,103.09,0.163444
4.000000,103.157,0.56252
4.016667,103.157,0.00238932
4.033333,103.155,0.150111
4.050000,103.176,0.413646
4.066667,103.177,0.00591146
4.083333,103.216,0.308906
4.100000,103.217,0.00671224
4.116667,103.251,0.441159
4.133333,103.25,0.00930339
4.150000,103.265,0.0903581
4.166667,103.343,0.428874
4.200000,103.364,0.285189
4.233333,103.403,0.325937
4.250000,103.394,0.0135482
4.266667,103.422,0.451589
4.283333,103.424,0.00359375
4.300000,103.428,0.257266
4.316667,103.427,0.00501302
4.333333,103.476,0.445885
4.350000,103.478,0.0104492
4.366667,103.494,0.417142
4.383333,103.493,0.00591146
4.416667,103.501,0.114427
4.450000,103.49,0.884316
4.466667,103.481,0.146999
4.483333,103.477,0.0657422
4.500000,103.492,0.135566
4.516667,103.496,0.13752
4.533333,103.496,0.0038737
4.550000,103.511,0.196439
4.566667,103.489,0.161712
4.583333,103.538,0.291895
4.600000,103.536,0.420475
4.616667,103.537,0.0113281
4.650000,103.627,0.446771
4.683333,103.644,0.179225
4.700000,103.677,0.122526
4.716667,103.676,0.00499349
4.733333,103.758,0.388652
4.766667,103.823,0.193053
4.783333,104.002,0.566393
4.816667,104.094,0.203607
4.850000,104.174,0.33403
4.883333,104.35,0.587702
4.916667,104.379,0.162096
4.933333,104.379,0.00419271
4.950000,104.508,0.596699
4.966667,104.508,0.00031901
4.983333,104.566,0.604779
5.000000,104.573,0.121094
5.016667,104.58,0.429023
5.033333,104.578,0.00576172
5.066667,104.49,0.571667
5.083333,104.493,0.00281901
5.100000,104.527,0.223294
5.133333,104.559,0.441159
5.150000,104.57,0.0739258
5.183333,104.612,0.660404
5.200000,104.667,0.191784
5.216667,104.711,0.268307
5.233333,104.716,0.00683594
5.250000,104.801,0.311523
5.266667,104.857,0.291842
5.283333,104.934,0.655312
5.300000,104.933,0.00216146
5.316667,105.044,0.57877
5.333333,105.046,0.00298828
5.350000,105.106,0.579753
5.383333,105.097,0.28347
5.416667,105.094,0.00383464
5.433333,105.094,0
5.450000,105.131,0.737812
5.466667,105.132,0.000696615
5.483333,104.944,1.37288
5.500000,104.842,0.417799
5.516667,104.768,0.518555
5.550000,104.742,0.413861
5.583333,104.689,0.472695
5.616667,104.679,0.185312
5.633333,104.683,0.00521484
5.650000,104.712,0.531354
5.666667,104.714,0.00335286
5.683333,104.714,0
5.716667,104.724,0.143451
5.733333,104.722,0.00442708
5.766667,104.678,0.314857
5.783333,104.679,0.00428385
5.800000,104.696,0.16043
5.833333,104.683,0.571048
5.850000,104.677,0.0152344
5.866667,104.786,0.602005
5.883333,104.788,0.0029362
5.900000,104.852,0.468665
5.916667,104.941,0.91737
5.950000,105.021,0.636758
5.966667,105.03,0.129674
6.000000,105.063,0.772174
6.033333,105.089,0.443835
6.050000,105.075,0.298672
6.066667,105.071,0.0107031
6.083333,105.085,0.528008
6.100000,105.088,0.00988932
6.116667,105.077,0.41123
6.133333,105.079,0.00176432
6.150000,105.077,0.557695
6.166667,105.078,0.00270833
6.183333,105.046,0.524837
6.200000,105.046,0.00244792
6.216667,104.961,0.650697
6.233333,104.959,0.00673177
6.250000,105.062,0.749167
6.266667,105.062,0.00373047
6.300000,105.12,0.391569
6.333333,105.168,0.243092
6.350000,105.223,0.393171
6.366667,105.246,0.191882
6.383333,105.309,0.648236
6.400000,105.311,0.00432292
6.416667,105.391,0.281335
6.433333,105.393,0.00216797
6.450000,105.333,1.31025
6.483333,105.314,0.578112
6.516667,105.305,0.437799
6.533333,105.314,0.239655
6.550000,105.317,0.00558594
6.566667,105.341,0.764199
6.583333,105.341,0.00250651
6.600000,105.261,0.828945
6.616667,105.261,0.00372396
6.633333,105.232,0.504714
6.650000,105.233,0.00106771
6.683333,105.121,0.679635
6.716667,104.938,0.699928
6.733333,104.929,0.0101302
6.750000,104.824,0.449342
6.766667,104.825,0.00267578
6.783333,104.757,0.182507
6.800000,104.671,0.242734
6.816667,104.599,0.238288
6.833333,104.596,0.00573568
6.850000,104.399,0.568568
6.866667,104.337,0.177441
6.883333,104.21,0.378288
6.900000,104.206,0.00746094
6.933333,104.03,0.49901
6.950000,104.008,0.181901
6.966667,103.962,0.158652
6.983333,103.887,0.269232
7.000000,103.883,0.00472656
7.016667,103.729,0.517116
7.033333,103.572,0.574603
7.050000,103.573,0.00473307
7.066667,103.499,0.329668
7.100000,103.472,0.113027
7.116667,103.424,0.250312
7.150000,103.409,0.168717
7.166667,103.383,0.110098
7.183333,103.368,0.199837
7.200000,103.215,0.500469
7.216667,103.213,0.00578776
7.233333,103.188,0.334531
7.250000,103.182,0.0173112
7.266667,103.156,0.275573
7.283333,103.158,0.0073112
7.300000,103.139,0.303242
7.316667,103.147,0.0131185
7.333333,103.121,0.493066
7.366667,103.128,0.13224
7.400000,103.136,0.0762826
7.416667,103.151,0.194486
7.433333,103.083,0.723932
7.450000,103.089,0.0983464
7.466667,103.075,0.118385
7.483333,103.096,0.142389
7.500000,103.097,0.00170573
7.516667,103.114,0.393073
7.533333,103.115,0.00629557
7.550000,103.147,0.411712
7.583333,103.15,0.0572201
7.616667,103.144,0.364941
7.633333,103.155,0.088737
7.650000,103.143,0.125046
7.666667,103.145,0.00265625
7.683333,103.136,0.306159
7.700000,103.139,0.00388021
7.716667,103.159,0.306159
7.733333,103.159,0.000611979
7.750000,103.176,0.107415
7.766667,103.187,0.103678
7.783333,103.196,0.1739
7.800000,103.218,0.279349
7.816667,103.222,0.155645
7.850000,103.211,0.293073
7.866667,103.245,0.119004
7.883333,103.243,0.0661589
7.900000,103.243,0
7.916667,103.256,0.162454
7.933333,103.289,0.21347
7.950000,103.3,0.311615
7.966667,103.298,0.00229167
8.000000,103.323,0.366953
8.033333,103.344,0.234089
8.050000,103.339,0.00765625
8.066667,103.375,0.342422
8.083333,103.376,0.00563151
8.100000,103.398,0.196107
8.116667,103.399,0.00514323
8.133333,103.411,0.382897
8.150000,103.398,0.0519401
8.166667,103.406,0.137852
8.200000,103.384,0.277891
8.233333,103.315,0.40569
8.250000,103.313,0.00383464
8.266667,103.323,0.315892
8.283333,103.308,0.0544596
8.300000,103.313,0.101634
8.316667,103.317,0.00483073
8.333333,103.341,0.323724
8.350000,103.342,0.00109375
8.366667,103.348,0.230703
8.383333,103.347,0.00174479
8.400000,103.329,0.125977
8.416667,103.329,0
8.433333,103.398,0.60304
8.450000,103.411,0.224603
8.483333,103.403,0.304206
8.500000,103.396,0.00921224
8.516667,103.416,0.31263
8.533333,103.437,0.120163
8.550000,103.412,0.237272
8.566667,103.412,0.00872396
8.583333,103.43,0.315098
8.600000,103.431,0.00567057
8.616667,103.378,0.402246
8.633333,103.377,0.00335937
8.650000,103.37,0.160273
8.666667,103.28,0.468926
8.700000,103.24,0.357233
8.733333,103.197,0.427943
8.750000,103.183,0.135573
8.766667,103.179,0.00496745
8.783333,103.13,0.414316
8.800000,103.128,0.00304688
8.816667,103.111,0.350313
8.833333,103.11,0.000885417
8.850000,103.026,0.668613
8.866667,103.025,0.00669922
8.883333,103.016,0.106224
8.916667,103.001,0.197969
8.950000,102.949,0.210885
8.966667,102.919,0.196979
8.983333,102.911,0.171178
9.000000,102.897,0.187643
9.016667,102.814,0.533548
9.033333,102.794,0.129271
9.050000,102.793,0.16929
9.066667,102.789,0.00588542
9.083333,102.73,0.514655
9.100000,102.695,0.30901
9.116667,102.646,0.32847
9.150000,102.606,0.62929
9.183333,102.556,0.171081
9.200000,102.523,0.226608
9.216667,102.404,0.436927
9.233333,102.398,0.0066276
9.250000,102.375,0.367227
9.266667,102.376,0.00164714
9.283333,102.336,0.390964
9.300000,102.334,0.00676432
9.316667,102.321,0.388952
9.333333,102.319,0.208984
9.366667,102.323,0.389694
9.400000,102.298,0.14056
9.416667,102.309,0.191986
9.433333,102.276,0.640443
9.450000,102.277,0.00616536
9.466667,102.29,0.269961
9.483333,102.277,0.207982
9.500000,102.277,0.00492188
9.516667,102.315,0.547207
9.550000,102.355,0.363379
9.583333,102.44,0.716966
9.616667,102.414,0.163828
9.650000,102.474,0.431979
9.666667,102.488,0.595716
9.683333,102.49,0.0112174
9.700000,102.452,0.144896
9.716667,102.485,0.215104
9.733333,102.537,0.398053
9.750000,102.532,0.00626302
9.766667,102.57,0.683268
9.783333,102.57,0.000208333
9.816667,102.626,0.304941
9.850000,102.643,0.426465
9.883333,102.686,0.408288
9.900000,102.689,0.00921224
9.916667,102.715,0.1361
9.933333,102.712,0.00397135
9.950000,102.739,0.331543
9.966667,102.778,0.467031
9.983333,102.777,0.00434245
10.000000,102.788,0.349453
10.016667,102.788,0.0053776
10.033333,102.896,0.661497
10.050000,102.899,0.126243
10.083333,102.974,0.461602
10.100000,103,0.102194
10.133333,103.06,0.473516
10.150000,103.059,0.00580078
10.166667,103.073,0.168307
10.183333,103.079,0.205039
10.200000,103.086,0.0932943
10.216667,103.118,0.253828
10.233333,103.152,0.66403
10.250000,103.149,0.0146615
10.283333,103.223,0.559414
10.300000,103.224,0.00286458
10.333333,103.242,0.224251
10.350000,103.242,0
10.366667,103.274,0.462565
10.383333,103.274,0.0026237
10.400000,103.28,0.087832
10.416667,103.281,0.00147135
10.433333,103.314,0.346146
10.450000,103.318,0.00532552
10.466667,103.357,0.390944
10.483333,103.434,0.569701
10.516667,103.425,0.12819
10.550000,103.433,0.242214
10.566667,103.434,0.00133464
10.583333,103.492,0.448262
10.600000,103.498,0.011276
10.616667,103.508,0.064987
10.633333,103.503,0.152773
10.650000,103.531,0.462083
10.666667,103.529,0.00309896
10.683333,103.477,0.555469
10.700000,103.474,0.173509
10.733333,103.469,0.35084
10.766667,103.485,0.209382
10.783333,103.454,0.217591
10.800000,103.455,0.0083138
10.816667,103.488,0.310736
10.833333,103.489,0.00347005
10.850000,103.502,0.291087
10.866667,103.503,0.00140625
10.883333,103.519,0.267669
10.900000,103.517,0.00485677
10.916667,103.548,0.0991146
10.933333,103.647,0.534909
10.966667,103.693,0.234063
11.000000,103.821,0.414824
11.016667,103.822,0.00287109
11.033333,103.902,0.227122
11.050000,103.95,0.140208
11.066667,104.117,0.450872
11.083333,104.123,0.0124089
11.100000,104.207,0.286361
11.116667,104.243,0.260716
11.150000,104.44,0.743359
11.166667,104.44,0.00145182
11.200000,104.499,0.316348
11.233333,104.6,0.707624
11.250000,104.6,0.00572266
11.266667,104.564,0.253711
11.283333,104.546,0.195143
11.300000,104.525,0.303125
11.316667,104.526,0.00153646
11.333333,104.496,0.11929
11.350000,104.484,0.124766
11.366667,104.479,0.358828
11.383333,104.521,0.350625
11.416667,104.583,0.46069
11.450000,104.677,0.520911
11.483333,104.789,0.44916
11.500000,104.787,0.0075651
11.516667,104.896,0.724837
11.533333,104.956,0.229681
11.550000,104.984,0.233249
11.566667,104.986,0.00678385
11.583333,105.049,0.403333
11.600000,105.078,0.86765
11.616667,105.075,0.00395182
11.633333,105.091,0.353978
11.666667,105.02,1.12837
11.683333,105.009,0.0912435
11.716667,104.874,0.636901
11.733333,104.839,0.208053
11.750000,104.842,0.00414063
11.766667,104.776,0.231452
11.783333,104.789,0.0991602
11.800000,104.749,0.213203
11.816667,104.739,0.614629
11.833333,104.718,0.321992
11.866667,104.686,0.769342
11.900000,104.69,0.00494141
11.933333,104.731,0.740768
11.950000,104.731,0.000351562
11.966667,104.716,0.14276
11.983333,104.731,0.19612
12.000000,104.73,0.169434
12.016667,104.797,0.30084
12.033333,104.803,0.296061
12.050000,104.835,0.128678
12.066667,104.858,0.230521
12.083333,104.908,0.600853
12.100000,104.935,0.367995
12.133333,104.955,0.246862
12.166667,104.997,0.552357
12.200000,105.033,0.358724
12.216667,105.032,0.00313802
12.233333,105.06,0.569831
12.250000,105.055,0.14373
12.266667,105.07,0.226602
12.283333,105.071,0.0176823
12.300000,105.093,0.639635
12.316667,105.088,0.00795573
12.333333,105.105,0.445293
12.366667,105.089,0.510716
12.383333,105.086,0.195931
12.416667,105.086,0.283789
12.433333,105.085,0.00321615
12.450000,105.059,0.218099
12.466667,105.087,0.358717
12.483333,105.044,0.265313
12.500000,105.054,0.539102
12.516667,105.053,0.0053776
12.533333,105.094,0.572923
12.550000,105.133,0.471393
12.583333,105.236,0.65429
12.600000,105.282,0.147096
12.633333,105.358,0.596458
12.666667,105.293,1.25686
12.683333,105.286,0.0159375
12.700000,105.243,0.335866
12.716667,105.252,0.466211
12.733333,105.253,0.00318359
12.750000,105.237,0.513633
12.766667,105.241,0.0057487
12.783333,105.237,0.489961
12.800000,105.249,0.373145
12.833333,105.262,0.58498
12.866667,105.218,0.614531
12.883333,105.189,0.306895
12.900000,105.19,0.000416667
12.916667,105.17,0.229538
12.933333,105.171,0.00126302
12.950000,105.099,0.70293
12.966667,104.916,0.74431
12.983333,104.914,0.00901042
13.016667,104.7,0.578633
13.050000,104.558,0.384954
13.066667,104.558,0
13.083333,104.363,0.544264
13.100000,104.364,0.00500651
13.116667,104.364,0
13.133333,104.26,0.326243
13.150000,104.002,0.837129
13.183333,103.95,0.124622
13.216667,103.738,0.548659
13.250000,103.666,0.401139
13.283333,103.579,0.322767
13.300000,103.547,0.227227
13.316667,103.542,0.0102279
13.333333,103.469,0.366374
13.350000,103.418,0.185436
13.366667,103.374,0.393105
13.383333,103.373,0.00553385
13.400000,103.373,0
13.433333,103.326,0.235052
13.466667,103.179,0.662891
13.500000,103.158,0.255794
13.516667,103.161,0.00401042
13.533333,103.158,0.360781
13.550000,103.16,0.00714844
13.566667,103.14,0.145046
13.583333,103.156,0.123145
13.600000,103.143,0.205586
13.616667,103.159,0.0986328
13.633333,103.174,0.332689
13.666667,103.09,1.01148
13.700000,103.09,0.135072
13.733333,103.124,0.313099
13.750000,103.12,0.0905599
13.766667,103.124,0.00541016
13.783333,103.101,0.241895
13.800000,103.101,0.00752604
13.816667,103.126,0.156836
13.833333,103.127,0.107174
13.850000,103.115,0.245677
13.866667,103.115,0.000598958
13.883333,103.14,0.349479
13.916667,103.138,0.0786719
13.950000,103.168,0.522233
13.966667,103.168,0.00965495
13.983333,103.18,0.0509831
14.000000,103.198,0.217878
14.016667,103.199,0.00130208
14.033333,103.21,0.324922
14.050000,103.213,0.00359375
14.066667,103.217,0.231497
14.083333,103.216,0.00152995
14.100000,103.229,0.320514
14.116667,103.23,0.0975977
14.150000,103.252,0.269902
14.183333,103.267,0.298229
14.200000,103.262,0.0117318
14.216667,103.27,0.0759766
14.233333,103.181,0.288874
14.250000,103.236,0.263542
14.266667,103.273,0.246068
14.300000,103.317,0.24571
14.316667,103.328,0.134277
14.350000,103.342,0.188809
14.366667,103.362,0.243275
14.400000,103.365,0.0801497
14.416667,103.368,0.0983854
14.433333,103.36,0.287995
14.450000,103.364,0.00744792
14.466667,103.349,0.234063
14.483333,103.328,0.0898503
14.500000,103.326,0.00229167
14.516667,103.346,0.374707
14.533333,103.346,0.00595052
14.550000,103.341,0.157878
14.583333,103.342,0.35349
14.616667,103.34,0.188743
14.633333,103.338,0.0098112
14.650000,103.349,0.289303
14.666667,103.345,0.00502604
14.683333,103.397,0.44748
14.700000,103.402,0.137813
14.716667,103.358,0.356875
14.733333,103.362,0.0171289
14.750000,103.39,0.105423
14.766667,103.399,0.348275
14.783333,103.422,0.36153
14.816667,103.426,0.150957
14.850000,103.386,0.326758
14.866667,103.387,0.00610026
14.883333,103.368,0.47877
14.900000,103.362,0.00658854
14.916667,103.355,0.0835807
14.933333,103.352,0.00601563
14.950000,103.287,0.468711
14.966667,103.253,0.123841
14.983333,103.246,0.171217
15.000000,103.225,0.14418
15.016667,103.164,0.48957
15.050000,103.143,0.286367
15.083333,103.081,0.461504
15.100000,103.079,0.00557943
15.116667,103.062,0.227839
15.133333,103.039,0.323893
15.150000,103.034,0.00674479
15.166667,102.937,0.541745
15.183333,102.936,0.0083138
15.200000,102.936,0
15.216667,102.892,0.316113
15.233333,102.754,0.74903
15.266667,102.742,0.100247
15.300000,102.692,0.387936
15.316667,102.641,0.25362
15.333333,102.642,0.199473
15.350000,102.64,0.00210938
15.366667,102.635,0.45627
15.383333,102.629,0.00779948
15.400000,102.59,0.165579
15.416667,102.587,0.00389974
15.433333,102.538,0.393385
15.450000,102.511,0.473529
15.483333,102.462,0.412161
15.516667,102.421,0.444954
15.533333,102.408,0.201797
15.550000,102.405,0.00316406
15.566667,102.386,0.423288
15.583333,102.381,0.00651042
15.600000,102.355,0.473203
15.616667,102.356,0.00900391
15.633333,102.329,0.155358
15.650000,102.334,0.387526
15.666667,102.309,0.323288
15.700000,102.294,0.350872
15.733333,102.261,0.589225
15.750000,102.256,0.00811849
15.766667,102.265,0.365775
15.783333,102.264,0.00595703
15.800000,102.253,0.141999
15.816667,102.355,0.732207
15.833333,102.36,0.00585938
15.850000,102.407,0.419512
15.866667,102.404,0.00584635
15.900000,102.414,0.277819
15.916667,102.445,0.738678
15.950000,102.465,0.0708464
15.983333,102.521,0.428594
16.000000,102.532,0.122474
16.016667,102.58,0.446094
16.033333,102.63,0.198353
16.050000,102.623,0.205313
16.066667,102.669,0.206953
16.083333,102.671,0.00507161
16.100000,102.717,0.452546
16.116667,102.752,0.451608
16.133333,102.751,0.00488281
16.166667,102.78,0.50265
16.200000,102.781,0.399076
16.216667,102.781,0.00898437
16.233333,102.793,0.485182
16.250000,102.785,0.0113281
16.266667,102.811,0.424642
16.283333,102.81,0.00167318
16.300000,102.84,0.261432
16.316667,102.863,0.261758
16.333333,102.864,0.00495443
16.350000,102.947,0.586725
16.383333,102.964,0.164772
16.400000,102.964,0.000143229
16.416667,102.964,0
16.433333,103.05,0.619251
16.450000,103.052,0.00563151
16.466667,103.084,0.145612
16.483333,103.088,0.416543
16.500000,103.087,0.00252604
16.516667,103.129,0.357051
16.533333,103.126,0.00359375
16.550000,103.158,0.37875
16.566667,103.158,0.00277995
16.583333,103.202,0.277676
16.616667,103.239,0.454479
16.633333,103.239,0.00671875
16.650000,103.254,0.102754
16.666667,103.28,0.16153
16.683333,103.338,0.299766
16.700000,103.338,0.00289714
16.716667,103.354,0.285267
16.733333,103.384,0.350137
16.750000,103.382,0.00967448
16.766667,103.407,0.413255
16.783333,103.404,0.0606055
16.816667,103.455,0.440937
16.850000,103.455,0.269759
16.866667,103.457,0.00288411
16.883333,103.49,0.384655
16.900000,103.491,0.00573568
16.916667,103.498,0.0999935
16.933333,103.501,0.00276693
16.950000,103.518,0.781445
16.966667,103.507,0.0927865
16.983333,103.501,0.156842
17.000000,103.498,0.11416
17.016667,103.508,0.491465
17.050000,103.493,0.0622786
17.083333,103.532,0.294779
17.100000,103.562,0.171081
17.116667,103.564,0.00305339
17.133333,103.545,0.160592
17.150000,103.59,0.271589
17.166667,103.592,0.00277344
17.183333,103.638,0.46681
17.200000,103.637,0.00425781
17.216667,103.659,0.326777
17.233333,103.806,0.337435
17.250000,103.808,0.00869792
17.283333,103.89,0.374688
17.316667,104.09,0.456699
17.333333,104.091,0.00125
17.350000,104.137,0.138418
17.366667,104.159,0.166536
17.383333,104.251,0.251458
17.400000,104.344,0.288945
17.416667,104.374,0.204141
17.433333,104.465,0.428958
17.450000,104.499,0.188835
17.483333,104.556,0.658867
17.516667,104.541,0.272754
17.550000,104.512,0.548652
17.583333,104.478,0.240228
17.600000,104.473,0.00934245
17.616667,104.492,0.53043
17.633333,104.489,0.0105794
17.650000,104.547,0.290306
17.666667,104.548,0.00115885
17.683333,104.606,0.633574
17.700000,104.605,0.00211589
17.716667,104.661,0.208939
17.733333,104.85,0.830846
17.750000,104.851,0.0119987
17.783333,104.934,0.602546
17.800000,104.936,0.0279818
17.816667,105,0.231315
17.833333,105.09,0.74556
17.850000,105.106,0.18862
17.866667,105.106,0
17.883333,105.106,0
17.900000,105.115,0.241673
17.933333,105.119,0.768509
17.950000,104.985,1.17089
17.983333,104.838,0.727826
18.000000,104.838,0.000703125
18.016667,104.76,0.163815
18.033333,104.757,0.315443
18.050000,104.704,0.205853
18.066667,104.726,0.244316
18.083333,104.719,0.170397
18.100000,104.666,0.584824
18.116667,104.69,0.173158
18.133333,104.722,0.21821
18.166667,104.722,0.00363281
18.200000,104.722,0
18.216667,104.711,0.222363
18.233333,104.671,0.282956
18.266667,104.672,0.00549479
18.283333,104.672,0
18.300000,104.689,0.211934
18.316667,104.68,0.498262
18.333333,104.677,0.0113477
18.350000,104.677,0
18.366667,104.769,0.554245
18.383333,104.771,0.00401042
18.400000,104.888,0.800117
18.416667,104.943,0.686172
18.450000,105.017,0.649186
18.466667,105.029,0.0891862
18.500000,105.01,0.586068
18.516667,105.041,0.126686
18.533333,105.064,0.282786
18.550000,105.066,0.0055599
18.566667,105.056,0.626165
18.583333,105.082,0.45627
18.600000,105.104,0.197604
18.633333,105.085,0.523854
18.666667,105.088,0.438053
18.700000,105.059,0.375137
18.716667,105.046,0.263991
18.733333,104.993,0.368594
18.750000,104.99,0.0115039
18.766667,105.035,0.51582
18.783333,105.061,0.205514
18.800000,105.071,0.255176
18.816667,105.172,0.591165
18.833333,105.169,0.00360026
18.850000,105.316,0.801432
18.866667,105.315,0.00313151
18.883333,105.329,0.211745
18.916667,105.412,0.380794
18.933333,105.416,0.00701823
18.950000,105.324,1.25722
18.966667,105.325,0.015918
18.983333,105.338,0.316621
19.000000,105.339,0.00145833
19.016667,105.341,0.518353
19.033333,105.34,0.00307292
19.050000,105.321,0.488424
19.066667,105.282,0.374577
19.083333,105.336,0.345254
19.100000,105.31,0.487318
19.116667,105.278,0.307402
19.150000,105.233,0.631322
19.166667,105.231,0.0028776
19.183333,105.212,0.232533
19.200000,105.14,0.387578
19.216667,105.096,0.293594
19.233333,104.998,0.411888
19.250000,104.96,0.203177
19.266667,104.66,0.781882
19.283333,104.662,0.00195964
19.300000,104.551,0.347513
19.333333,104.413,0.334329
19.366667,104.302,0.4364
19.383333,104.301,0.00154948
19.400000,104.216,0.219167
19.416667,104.213,0.00319661
19.433333,104.009,0.46321
19.450000,104.011,0.00285156
19.466667,103.969,0.334694
19.483333,103.889,0.297109
19.500000,103.753,0.350918
19.516667,103.721,0.11099
19.533333,103.561,0.658164
19.550000,103.551,0.0168685
19.583333,103.494,0.322467
19.616667,103.404,0.319609
19.633333,103.402,0.00525391
19.650000,103.391,0.200605
19.666667,103.376,0.082513
19.683333,103.365,0.180944
19.700000,103.365,0
19.716667,103.209,0.519408
19.733333,103.155,0.482109
19.750000,103.154,0.0149935
19.783333,103.105,0.332402
19.816667,103.125,0.106126
19.833333,103.137,0.106615
19.850000,103.145,0.286029
19.866667,103.136,0.0941732
19.883333,103.136,0
19.900000,103.145,0.141764
19.916667,103.15,0.0931185
19.933333,103.151,0.00128255
19.950000,103.059,0.953626
19.966667,103.056,0.0121159
19.983333,103.061,0.164531
20.000000,103.078,0.139095
20.016667,103.114,0.229245
20.050000,103.105,0.244342
20.066667,103.106,0.0069401
20.083333,103.101,0.186797
20.100000,103.124,0.112956
20.116667,103.12,0.126816
20.133333,103.12,0.326452
20.150000,103.131,0.241667
20.166667,103.154,0.128477
20.200000,103.171,0.334857
20.233333,103.194,0.260111
20.266667,103.208,0.27763
20.283333,103.198,0.0783659
20.300000,103.199,0.00248047
20.316667,103.211,0.314258
20.333333,103.213,0.00464193
20.350000,103.231,0.123255
20.366667,103.229,0.127663
20.383333,103.245,0.229922
20.400000,103.247,0.00943359
20.433333,103.278,0.328255
20.450000,103.284,0.151888
20.483333,103.304,0.142923
20.516667,103.302,0.516146
20.533333,103.305,0.00474609
20.550000,103.341,0.291276
20.566667,103.366,0.190423
20.583333,103.367,0.0100977
20.600000,103.367,0.10362
20.616667,103.388,0.0711328
20.633333,103.384,0.196341
20.650000,103.415,0.182819
20.666667,103.403,0.095306
20.683333,103.382,0.300742
20.716667,103.271,0.445586
20.733333,103.264,0.00940104
20.750000,103.27,0.0957357
20.766667,103.271,0.0966276
20.783333,103.29,0.15304
20.800000,103.288,0.231621
20.816667,103.288,0.00329427
20.833333,103.308,0.309805
20.850000,103.308,0.00225911
20.866667,103.3,0.104746
20.883333,103.299,0.00143229
20.900000,103.302,0.246413
20.916667,103.294,0.0988542
20.950000,103.463,0.668327
20.966667,103.454,0.0866276
20.983333,103.427,0.131452
21.000000,103.417,0.1864
21.016667,103.458,0.445658
21.033333,103.457,0.00345052
21.066667,103.436,0.546979
21.083333,103.436,0.00132161
21.116667,103.379,0.318542
21.150000,103.375,0.211836
21.166667,103.343,0.170612
21.183333,103.273,0.409629
21.200000,103.231,0.162747
21.216667,103.146,0.293581
21.233333,103.136,0.0126888
21.250000,103.169,0.159902
21.266667,103.158,0.136667
21.283333,103.126,0.410846
21.300000,103.141,0.164811
21.333333,103.09,0.41556
21.366667,103.034,0.429974
21.383333,103.03,0.0072526
21.400000,103.007,0.0763086
21.416667,103.007,0
21.433333,102.989,0.238926
21.450000,102.934,0.405013
21.466667,102.937,0.184967
21.483333,102.907,0.20877
21.500000,102.819,0.49252
21.533333,102.774,0.419974
21.566667,102.734,0.401536
21.583333,102.716,0.112565
21.616667,102.632,0.555775
21.633333,102.635,0.00740885
21.650000,102.622,0.133405
21.666667,102.618,0.188301
21.683333,102.561,0.49362
21.700000,102.556,0.00940104
21.716667,102.44,0.85653
21.750000,102.432,0.00960286
21.783333,102.324,0.485352
21.816667,102.321,0.361432
21.833333,102.321,0.00102214
21.850000,102.278,0.488177
21.866667,102.276,0.0025651
21.883333,102.287,0.371654
21.900000,102.29,0.0106315
21.916667,102.286,0.0874219
21.933333,102.287,0.00143229
21.950000,102.264,0.791823
21.966667,102.288,0.375742
21.983333,102.287,0.00155599
22.016667,102.301,0.453301
22.050000,102.355,0.393171
22.066667,102.364,0.226751
22.083333,102.365,0.00227865
22.100000,102.422,0.403359
22.116667,102.423,0.00323568
22.133333,102.412,0.161315
22.150000,102.482,1.2252
22.166667,102.483,0.0121745
22.200000,102.503,0.169473
22.233333,102.475,0.294551
22.250000,102.516,0.155775
22.266667,102.529,0.0896419
22.283333,102.571,0.270944
22.300000,102.632,0.393242
22.316667,102.635,0.00427083
22.333333,102.684,0.270599
22.350000,102.685,0.00354818
22.366667,102.666,0.346289
22.383333,102.732,0.429095
22.416667,102.741,0.112852
22.450000,102.803,0.635417
22.466667,102.797,0.00729167
22.483333,102.814,0.325742
22.500000,102.811,0.00727865
22.516667,102.876,0.365801
22.533333,102.897,0.204368
22.550000,102.915,0.334863
22.583333,102.987,0.539701
22.600000,103.006,0.0985937
22.633333,103.078,0.460332
22.666667,103.081,0.154102
22.683333,103.103,0.239434
22.700000,103.107,0.0775391
22.716667,103.107,0.00349609
22.733333,103.168,0.760846
22.750000,103.167,0.00904948
22.766667,103.174,0.123034
22.783333,103.196,0.188118
22.800000,103.183,0.199759
22.816667,103.207,0.158698
22.833333,103.249,0.307975
22.866667,103.288,0.446133
22.883333,103.289,0.00288411
22.900000,103.293,0.0754427
22.916667,103.303,0.160013
22.933333,103.326,0.277637
22.950000,103.375,0.241986
22.966667,103.375,0.00496745
22.983333,103.376,0.231198
23.000000,103.436,0.380286
23.033333,103.455,0.227168
23.066667,103.493,0.483223
23.083333,103.489,0.0110156
23.100000,103.506,0.158294
23.116667,103.513,0.118255
23.133333,103.526,0.393607
23.150000,103.528,0.0073112
23.166667,103.48,0.775391
23.183333,103.472,0.0158529
23.200000,103.473,0.0326823
23.216667,103.444,0.369551
23.250000,103.47,0.209538
23.283333,103.473,0.338861
23.316667,103.489,0.335872
23.333333,103.487,0.00182292
23.350000,103.51,0.259479
23.366667,103.531,0.159668
23.383333,103.529,0.0796875
23.400000,103.53,0.000917969
23.416667,103.53,0
23.433333,81.2645,37.2687
23.450000,103.692,37.1935
23.483333,103.733,0.193197
23.500000,103.758,0.0389518
23.533333,103.919,0.445462
23.550000,103.918,0.00729167
23.566667,103.987,0.231243
23.583333,103.987,0.00261719
23.600000,104.12,0.270482
23.616667,104.16,0.150814
23.633333,104.259,0.400814
23.666667,104.417,0.543932
23.700000,104.523,0.524785
23.733333,104.61,0.705905
23.766667,104.594,0.233275
23.783333,104.591,0.00461589
23.800000,104.567,0.499082
23.816667,104.563,0.00511719
23.833333,104.563,0
23.850000,104.521,0.214473
23.866667,104.544,0.559284
23.900000,104.561,0.12209
23.933333,104.622,0.481139
23.966667,104.711,0.520684
23.983333,104.744,0.194473
24.000000,104.872,0.595723
24.016667,104.931,0.332318
24.033333,104.93,0.00798828
24.050000,105.01,0.521296
24.066667,105.012,0.00284505
24.083333,105.106,0.764629
24.100000,105.134,0.204167
24.133333,105.146,0.661797
24.166667,105.02,1.09285
24.183333,105.02,0.00469401
24.200000,104.958,0.338919
24.216667,104.889,0.36138
24.233333,104.889,0.00957682
24.250000,104.86,0.268281
24.266667,104.76,0.464948
24.300000,104.747,0.536882
24.333333,104.738,0.361901
24.366667,104.691,0.524115
24.400000,104.698,0.188971
24.416667,104.725,0.188997
24.433333,104.698,0.239316
24.450000,104.716,0.37293
24.466667,104.709,0.00948568
24.483333,104.732,0.431374
24.500000,104.799,0.483327
24.516667,104.799,0.0063151
24.533333,104.811,0.250052
24.550000,104.859,0.384082
24.583333,104.967,0.745462
24.616667,104.938,0.164206
24.650000,104.953,0.616751
24.666667,104.957,0.00785156
24.683333,105.001,0.452708
24.700000,104.995,0.00699219
24.716667,104.973,0.511901
24.733333,104.975,0.00653646
24.750000,105.024,0.422546
24.766667,105.023,0.00843099
24.783333,105.06,0.121217
24.800000,105.083,0.68776
24.833333,105.089,0.384147
24.850000,105.069,0.255059
24.866667,105.075,0.00761719
24.883333,105.075,0.542897
24.900000,105.076,0.00330729
24.916667,105.079,0.165846
24.933333,105.061,0.22985
24.950000,105.033,0.682552
24.983333,105.113,0.753164
25.000000,105.112,0.00427734
25.033333,105.147,0.519297
25.050000,105.158,0.162988
25.066667,105.208,0.34179
25.083333,105.209,0.00344401
25.100000,105.315,0.580983
25.116667,105.317,0.00789714
25.133333,105.405,0.887871
25.150000,105.407,0.00777995
25.166667,105.257,1.00891
25.200000,105.232,0.201322
25.233333,105.273,0.771061
25.266667,105.275,0.166504
25.283333,105.263,0.261517
25.300000,105.268,0.747904
25.316667,105.268,0.00280599
25.333333,105.263,0.44459
25.350000,105.266,0.00406901
25.366667,105.233,0.677428
25.383333,105.233,0
25.400000,105.187,0.33946
25.433333,105.109,0.500781
25.466667,104.965,0.873112
25.500000,104.933,0.176139
25.516667,104.867,0.27791
25.533333,104.66,0.575853
25.550000,104.654,0.0139063
25.566667,104.512,0.355781
25.583333,104.294,0.650033
25.600000,104.294,0.00365885
25.633333,104.184,0.371992
25.666667,104.03,0.37082
25.700000,103.93,0.403952
25.733333,103.7,0.626693
25.750000,103.701,0.00401042
25.766667,103.644,0.274948
25.783333,103.644,0.00664714
25.800000,103.569,0.478171
25.816667,103.567,0.0041862
25.833333,103.467,0.312682
25.850000,103.465,0.00299479
25.866667,103.394,0.364225
25.883333,103.393,0.00220052
25.900000,103.365,0.153275
25.933333,103.278,0.584603
25.950000,103.278,0
25.966667,103.208,0.294193
25.983333,103.162,0.157806
26.000000,103.161,0.00158854
26.016667,103.161,0.112461
26.033333,103.152,0.25293
26.050000,103.125,0.292936
26.066667,103.124,0.00188151
26.083333,103.137,0.342428
26.100000,103.149,0.134629
26.116667,103.15,0.00415365
26.133333,103.138,0.151178
26.150000,103.153,0.359134
26.183333,103.071,0.839362
26.200000,103.061,0.0181836
26.216667,103.059,0.0677669
26.233333,103.077,0.2161
26.250000,103.109,0.248073
26.266667,103.113,0.00519531
26.283333,103.112,0.0995703
26.300000,103.083,0.125345
26.316667,103.1,0.172754
26.333333,103.096,0.378451
26.366667,103.118,0.201393
26.400000,103.129,0.126165
26.416667,103.135,0.0808984
26.433333,103.136,0.00144531
26.450000,103.121,0.132109
26.466667,103.146,0.128646
26.483333,103.144,0.380091
26.516667,103.172,0.156074
26.550000,103.192,0.288236
26.566667,103.196,0.238464
26.600000,103.224,0.351081
26.616667,103.225,0.00479818
26.633333,103.239,0.221999
26.650000,103.239,0.00328776
26.666667,103.249,0.107852
26.683333,103.273,0.218229
26.700000,103.257,0.0975195
26.716667,103.189,0.342487
26.750000,103.239,0.182936
26.766667,103.271,0.238184
26.800000,103.325,0.321048
26.816667,103.33,0.0154622
26.833333,103.341,0.0951237
26.850000,103.349,0.254258
26.866667,103.349,0.0108073
26.883333,103.348,0.0010026
26.900000,103.375,0.322617
26.916667,103.374,0.00204427
26.933333,103.364,0.352318
26.966667,103.353,0.258125
27.000000,103.36,0.243092
27.033333,103.364,0.25627
27.050000,103.36,0.00404948
27.066667,103.348,0.0548372
27.083333,103.349,0.338633
27.100000,103.346,0.00674479
27.116667,103.34,0.207702
27.133333,103.34,0.00499349
27.150000,103.368,0.086556
27.166667,103.364,0.156823
27.183333,103.384,0.494453
27.200000,103.382,0.0157487
27.216667,103.386,0.226589
27.233333,103.352,0.236712
27.250000,103.364,0.295911
27.283333,103.377,0.299212
27.300000,103.38,0.00725911
27.316667,103.397,0.421439
27.333333,103.398,0.00302083
27.350000,103.414,0.103053
27.366667,103.397,0.193379
27.383333,103.376,0.206243
27.400000,103.374,0.00285156
27.416667,103.358,0.46304
27.433333,103.286,0.221908
27.450000,103.24,0.391406
27.466667,103.239,0.00412109
27.500000,103.22,0.473633
27.533333,103.185,0.347272
27.566667,103.14,0.407227
27.583333,103.138,0.00236979
27.600000,103.057,0.477083
27.616667,103.059,0.0051888
27.633333,103.024,0.152383
27.650000,103.024,0.141009
27.666667,102.99,0.18041
27.683333,102.94,0.306185
27.700000,102.861,0.396738
27.733333,102.76,0.541159
27.766667,102.71,0.367559
27.783333,102.705,0.00569661
27.800000,102.681,0.419668
27.816667,102.681,0.00210938
27.833333,102.637,0.385039
27.850000,102.634,0.00671224
27.866667,102.61,0.129648
27.883333,102.607,0.222565
27.900000,102.577,0.265013
27.916667,102.576,0.00207682
27.933333,102.53,0.425339
27.950000,102.529,0.214368
27.983333,102.502,0.249661
28.016667,102.45,0.666465
28.033333,102.451,0.00338542
28.050000,102.398,0.369622
28.066667,102.386,0.188626
28.083333,102.353,0.522474
28.100000,102.348,0.171563
28.116667,102.323,0.228776
28.133333,102.321,0.140951
28.166667,102.297,0.545332
28.200000,102.284,0.33291
28.216667,102.189,0.316803
28.233333,102.187,0.0162305
28.250000,102.209,0.235221
28.266667,102.204,0.193789
28.283333,102.219,0.22834
28.300000,102.29,0.437201
28.333333,102.33,0.416302
28.366667,102.383,0.474941
28.400000,102.402,0.265195
28.433333,102.517,0.910091
28.450000,102.52,0.00805339
28.466667,102.514,0.064694
28.483333,102.549,0.260378
28.500000,102.551,0.161712
28.516667,102.579,0.121543
28.533333,102.604,0.239876
28.550000,102.629,0.428197
28.566667,102.628,0.010026
28.583333,102.676,0.417786
28.600000,102.686,0.242064
28.633333,102.744,0.485358
28.666667,102.747,0.125755
28.683333,102.806,0.368561
28.700000,102.783,0.455202
28.716667,102.785,0.0103451
28.733333,102.797,0.456602
28.750000,102.791,0.00736328
28.766667,102.813,0.398802
28.800000,102.867,0.600749
28.816667,102.868,0.00152344
28.850000,102.893,0.336354
28.883333,102.966,0.41515
28.900000,102.967,0.00241536
28.916667,102.99,0.179746
28.933333,102.992,0.00233724
28.950000,103.088,0.591556
28.966667,103.089,0.00445964
28.983333,103.089,0
29.000000,103.087,0.319707
29.016667,103.114,0.12668
29.033333,103.158,0.684505
29.050000,103.157,0.00681641
29.083333,103.236,0.466283
29.116667,103.24,0.148672
29.150000,103.29,0.28556
29.166667,103.294,0.00960286
29.183333,103.336,0.33319
29.200000,103.332,0.14401
29.216667,103.335,0.354714
29.233333,103.352,0.306908
29.266667,103.388,0.194922
29.300000,103.398,0.255085
29.333333,103.436,0.226699
29.366667,103.48,0.506126
29.383333,103.494,0.210833
29.400000,103.493,0.00390625
29.416667,103.5,0.123848
29.433333,103.425,0.750905
29.450000,103.445,0.0378255
29.466667,103.458,0.263203
29.500000,103.469,0.384681
29.516667,103.468,0.00658203
29.550000,103.452,0.337728
29.583333,103.499,0.269889
29.600000,103.498,0.00343099
29.616667,103.522,0.156191
29.633333,103.524,0.00617839
29.650000,103.567,0.437897
29.666667,103.613,0.219036
29.683333,103.611,0.00731771
29.700000,103.642,0.284238
29.716667,103.76,0.431784
29.733333,103.759,0.00701172
29.750000,103.883,0.451745
29.783333,103.991,0.305397
29.816667,104.081,0.219388
29.833333,104.145,0.188678
29.850000,104.168,0.15901
29.866667,104.166,0.00902344
29.883333,104.337,0.62515
29.900000,104.343,0.00626302
29.916667,104.365,0.120859
29.933333,104.391,0.239303
29.950000,104.477,0.362044
29.983333,104.547,0.666048
30.016667,104.535,0.298431
30.050000,104.501,0.499284
30.066667,104.5,0.0041276
30.083333,104.486,0.173665
30.100000,104.487,0.00724609
30.116667,104.48,0.599733
30.133333,104.48,0.0079362
30.150000,104.534,0.291517
30.166667,104.535,0.00240234
30.183333,104.594,0.642272
30.200000,104.685,0.50332
30.233333,104.782,0.256517
30.266667,104.833,0.295762
30.300000,104.994,0.908809
30.316667,104.997,0.00521484
30.333333,105.083,0.66321
30.350000,105.084,0.0032487
30.366667,105.093,0.214577
30.383333,105.11,0.224043
30.400000,105.11,0
30.416667,105.11,0
30.450000,104.986,1.49424
30.483333,104.817,0.900937
30.516667,104.727,0.328366
30.533333,104.728,0.00318359
30.550000,104.691,0.621608
30.566667,104.69,0.00348307
30.583333,104.7,0.327572
30.600000,104.645,0.23235
30.616667,104.701,0.596895
30.633333,104.699,0.00559245
30.666667,104.728,0.12222
30.700000,104.728,0
30.716667,104.715,0.227402
30.750000,104.717,0.00560547
30.766667,104.65,0.31321
30.783333,104.661,0.206315
30.816667,104.662,0.00601563
30.850000,104.666,0.488776
30.866667,104.672,0.0128841
30.883333,104.832,0.873861
30.900000,104.892,0.488626
30.916667,104.896,0.0055013
30.933333,104.963,0.613945
30.950000,104.965,0.00483724
30.966667,105.024,0.692344
30.983333,105.035,0.0891276
31.000000,105.019,0.600319
31.016667,105.048,0.124655
31.033333,105.079,0.254089
31.050000,105.074,0.196921
31.066667,105.082,0.768529
31.100000,105.1,0.406823
31.133333,105.082,0.471029
31.150000,105.079,0.00341146
31.166667,105.088,0.193659
31.183333,105.032,0.646921
31.200000,105.032,0.00275391
31.216667,105.004,0.518529
31.233333,104.996,0.0124154
31.250000,105.044,0.509349
31.266667,105.06,0.197891
31.283333,105.065,0.291921
31.316667,105.148,0.540007
31.333333,105.203,0.352103
31.366667,105.303,0.488288
31.383333,105.306,0.0051237
31.400000,105.316,0.25319
31.416667,105.316,0.00216797
31.433333,105.306,1.23176
31.450000,105.302,0.132461
31.466667,105.275,0.847611
31.483333,105.276,0.00127604
31.500000,105.282,0.195592
31.533333,105.292,0.572415
31.550000,105.276,0.351289
31.583333,105.305,0.568092
31.600000,105.301,0.309473
31.633333,105.249,0.686257
31.650000,105.243,0.18832
31.666667,105.211,0.278516
31.683333,105.211,0.00333333
31.700000,105.149,0.359714
31.716667,105.085,0.316634
31.733333,104.995,0.317383
31.750000,104.946,0.251172
31.783333,104.666,0.797832
31.816667,104.542,0.342227
31.833333,104.542,0.00261068
31.850000,104.296,0.640208
31.866667,104.297,0.00513672
31.883333,104.199,0.341504
31.900000,104.201,0.00442057
31.916667,104.141,0.139766
31.933333,104.139,0.00245443
31.950000,104.002,0.4936
31.966667,103.708,0.859147
31.983333,103.708,0.0070638
32.016667,103.661,0.242936
32.033333,103.661,6.51042e-06
32.050000,103.573,0.429395
32.066667,103.574,0.000598958
32.083333,103.494,0.324199
32.100000,103.462,0.119362
32.116667,103.439,0.18599
32.150000,103.355,0.546296
32.183333,103.297,0.190326
32.216667,103.136,0.570221
32.233333,103.134,0.013763
32.250000,103.115,0.213457
32.266667,103.114,0.0032487
32.283333,103.086,0.36377
32.300000,103.1,0.116589
32.316667,103.102,0.00261068
32.333333,103.135,0.376348
32.350000,103.137,0.00616536
32.366667,103.128,0.309668
32.400000,103.129,0.00134115
32.433333,103.058,0.96194
32.466667,103.072,0.156159
32.483333,103.09,0.146296
32.500000,103.105,0.132129
32.516667,103.104,0.0044401
32.533333,103.112,0.193945
32.550000,103.115,0.10265
32.566667,103.113,0.470469
32.583333,103.118,0.00971354
32.600000,103.121,0.0723828
32.633333,103.157,0.332135
32.666667,103.158,0.194811
32.683333,103.143,0.155254
32.700000,103.145,0.00547526
32.716667,103.159,0.190892
32.733333,103.15,0.192298
32.750000,103.188,0.246432
32.766667,103.19,0.112181
32.783333,103.203,0.329479
32.800000,103.204,0.000273438
32.816667,103.204,0
32.833333,103.235,0.30862
32.866667,103.252,0.200964
32.900000,103.244,0.0886914
32.916667,103.244,0.000208333
32.933333,103.278,0.160488
32.950000,103.304,0.342624
32.966667,103.301,0.00286458
32.983333,103.301,0.1814
33.000000,103.312,0.581452
33.033333,103.332,0.231966
33.050000,103.334,0.00658854
33.083333,103.376,0.266582
33.100000,103.393,0.0936589
33.133333,103.411,0.396042
33.150000,103.404,0.0469466
33.166667,103.394,0.131641
33.183333,103.394,0.00164714
33.200000,103.378,0.164635
33.216667,103.294,0.542435
33.233333,103.293,0.00700521
33.266667,103.293,0.338887
33.300000,103.299,0.0655143
33.333333,103.327,0.337845
33.350000,103.316,0.102174
33.383333,103.325,0.278086
33.400000,103.324,0.00622396
33.416667,103.321,0.135234
33.433333,103.345,0.42515
33.450000,103.387,0.270977
33.466667,103.384,0.00309245
33.483333,103.361,0.258027
33.500000,103.358,0.00638021
33.516667,103.372,0.140059
33.533333,103.377,0.584238
33.550000,103.378,0.00358073
33.583333,103.4,0.266178
33.600000,103.407,0.161387
33.616667,103.356,0.243105
33.633333,103.355,0.00143229
33.650000,103.324,0.38069
33.666667,103.319,0.0123633
33.683333,103.235,0.386243
33.716667,103.168,0.601973
33.750000,103.155,0.085332
33.783333,103.114,0.532402
33.800000,103.115,0.150098
33.816667,103.1,0.160527
33.833333,103.098,0.0030599
33.850000,102.992,0.551263
33.866667,102.989,0.00565104
33.883333,102.984,0.258503
33.900000,102.984,0
33.933333,102.88,0.679993
33.966667,102.84,0.25873
34.000000,102.799,0.498405
34.016667,102.752,0.207676
34.033333,102.748,0.00957682
34.050000,102.688,0.41776
34.066667,102.687,0.00322266
34.083333,102.639,0.483743
34.100000,102.64,0.00465495
34.116667,102.639,0.0927018
34.133333,102.594,0.704316
34.150000,102.593,0.00184245
34.183333,102.522,0.405801
34.216667,102.344,0.649375
34.250000,102.324,0.316908
34.266667,102.333,0.179128
34.283333,102.331,0.00299479
34.300000,102.315,0.439525
34.316667,102.315,0.0102409
34.333333,102.309,0.145247
34.350000,102.287,0.292357
34.366667,102.287,0.395632
34.383333,102.286,0.0046224
34.400000,102.276,0.126133
34.416667,102.208,0.567572
34.450000,102.224,0.357096
34.483333,102.23,0.100618
34.500000,102.227,0.00501302
34.516667,102.265,0.595313
34.533333,102.265,0.000898438
34.550000,102.308,0.338294
34.566667,102.311,0.194505
34.583333,102.345,0.285228
34.600000,102.333,0.195736
34.616667,102.38,0.184395
34.633333,102.378,0.23487
34.650000,102.437,0.332559
34.666667,102.459,0.119779
34.683333,102.452,0.665137
34.700000,102.481,0.250957
34.716667,102.484,0.00285156
34.750000,102.534,0.515352
34.766667,102.54,0.113952
34.783333,102.569,0.234785
34.800000,102.584,0.202682
34.816667,102.644,0.392148
34.833333,102.646,0.00476562
34.850000,102.625,0.499297
34.866667,102.624,0.000208333
34.883333,102.674,0.376543
34.900000,102.675,0.00504557
34.916667,102.717,0.49569
34.950000,102.755,0.456257
34.983333,102.776,0.337441
35.016667,102.846,0.442103
35.033333,102.848,0.00332031
35.050000,102.869,0.311569
35.066667,102.87,0.00962891
35.083333,102.942,0.454043
35.100000,102.938,0.0042513
35.116667,102.958,0.298372
35.133333,102.955,0.00573568
35.150000,103.037,0.507943
35.166667,103.057,0.143314
35.183333,103.048,0.119798
35.216667,103.054,0.756367
35.233333,103.066,0.0792513
35.250000,103.088,0.142559
35.266667,103.088,0
35.283333,103.108,0.360182
35.300000,103.111,0.00386719
35.316667,103.143,0.303607
35.350000,103.225,0.59929
35.383333,103.225,0.0672201
35.416667,103.253,0.142702
35.450000,103.362,0.693984
35.466667,103.359,0.0698437
35.483333,103.359,0.000651042
35.500000,103.4,0.385632
35.516667,103.403,0.00397135
35.533333,103.422,0.199141
35.550000,103.421,0.00516276
35.566667,103.48,0.44957
35.583333,103.479,0.00449219
35.600000,103.506,0.251745
35.616667,103.507,0.00707031
35.633333,103.52,0.429355
35.650000,103.52,0.115911
35.683333,103.439,0.676725
35.700000,103.437,0.0099349
35.716667,103.404,0.40002
35.733333,103.406,0.00374349
35.750000,103.446,0.171921
35.766667,103.449,0.00722005
35.783333,103.453,0.441081
35.800000,103.45,0.00518229
35.816667,103.487,0.250443
35.833333,103.496,0.0611133
35.850000,103.502,0.236185
35.883333,103.529,0.280651
35.900000,103.528,0.0126823
35.933333,103.571,0.418854
35.950000,103.633,0.169134
35.966667,103.711,0.255078
35.983333,103.709,0.00932943
