0.000000,105.492,0
0.016667,105.494,0.106953
0.033333,105.494,0.0025651
0.050000,105.538,0.324844
0.066667,105.538,0.190671
0.083333,105.563,0.268652
0.100000,105.548,0.235208
0.116667,105.555,0.546725
0.133333,105.557,0.00665365
0.166667,105.538,0.381361
0.200000,105.52,0.753249
0.233333,105.531,0.159303
0.266667,105.604,0.854993
0.300000,105.625,0.187949
0.316667,105.645,0.251068
0.333333,105.772,0.646283
0.350000,105.815,0.211732
0.366667,105.818,0.00363281
0.383333,105.827,0.255
0.400000,105.876,0.260293
0.416667,105.91,0.389941
0.433333,105.78,1.11717
0.450000,105.762,0.17224
0.483333,105.811,0.795697
0.500000,105.811,0.000677083
0.516667,105.789,0.128398
0.533333,105.791,0.00267578
0.550000,105.808,0.982389
0.566667,105.834,0.266582
0.583333,105.828,0.166719
0.600000,105.787,0.95888
0.616667,105.789,0.00274089
0.650000,105.726,0.490072
0.683333,105.684,0.227923
0.716667,105.554,0.758483
0.733333,105.553,0.00183594
0.750000,105.527,0.138145
0.766667,105.479,0.24444
0.783333,105.248,0.6164
0.800000,105.193,0.166061
0.816667,105.11,0.24028
0.833333,105.106,0.00550781
0.850000,105.051,0.223496
0.866667,104.831,0.569811
0.900000,104.796,0.107904
0.933333,104.621,0.543105
0.950000,104.62,0.00146484
0.966667,104.62,0
0.983333,104.449,0.527676
1.000000,104.317,0.360378
1.016667,104.306,0.0154297
1.033333,104.192,0.579577
1.066667,104.113,0.401986
1.100000,103.958,0.538132
1.116667,103.957,0.00480469
1.133333,103.948,0.108841
1.150000,103.938,0.157103
1.166667,103.937,0.00223958
1.183333,103.867,0.292637
1.200000,103.822,0.282148
1.233333,103.746,0.346367
1.266667,103.727,0.292806
1.300000,103.709,0.397389
1.316667,103.698,0.115553
1.333333,103.699,0.00139974
1.350000,103.723,0.143197
1.366667,103.722,0.227891
1.383333,103.726,0.0100716
1.400000,103.689,0.277565
1.416667,103.644,1.14757
1.433333,103.636,0.053444
1.466667,103.64,0.0382813
1.500000,103.672,0.328822
1.516667,103.658,0.122415
1.533333,103.652,0.0839583
1.550000,103.633,0.17071
1.566667,103.646,0.209115
1.583333,103.661,0.177441
1.600000,103.681,0.185397
1.616667,103.667,0.155169
1.650000,103.69,0.191172
1.683333,103.666,0.367858
1.716667,103.71,0.330514
1.733333,103.722,0.0956966
1.750000,103.718,0.076237
1.766667,103.739,0.0636198
1.783333,103.741,0.0056901
1.800000,103.733,0.463079
1.816667,103.734,0.0019401
1.833333,103.734,0
1.850000,103.764,0.305391
1.866667,103.793,0.366009
1.900000,103.808,0.0716536
1.933333,103.803,0.359714
1.950000,103.804,0.00984375
1.966667,103.806,0.0631055
1.983333,103.822,0.465638
2.000000,103.832,0.0626758
2.016667,103.829,0.14112
2.033333,103.828,0.00524089
2.050000,103.895,0.315514
2.083333,103.913,0.209076
2.116667,103.933,0.310996
2.133333,103.925,0.115072
2.150000,103.923,0.00354818
2.166667,103.919,0.0872526
2.183333,103.341,0.677975
2.200000,103.337,0.28638
2.216667,103.34,0.00497396
2.233333,103.338,0.146296
2.250000,103.341,0.104531
2.266667,103.314,0.154954
2.283333,103.34,0.321589
2.316667,103.325,0.185944
2.350000,103.323,0.0860612
2.366667,103.321,0.208848
2.383333,103.329,0.0957617
2.400000,103.318,0.120911
2.416667,103.321,0.284479
2.433333,103.386,0.488724
2.450000,103.371,0.151471
2.466667,103.324,0.343184
2.500000,103.356,0.278379
2.533333,103.361,0.278112
2.550000,103.359,0.00208984
2.566667,103.386,0.246257
2.583333,103.386,0.133288
2.600000,103.338,0.345905
2.616667,103.343,0.00972005
2.633333,103.357,0.179557
2.650000,103.317,0.254896
2.683333,103.255,0.633867
2.716667,103.22,0.099987
2.750000,103.175,0.387331
2.766667,103.185,0.114622
2.783333,103.152,0.230605
2.800000,103.151,0.158314
2.816667,103.129,0.177122
2.833333,103.112,0.248405
2.850000,103.039,0.561901
2.883333,103.003,0.252305
2.916667,102.974,0.156497
2.950000,102.836,0.691172
2.966667,102.836,0.00221354
2.983333,102.725,0.299616
3.000000,102.717,0.177415
3.016667,102.715,0.00480469
3.033333,102.694,0.353451
3.050000,102.657,0.209056
3.066667,102.638,0.214486
3.100000,102.608,0.421367
3.133333,102.559,0.451953
3.150000,102.557,0.220365
3.183333,102.502,0.376035
3.200000,102.501,0.00222656
3.216667,102.467,0.441576
3.233333,102.468,0.00744141
3.250000,102.47,0.245775
3.266667,102.433,0.34375
3.283333,102.397,0.241003
3.316667,102.35,0.474004
3.350000,102.389,0.213568
3.383333,102.332,0.895918
3.400000,102.331,0.00681641
3.416667,102.326,0.0281966
3.433333,102.31,0.356328
3.450000,102.298,0.177103
3.466667,102.281,0.193717
3.483333,102.222,0.311842
3.500000,102.205,0.0255339
3.516667,102.223,0.559447
3.550000,102.312,0.536647
3.583333,102.332,0.141875
3.616667,102.399,0.690137
3.633333,102.4,0.00336589
3.650000,102.435,0.228503
3.666667,102.448,0.13916
3.683333,102.448,0.696504
3.700000,102.485,0.269102
3.716667,102.509,0.200065
3.750000,102.584,0.345651
3.783333,102.64,0.465254
3.816667,102.686,0.346569
3.833333,102.692,0.0122331
3.850000,102.709,0.449206
3.866667,102.71,0.00119792
3.883333,102.71,0
3.900000,102.758,0.484818
3.916667,102.737,0.0935026
3.933333,102.79,0.389954
3.950000,102.787,0.00554036
3.966667,102.778,0.431576
3.983333,102.731,0.30224
4.000000,102.788,0.373398
4.033333,102.804,0.220547
4.066667,102.796,0.167819
4.083333,102.828,0.17168
4.100000,102.856,0.232044
4.116667,102.858,0.00153646
4.133333,102.939,0.553275
4.150000,102.94,0.00311849
4.166667,103.001,0.406484
4.183333,103,0.287311
4.216667,103.108,0.584857
4.233333,103.103,0.0085026
4.266667,103.131,0.233151
4.283333,103.134,0.173678
4.300000,103.135,0.00173828
4.316667,103.169,0.42112
4.333333,103.17,0.00628255
4.350000,103.232,0.316986
4.366667,103.232,0.00645833
4.383333,103.271,0.214772
4.400000,103.251,0.19724
4.416667,103.279,0.100664
4.433333,103.348,0.504479
4.466667,103.357,0.266589
4.500000,103.372,0.377572
4.516667,103.368,0.0103906
4.533333,103.37,0.175658
4.550000,103.397,0.163066
4.566667,103.395,0.113574
4.583333,103.395,0
4.600000,103.481,0.650697
4.616667,103.48,0.00660807
4.633333,103.482,0.160352
4.650000,103.498,0.240964
4.666667,103.416,0.910423
4.700000,103.432,0.0352865
4.733333,103.43,0.381647
4.750000,103.43,0.00389323
4.766667,103.464,0.251745
4.783333,103.464,0
4.800000,103.476,0.117637
4.816667,103.509,0.33181
4.833333,103.51,0.00317708
4.850000,103.516,0.0936068
4.866667,103.494,0.374622
4.883333,103.493,0.00466146
4.900000,103.558,0.134076
4.916667,103.562,0.0676432
4.933333,103.611,0.308125
4.966667,103.643,0.568333
4.983333,103.643,0.00315755
5.000000,103.772,0.328294
5.016667,103.849,0.215163
5.033333,103.851,0.0032487
5.050000,103.98,0.313203
5.066667,103.988,0.0107552
5.083333,104.159,0.447813
5.100000,104.184,0.146699
5.116667,104.361,0.561491
5.150000,104.387,0.173008
5.183333,104.453,0.371732
5.216667,104.575,0.586458
5.233333,104.573,0.199056
5.250000,104.57,0.00821615
5.266667,104.576,0.145827
5.283333,104.564,0.176354
5.300000,104.582,0.281009
5.316667,104.523,0.250482
5.333333,104.517,0.0137826
5.350000,104.502,0.161335
5.366667,104.514,0.481602
5.400000,104.538,0.512487
5.416667,104.594,0.301263
5.450000,104.594,0.283757
5.483333,104.792,0.86763
5.500000,104.789,0.00621745
5.516667,104.848,0.231172
5.533333,104.931,0.641764
5.550000,104.99,0.237819
5.566667,104.992,0.00208333
5.583333,105.039,0.406087
5.600000,105.082,0.330352
5.616667,105.096,0.224785
5.633333,105.094,0.00523438
5.650000,105.106,0.279798
5.683333,105.109,0.00291016
5.716667,105.131,0.736087
5.733333,104.969,1.15619
5.750000,104.84,0.752357
5.766667,104.758,0.133665
5.783333,104.758,0.322598
5.800000,104.703,0.21084
5.816667,104.729,0.232168
5.833333,104.717,0.170671
5.850000,104.663,0.594408
5.883333,104.71,0.413633
5.916667,104.71,0.0024349
5.933333,104.71,0
5.966667,104.716,0.205039
6.000000,104.674,0.284883
6.016667,104.675,0.00429036
6.033333,104.684,0.19763
6.050000,104.686,0.00636068
6.066667,104.737,0.635234
6.100000,104.739,0.00785156
6.116667,104.739,0
6.150000,104.886,0.96916
6.183333,104.884,0.00397786
6.216667,104.999,1.07558
6.233333,104.997,0.00526693
6.250000,104.992,0.13806
6.266667,104.989,0.00435547
6.283333,105.015,0.224492
6.300000,105.015,0.00370443
6.316667,105.015,0
6.333333,105.016,0.795286
6.350000,105.087,0.623392
6.366667,105.081,0.00886068
6.383333,105.072,0.21194
6.416667,105.128,0.814609
6.450000,105.084,0.678275
6.466667,105.084,0.00284505
6.483333,105.084,0
6.500000,104.964,1.11775
6.516667,104.956,0.0112305
6.533333,104.992,0.141738
6.550000,105.05,0.593763
6.566667,105.054,0.177891
6.600000,105.109,0.256523
6.633333,105.14,0.289974
6.666667,105.221,0.635749
6.683333,105.291,0.235762
6.700000,105.292,0.00145833
6.716667,105.29,1.47999
6.733333,105.296,0.117747
6.750000,105.297,0.00132161
6.766667,105.297,0
6.783333,105.273,0.80319
6.800000,105.288,0.226198
6.816667,105.269,0.949479
6.850000,105.303,0.193626
6.883333,105.304,0.00300781
6.900000,105.303,0.245312
6.916667,105.301,0.00451172
6.933333,105.257,0.652617
6.950000,105.235,0.251302
6.966667,105.137,0.906953
6.983333,105.136,0.00150391
7.000000,105.103,0.19946
7.016667,104.967,0.433079
7.033333,104.951,0.0204622
7.050000,104.929,0.195365
7.066667,104.931,0.00228516
7.083333,104.605,0.960605
7.116667,104.572,0.0919922
7.150000,104.293,0.763021
7.166667,104.219,0.154089
7.183333,104.218,0.00430339
7.200000,104.142,0.197259
7.216667,104.006,0.476895
7.233333,104.007,0.00565104
7.250000,103.979,0.142441
7.266667,103.978,0.00428385
7.283333,103.893,0.258594
7.300000,103.891,0.00210938
7.316667,103.758,0.381582
7.350000,103.701,0.287878
7.366667,103.59,0.486003
7.383333,103.477,0.45765
7.400000,103.473,0.0261133
7.433333,103.429,0.173151
7.450000,103.379,0.371048
7.466667,103.366,0.108757
7.483333,103.366,0
7.500000,103.199,0.592428
7.516667,103.175,0.309714
7.533333,103.147,0.127422
7.566667,103.149,0.493737
7.600000,103.15,0.00422526
7.616667,103.157,0.068431
7.633333,103.163,0.209525
7.650000,103.15,0.135684
7.666667,103.155,0.265872
7.683333,103.156,0.00101563
7.700000,103.172,0.211003
7.716667,103.173,0.00214844
7.733333,103.163,0.828464
7.750000,103.134,0.116074
7.766667,103.141,0.138079
7.800000,103.166,0.226654
7.833333,103.131,0.464779
7.850000,103.132,0.00372396
7.866667,103.132,0
7.883333,103.155,0.168301
7.900000,103.155,0
7.916667,103.139,0.357767
7.933333,103.149,0.187357
7.950000,103.175,0.514538
7.983333,103.171,0.105247
8.016667,103.183,0.10375
8.050000,103.209,0.30125
8.066667,103.21,0.00204427
8.083333,103.221,0.19138
8.100000,103.216,0.161706
8.116667,103.217,0.00419271
8.133333,103.247,0.155059
8.150000,103.23,0.121569
8.166667,103.259,0.230286
8.200000,103.282,0.334219
8.233333,103.283,0.182604
8.266667,103.302,0.151686
8.283333,103.334,0.421712
8.300000,103.336,0.0702409
8.316667,103.359,0.146777
8.333333,103.358,0.00681641
8.350000,103.382,0.397005
8.366667,103.404,0.176888
8.400000,103.387,0.204915
8.433333,103.407,0.175703
8.466667,103.376,0.363997
8.483333,103.371,0.00533854
8.500000,103.371,0
8.516667,103.369,0.11179
8.533333,103.315,0.424889
8.550000,103.321,0.172923
8.566667,103.314,0.167604
8.583333,103.311,0.00633464
8.600000,103.33,0.414603
8.633333,103.338,0.194355
8.666667,103.328,0.115911
8.700000,103.336,0.150306
8.716667,103.383,0.489408
8.733333,103.401,0.0901172
8.750000,103.401,0.00371745
8.766667,103.401,0
8.783333,103.385,0.241068
8.800000,103.396,0.516901
8.816667,103.401,0.00722656
8.833333,103.403,0.342422
8.866667,103.429,0.490137
8.883333,103.429,0.00266927
8.900000,103.429,0
8.933333,103.386,0.140794
8.950000,103.37,0.237552
8.966667,103.345,0.125579
8.983333,103.223,0.676764
9.000000,103.222,0.00139323
9.016667,103.178,0.364753
9.033333,103.152,0.123229
9.050000,103.151,0.00146484
9.066667,103.111,0.420892
9.100000,103.118,0.130475
9.133333,103.085,0.445143
9.150000,103.033,0.239421
9.166667,103.029,0.00646484
9.183333,102.977,0.574798
9.200000,102.976,0.00406901
9.216667,102.924,0.200202
9.233333,102.923,0.00134766
9.250000,102.894,0.399082
9.266667,102.879,0.133477
9.300000,102.75,0.714935
9.333333,102.715,0.32918
9.366667,102.692,0.251029
9.383333,102.662,0.394538
9.400000,102.635,0.257383
9.416667,102.627,0.0122331
9.433333,102.618,0.168594
9.450000,102.621,0.00470052
9.466667,102.594,0.447142
9.483333,102.551,0.214258
9.516667,102.423,0.774876
9.550000,102.333,0.549928
9.583333,102.33,0.40041
9.616667,102.322,0.216426
9.633333,102.322,0
9.650000,102.297,0.590749
9.666667,102.297,0.0039388
9.683333,102.297,0
9.700000,102.3,0.0809831
9.716667,102.269,0.637311
9.733333,102.266,0.00968099
9.766667,102.328,0.73028
9.800000,102.326,0.131719
9.833333,102.364,0.450078
9.850000,102.365,0.000963542
9.866667,102.397,0.513939
9.883333,102.395,0.00490234
9.900000,102.411,0.17472
9.916667,102.402,0.180638
9.933333,102.402,0
9.950000,102.479,0.560293
9.966667,102.488,0.492487
9.983333,102.476,0.111842
10.016667,102.481,0.57293
10.050000,102.581,0.491263
10.066667,102.581,0.00662109
10.083333,102.579,0.00183594
10.100000,102.646,0.564329
10.116667,102.648,0.00223307
10.133333,102.664,0.0866471
10.150000,102.735,0.555918
10.166667,102.739,0.120326
10.183333,102.734,0.0130013
10.216667,102.767,0.532161
10.250000,102.795,0.810924
10.266667,102.792,0.00685547
10.283333,102.792,0
10.300000,102.819,0.10472
10.316667,102.906,0.441426
10.333333,102.903,0.00383464
10.350000,102.895,0.134909
10.366667,102.896,0.00289714
10.383333,102.948,0.284238
10.400000,102.995,0.30998
10.416667,103.067,0.542188
10.433333,103.068,0.00142578
10.450000,103.068,0
10.466667,103.094,0.487435
10.500000,103.153,0.773483
10.533333,103.15,0.00373698
10.550000,103.15,0
10.566667,103.177,0.221615
10.583333,103.179,0.00148438
10.600000,103.178,0.154264
10.616667,103.234,0.532832
10.633333,103.239,0.0107747
10.650000,103.286,0.37735
10.666667,103.286,0.00366536
10.683333,103.311,0.319316
10.716667,103.334,0.199661
10.733333,103.334,0.00672526
10.766667,103.391,0.540404
10.783333,103.388,0.0042513
10.800000,103.433,0.579609
10.816667,103.432,0.0036263
10.833333,103.438,0.0684375
10.850000,103.495,0.294505
10.883333,103.538,0.331374
10.916667,103.527,0.108424
10.950000,103.471,1.12727
10.966667,103.471,0.00827474
10.983333,103.446,0.320807
11.000000,103.447,0.00136719
11.016667,103.447,0
11.033333,103.454,0.0760026
11.050000,103.489,0.226803
11.066667,103.49,0.00626302
11.083333,103.482,0.182266
11.116667,103.519,0.331172
11.133333,103.519,0.00078125
11.150000,103.54,0.566569
11.166667,103.538,0.00321615
11.183333,103.56,0.0726693
11.200000,103.56,0
11.216667,103.582,0.232669
11.233333,103.585,0.00522135
11.250000,103.706,0.499147
11.266667,103.703,0.0148437
11.283333,103.704,0.00302734
11.300000,103.721,0.129642
11.316667,103.906,0.551152
11.333333,103.91,0.0116341
11.350000,103.954,0.0953385
11.366667,104.172,0.61502
11.383333,104.175,0.00602865
11.400000,104.228,0.163294
11.416667,104.25,0.176536
11.433333,104.255,0.00614583
11.450000,104.457,0.847865
11.466667,104.501,0.183047
11.500000,104.541,0.417487
11.533333,104.582,0.252383
11.566667,104.553,0.523249
11.583333,104.558,0.00709635
11.600000,104.544,0.250729
11.616667,104.488,0.30599
11.633333,104.494,0.263242
11.650000,104.534,0.398249
11.666667,104.536,0.00451823
11.683333,104.565,0.112865
11.700000,104.563,0.0017513
11.716667,104.639,0.684329
11.750000,104.737,0.404818
11.783333,104.912,0.97403
11.800000,104.912,0.000703125
11.816667,104.969,0.196582
11.833333,105.001,0.230846
11.850000,105.005,0.0039388
11.866667,105.053,0.423542
11.883333,105.093,0.329681
11.900000,105.138,0.273652
11.916667,105.129,1.01262
11.950000,105.013,0.695039
11.983333,104.946,0.392454
12.016667,104.872,0.331068
12.033333,104.787,0.517109
12.050000,104.787,0.00496745
12.066667,104.735,0.196204
12.083333,104.719,0.575488
12.100000,104.721,0.00289062
12.116667,104.701,0.145697
12.133333,104.664,0.793607
12.150000,104.669,0.00971354
12.166667,104.669,0
12.183333,104.681,0.557813
12.216667,104.682,0.00414714
12.250000,104.721,0.726816
12.266667,104.726,0.00953776
12.283333,104.723,0.00313802
12.300000,104.787,0.7464
12.316667,104.813,0.0905729
12.333333,104.813,0
12.350000,104.883,0.463411
12.366667,104.894,0.224121
12.400000,104.911,0.516764
12.433333,104.934,0.503262
12.466667,104.986,0.459245
12.483333,105.006,0.108047
12.500000,105.005,0.00365234
12.516667,105.005,0
12.533333,105.04,0.593275
12.550000,105.04,0.00532552
12.566667,105.076,1.01467
12.600000,105.06,0.143262
12.633333,105.066,0.517012
12.650000,105.066,0.00078125
12.683333,105.079,0.187643
12.700000,105.039,0.760625
12.716667,105.037,0.00182943
12.733333,105.032,0.814941
12.750000,105.033,0.00410156
12.766667,105.044,0.191829
12.783333,105.095,0.253379
12.800000,105.078,0.297676
12.816667,105.118,0.294212
12.850000,105.202,0.545612
12.883333,105.315,0.540462
12.900000,105.317,0.00330078
12.916667,105.317,0
12.933333,105.37,0.514362
12.950000,105.374,0.00624349
12.966667,105.418,0.394844
12.983333,105.292,0.889577
13.000000,105.254,0.832435
13.016667,105.251,0.00826172
13.033333,105.258,0.227116
13.050000,105.244,0.272539
13.066667,105.275,0.941276
13.100000,105.271,0.174681
13.133333,105.217,0.580749
13.150000,105.224,0.319297
13.166667,105.223,0.00343099
13.183333,105.173,0.326908
13.200000,105.16,0.224668
13.216667,105.16,0.00161458
13.233333,105.108,0.313353
13.250000,104.899,1.15025
13.266667,104.897,0.00370443
13.283333,104.861,0.175371
13.316667,104.638,0.584089
13.350000,104.496,0.353145
13.366667,104.497,0.00408203
13.383333,104.497,0
13.400000,104.218,0.766172
13.416667,104.219,0.000410156
13.433333,104.219,0
13.450000,104.172,0.129023
13.466667,103.994,0.487383
13.483333,103.668,0.864727
13.516667,103.652,0.147259
13.533333,103.626,0.191719
13.566667,103.625,0.00565104
13.583333,103.625,0
13.600000,103.555,0.283815
13.616667,103.524,0.223027
13.633333,103.46,0.250853
13.666667,103.341,0.743047
13.683333,103.34,0.00485026
13.700000,103.262,0.464284
13.733333,103.189,0.209297
13.750000,103.188,0.0102148
13.783333,103.131,0.267572
13.800000,103.131,0.0972982
13.816667,103.12,0.299212
13.833333,103.104,0.282344
13.850000,103.107,0.00334635
13.866667,103.131,0.0953646
13.883333,103.131,0
13.900000,103.115,0.246081
13.916667,103.144,0.447995
13.950000,103.086,0.95582
13.983333,103.077,0.0775977
14.000000,103.076,0.0800781
14.016667,103.072,0.00760417
14.033333,103.109,0.351647
14.050000,103.109,0.0750781
14.066667,103.104,0.083444
14.083333,103.108,0.00391927
14.100000,103.121,0.349147
14.116667,103.132,0.172552
14.150000,103.146,0.360892
14.183333,103.142,0.218021
14.200000,103.145,0.00494792
14.216667,103.145,0
14.233333,103.165,0.295117
14.250000,103.179,0.263685
14.266667,103.171,0.044375
14.283333,103.171,0
14.300000,103.182,0.0916341
14.316667,103.184,0.00201823
14.333333,103.186,0.230449
14.350000,103.189,0.262689
14.383333,103.204,0.185007
14.416667,103.251,0.650762
14.450000,103.264,0.237493
14.466667,103.256,0.0123763
14.483333,103.255,0.00145833
14.500000,103.258,0.0671745
14.516667,103.26,0.459987
14.533333,103.272,0.0641406
14.550000,103.271,0.135241
14.583333,103.293,0.103958
14.616667,103.359,0.509557
14.633333,103.354,0.0107292
14.650000,103.354,0
14.666667,103.358,0.391081
14.683333,103.357,0.00061849
14.700000,103.362,0.0608138
14.716667,103.358,0.284876
14.733333,103.359,0.0069987
14.750000,103.357,0.141712
14.766667,103.359,0.130117
14.783333,103.359,0.473171
14.816667,103.36,0.0453516
14.850000,103.351,0.107298
14.883333,103.359,0.446237
14.900000,103.345,0.0595703
14.916667,103.345,0.00392578
14.933333,103.35,0.319349
14.950000,103.349,0.00324219
14.966667,103.379,0.605872
14.983333,103.38,0.00592448
15.000000,103.389,0.125156
15.016667,103.384,0.322813
15.050000,103.373,0.462233
15.066667,103.372,0.00432292
15.100000,103.408,0.341328
15.133333,103.375,0.307103
15.150000,103.381,0.0131315
15.166667,103.381,0.000208333
15.183333,103.343,0.508652
15.200000,103.344,0.00696615
15.216667,103.341,0.0770964
15.233333,103.226,0.798607
15.266667,103.209,0.0684505
15.300000,103.167,0.584785
15.333333,103.153,0.120039
15.366667,103.103,0.472305
15.400000,103.06,0.202415
15.416667,103.059,0.00678385
15.433333,103.029,0.18403
15.450000,102.983,0.392038
15.466667,102.976,0.00877604
15.483333,102.902,0.47722
15.500000,102.889,0.0188802
15.516667,102.704,0.464512
15.550000,102.647,0.80248
15.583333,102.64,0.128529
15.600000,102.639,0.0014388
15.616667,102.613,0.228978
15.633333,102.622,0.157682
15.650000,102.584,0.51821
15.666667,102.573,0.151237
15.683333,102.572,0.000794271
15.700000,102.518,0.433737
15.716667,102.519,0.00494141
15.733333,102.523,0.140618
15.766667,102.492,0.56237
15.800000,102.391,0.815
15.816667,102.39,0.00723958
15.833333,102.39,0
15.850000,102.384,0.315098
15.866667,102.385,0.0058138
15.883333,102.385,0
15.900000,102.385,0
15.916667,102.32,0.911589
15.933333,102.319,0.00817057
15.950000,102.265,0.600586
15.983333,102.256,0.103529
16.016667,102.239,0.570677
16.033333,102.246,0.382858
16.050000,102.241,0.00832682
16.066667,102.25,0.134779
16.083333,102.249,0.00305339
16.100000,102.296,0.236243
16.116667,102.301,0.251816
16.133333,102.332,0.227878
16.166667,102.412,0.43776
16.200000,102.396,1.15285
16.233333,102.437,0.235182
16.250000,102.437,0.00294922
16.266667,102.472,0.177786
16.283333,102.496,0.173307
16.300000,102.554,0.406758
16.316667,102.554,0.00367839
16.333333,102.595,0.346888
16.350000,102.598,0.0094401
16.366667,102.671,0.416263
16.383333,102.677,0.516217
16.416667,102.715,0.16737
16.450000,102.783,0.556842
16.466667,102.779,0.00575521
16.483333,102.749,0.194388
16.500000,102.689,0.557207
16.516667,102.682,0.0158008
16.533333,102.715,0.135273
16.550000,102.778,0.378724
16.583333,102.823,0.355202
16.616667,102.885,0.465482
16.650000,102.939,0.32457
16.666667,102.942,0.00654297
16.683333,102.957,0.162962
16.700000,102.992,0.189876
16.716667,102.992,0.00171224
16.733333,102.979,0.302057
16.750000,103.066,0.333203
16.766667,103.084,0.422246
16.783333,103.077,0.00757812
16.800000,103.117,0.160781
16.816667,103.118,0.00873047
16.833333,103.125,0.158809
16.850000,103.156,0.466686
16.866667,103.179,0.134453
16.900000,103.217,0.557005
16.916667,103.219,0.00301432
16.933333,103.219,0
16.950000,103.231,0.0854167
16.966667,103.337,0.483893
16.983333,103.337,0.00353516
17.000000,103.335,0.00349609
17.016667,103.336,0.144766
17.033333,103.382,0.731569
17.066667,103.391,0.19069
17.083333,103.407,0.119447
17.116667,103.465,0.442259
17.150000,103.487,0.228034
17.166667,103.491,0.00496094
17.183333,103.418,1.15527
17.200000,103.42,0.0069987
17.216667,103.42,0
17.233333,103.425,0.0373047
17.250000,103.44,0.185703
17.266667,103.44,0.000364583
17.283333,103.471,0.245208
17.300000,103.472,0.00213542
17.333333,103.471,0.142044
17.366667,103.494,0.630677
17.383333,103.495,0.00216146
17.400000,103.495,0
17.416667,103.495,0
17.433333,103.501,0.289382
17.450000,103.549,0.112604
17.466667,103.551,0.00401693
17.483333,103.565,0.070957
17.500000,103.623,0.645534
17.533333,103.731,0.30127
17.566667,103.884,0.604941
17.600000,104.072,0.368385
17.616667,104.161,0.358398
17.633333,104.161,0.00566406
17.650000,104.161,0
17.666667,104.329,0.572559
17.683333,104.33,0.000807292
17.700000,104.351,0.167806
17.716667,104.452,0.408854
17.733333,104.482,0.207643
17.766667,104.543,0.624427
17.800000,104.533,0.305195
17.833333,104.498,0.537949
17.850000,104.497,0.00764974
17.866667,104.478,0.147305
17.883333,104.465,0.0917318
17.900000,104.466,0.00103516
17.916667,104.494,0.506296
17.933333,104.494,0.00829427
17.950000,104.544,0.292917
17.966667,104.607,0.665905
18.000000,104.7,0.468633
18.033333,104.829,0.594329
18.066667,104.9,0.327012
18.083333,104.899,0.00705078
18.100000,105.04,0.889941
18.116667,105.039,0.00162109
18.133333,105.089,0.54737
18.150000,105.079,0.245801
18.166667,105.078,0.00136719
18.183333,105.078,0
18.200000,105.078,0
18.216667,105.081,0.46263
18.233333,105.053,1.19908
18.266667,104.772,1.11594
18.300000,104.761,0.72041
18.316667,104.759,0.00185547
18.333333,104.744,0.0863086
18.350000,104.686,0.284316
18.366667,104.679,0.269727
18.383333,104.7,0.268503
18.400000,104.732,0.199701
18.416667,104.732,0.00586589
18.433333,104.732,0
18.483333,104.657,0.580658
18.500000,104.658,0.00783854
18.516667,104.659,5.85937e-05
18.533333,104.659,0
18.550000,104.675,0.0901628
18.566667,104.747,0.66903
18.583333,104.749,0.00222005
18.616667,104.749,0
18.633333,104.799,0.37293
18.650000,104.802,0.0025651
18.666667,104.969,1.2493
18.683333,104.966,0.00818359
18.700000,104.966,0.129967
18.716667,104.987,0.244284
18.733333,105.041,0.693711
18.766667,105.073,0.855566
18.800000,105.067,0.20416
18.816667,105.074,0.321322
18.833333,105.076,0.0033724
18.850000,105.091,0.536855
18.866667,105.093,0.00740234
18.883333,105.097,0.153346
18.900000,105.079,0.263464
18.916667,105.08,0.306947
18.933333,105.041,0.885918
18.950000,105.037,0.00825521
18.983333,104.979,0.492116
19.016667,105.072,0.798457
19.050000,105.129,0.401139
19.066667,105.129,0.00482422
19.083333,105.169,0.255293
19.100000,105.218,0.375176
19.116667,105.235,0.202448
19.133333,105.285,0.295775
19.150000,105.292,0.323268
19.166667,105.292,0.00410807
19.183333,105.374,0.334382
19.200000,105.282,0.916582
19.216667,105.293,0.116465
19.250000,105.31,0.665365
19.266667,105.288,0.197552
19.283333,105.296,0.010931
19.300000,105.314,0.804082
19.333333,105.322,0.6464
19.350000,105.31,0.527702
19.383333,105.253,0.629219
19.416667,105.215,0.53877
19.450000,105.152,0.302598
19.466667,105.077,0.390254
19.483333,105.074,0.00382812
19.500000,104.949,0.556706
19.516667,104.949,0.00672526
19.533333,104.886,0.253945
19.550000,104.882,0.00457031
19.566667,104.609,0.733893
19.583333,104.423,0.491471
19.616667,104.354,0.164486
19.650000,104.219,0.41388
19.666667,104.145,0.171589
19.683333,104.052,0.264538
19.700000,104.054,0.00233724
19.716667,103.973,0.398385
19.733333,103.968,0.0122852
19.750000,103.9,0.243053
19.766667,103.742,0.330182
19.783333,103.723,0.135911
19.800000,103.68,0.344714
19.833333,103.518,0.533672
19.866667,103.504,0.103405
19.883333,103.477,0.0878906
19.900000,103.424,0.20043
19.916667,103.404,0.233555
19.933333,103.277,0.592233
19.966667,103.146,0.43224
19.983333,103.143,0.10804
20.016667,103.125,0.34584
20.050000,103.112,0.126087
20.066667,103.116,0.117819
20.083333,103.119,0.00337891
20.100000,103.145,0.38806
20.116667,103.141,0.115755
20.133333,103.141,0
20.150000,103.149,0.106152
20.166667,103.158,0.133034
20.183333,103.163,0.234479
20.200000,103.16,0.00379557
20.216667,103.15,0.997012
20.233333,103.143,0.0174089
20.266667,103.14,0.125749
20.283333,103.146,0.0960742
20.300000,103.142,0.0958464
20.316667,103.131,0.157077
20.333333,103.131,0
20.350000,103.144,0.412826
20.366667,103.153,0.0633854
20.383333,103.139,0.180319
20.400000,103.155,0.142969
20.416667,103.158,0.107663
20.433333,103.147,0.340775
20.466667,103.159,0.326328
20.483333,103.16,0.00397135
20.500000,103.169,0.233158
20.516667,103.173,0.00421224
20.533333,103.205,0.147793
20.550000,103.194,0.122715
20.566667,103.192,0.0042513
20.583333,103.209,0.30752
20.600000,103.229,0.167441
20.616667,103.233,0.099082
20.633333,103.249,0.24207
20.666667,103.275,0.151367
20.700000,103.319,0.290462
20.733333,103.313,0.175078
20.750000,103.294,0.16903
20.766667,103.292,0.00906901
20.783333,103.321,0.328815
20.800000,103.322,0.00692057
20.816667,103.322,0
20.833333,103.349,0.31028
20.850000,103.372,0.174245
20.866667,103.375,0.00672526
20.883333,103.386,0.409349
20.916667,103.408,0.158835
20.950000,103.397,0.233809
20.966667,103.378,0.0702865
20.983333,103.276,0.501712
21.000000,103.271,0.016569
21.016667,103.31,0.366035
21.033333,103.301,0.0668359
21.050000,103.301,0
21.066667,103.298,0.117324
21.083333,103.314,0.110671
21.116667,103.319,0.360488
21.133333,103.329,0.208451
21.166667,103.384,0.62543
21.183333,103.383,0.0101107
21.200000,103.41,0.0870833
21.216667,103.412,0.13791
21.233333,103.403,0.279251
21.250000,103.402,0.122962
21.283333,103.431,0.336152
21.316667,103.39,0.198659
21.350000,103.41,0.329928
21.366667,103.409,0.00613932
21.383333,103.349,0.435332
21.400000,103.355,0.16069
21.416667,103.335,0.177383
21.433333,103.291,0.26123
21.450000,103.268,0.117409
21.483333,103.123,0.58248
21.516667,103.145,0.241686
21.550000,103.148,0.217754
21.566667,103.122,0.179544
21.583333,103.101,0.358444
21.600000,103.092,0.216185
21.616667,103.091,0.0055599
21.633333,103.034,0.454251
21.650000,103.027,0.0090625
21.666667,103.027,0
21.683333,102.906,0.638294
21.700000,102.897,0.30819
21.733333,102.897,0.00410807
21.750000,102.81,0.432467
21.783333,102.801,0.159056
21.816667,102.716,0.856068
21.833333,102.718,0.0064974
21.850000,102.698,0.115957
21.866667,102.626,0.477923
21.883333,102.623,0.132591
21.900000,102.622,0.00123698
21.916667,102.61,0.24735
21.933333,102.538,0.489525
21.950000,102.52,0.177604
21.983333,102.4,0.421289
22.016667,102.372,0.354271
22.050000,102.325,0.421979
22.066667,102.324,0.00130859
22.083333,102.34,0.19804
22.100000,102.323,0.186497
22.116667,102.273,0.481315
22.150000,102.285,0.309798
22.183333,102.262,0.850033
22.200000,102.265,0.0539193
22.233333,102.267,0.45972
22.266667,102.283,0.169805
22.300000,102.325,0.394004
22.316667,102.326,0.00422526
22.333333,102.388,0.491465
22.350000,102.381,0.196641
22.366667,102.382,0.00110677
22.383333,102.412,0.459225
22.400000,102.415,0.00434896
22.416667,102.487,0.426628
22.450000,102.478,0.758392
22.483333,102.534,0.635527
22.516667,102.574,0.337083
22.533333,102.588,0.200742
22.550000,102.591,0.00348307
22.566667,102.653,0.42929
22.583333,102.657,0.00454427
22.600000,102.65,0.421992
22.616667,102.652,0.00181641
22.633333,102.685,0.228835
22.650000,102.737,0.39847
22.683333,102.734,0.292318
22.700000,102.779,0.490221
22.733333,102.805,0.336016
22.750000,102.803,0.00789063
22.766667,102.84,0.178646
22.783333,102.914,0.390632
22.800000,102.915,0.00429688
22.816667,102.906,0.144792
22.833333,102.906,0.00203776
22.850000,102.975,0.50015
22.866667,102.995,0.321536
22.900000,103.048,0.212904
22.933333,103.099,0.49349
22.950000,103.098,0.00539714
22.966667,103.117,0.280046
22.983333,103.115,0.00141927
23.000000,103.084,0.400098
23.016667,103.111,0.149212
23.033333,103.168,0.364674
23.050000,103.168,0.00748047
23.066667,103.16,0.110924
23.083333,103.186,0.238984
23.100000,103.192,0.165944
23.133333,103.271,0.60513
23.166667,103.313,0.479844
23.183333,103.368,0.20901
23.200000,103.371,0.00923177
23.216667,103.384,0.262565
23.233333,103.385,0.00144531
23.250000,103.383,0.128008
23.266667,103.411,0.249297
23.283333,103.414,0.182441
23.300000,103.434,0.0796029
23.316667,103.427,0.106868
23.333333,103.426,0.00266276
23.350000,103.486,0.57681
23.383333,103.481,0.174785
23.400000,103.481,0
23.416667,103.517,0.25097
23.433333,103.473,0.828783
23.450000,103.467,0.0167708
23.466667,103.465,0.0024349
23.483333,103.439,0.410651
23.500000,103.459,0.185579
23.516667,103.48,0.107383
23.533333,103.461,0.243991
23.566667,103.492,0.297331
23.600000,103.5,0.0439909
23.616667,81.2419,37.3058
23.633333,103.527,37.2085
23.650000,103.539,0.0549219
23.666667,103.585,0.29041
23.683333,103.646,0.141478
23.700000,103.646,0.00396484
23.733333,103.7,0.232839
23.750000,103.723,0.149694
23.783333,103.874,0.535736
23.800000,103.927,0.121465
23.816667,103.928,0.00330729
23.833333,103.928,0
23.850000,104.093,0.393691
23.866667,104.138,0.149258
23.883333,104.379,0.754062
23.916667,104.4,0.148255
23.950000,104.488,0.55571
23.983333,104.532,0.435241
24.016667,104.565,0.469733
24.050000,104.548,0.195983
24.066667,104.534,0.338438
24.083333,104.485,0.285807
24.100000,104.485,0
24.116667,104.485,0
24.133333,104.511,0.466914
24.150000,104.513,0.00184245
24.166667,104.562,0.301491
24.200000,104.63,0.690931
24.233333,104.72,0.404512
24.266667,104.856,0.545638
24.283333,104.908,0.392266
24.300000,104.981,0.259746
24.316667,105.004,0.212181
24.333333,105.049,0.459766
24.350000,105.126,0.588939
24.366667,105.123,0.170065
24.383333,105.12,0.417038
24.416667,105.014,1.16875
24.450000,105.009,0.0778906
24.483333,104.858,0.651556
24.500000,104.827,0.203958
24.516667,104.766,0.243385
24.533333,104.763,0.0045638
24.550000,104.69,0.577109
24.566667,104.693,0.00392578
24.583333,104.672,0.354837
24.600000,104.673,0.00334635
24.616667,104.687,0.174421
24.633333,104.655,0.570573
24.666667,104.704,0.379707
24.700000,104.701,0.634049
24.716667,104.703,0.00391276
24.733333,104.703,0
24.750000,104.794,0.831406
24.766667,104.793,0.00679036
24.783333,104.838,0.335612
24.800000,104.839,0.225781
24.816667,104.841,0.00203125
24.833333,104.911,0.612454
24.866667,104.931,0.340625
24.900000,104.947,0.207331
24.933333,104.973,0.833034
24.950000,104.985,0.0746875
24.966667,104.984,0.00235026
24.983333,104.965,0.377754
25.000000,105.01,0.257988
25.016667,105.051,0.371589
25.033333,105.048,0.00313802
25.050000,105.076,0.62793
25.066667,105.076,0.00169922
25.083333,105.065,0.147109
25.100000,105.069,0.555514
25.116667,105.063,0.526966
25.150000,105.065,0.00719401
25.166667,105.071,0.157858
25.183333,105.069,0.00199219
25.200000,105.047,0.242253
25.216667,105.061,0.390768
25.233333,105.023,0.245833
25.250000,105.013,0.257839
25.266667,105.01,0.0033724
25.283333,105.073,0.869577
25.300000,105.116,0.370117
25.333333,105.221,0.718451
25.366667,105.28,0.175306
25.383333,105.303,0.238008
25.400000,105.342,0.30446
25.416667,105.395,0.420241
25.433333,105.284,0.907214
25.450000,105.258,0.149427
25.466667,105.249,0.227376
25.483333,105.291,0.797396
25.516667,105.271,0.1514
25.533333,105.235,0.52304
25.566667,105.261,0.378991
25.600000,105.214,0.87069
25.616667,105.215,0.00270182
25.633333,105.237,0.262793
25.650000,105.184,0.360677
25.666667,105.179,0.206257
25.683333,105.133,0.336699
25.700000,105.013,0.740749
25.733333,104.931,0.39179
25.766667,104.696,0.662643
25.783333,104.637,0.184492
25.800000,104.636,0.00102214
25.816667,104.636,0
25.833333,104.353,0.736094
25.850000,104.353,0.00276693
25.866667,104.16,0.593066
25.883333,104.089,0.152767
25.916667,104.014,0.193743
25.933333,103.945,0.284173
25.966667,103.724,0.582109
26.000000,103.641,0.409277
26.016667,103.619,0.103047
26.033333,103.616,0.00692057
26.050000,103.54,0.459017
26.066667,103.54,0.00386068
26.083333,103.54,0
26.100000,103.469,0.310931
26.116667,103.358,0.622663
26.150000,103.348,0.052806
26.183333,103.282,0.436823
26.216667,103.197,0.328522
26.233333,103.194,0.0120833
26.250000,103.171,0.267975
26.266667,103.169,0.18485
26.283333,103.169,0.000625
26.300000,103.157,0.134186
26.316667,103.172,0.358535
26.333333,103.162,0.179928
26.366667,103.143,0.302031
26.400000,103.166,0.352585
26.433333,103.093,0.8664
26.450000,103.085,0.014987
26.466667,103.077,0.06875
26.483333,103.126,0.370072
26.500000,103.127,0.00544271
26.516667,103.123,0.0870117
26.533333,103.11,0.102188
26.550000,103.091,0.147161
26.566667,103.121,0.268275
26.583333,103.136,0.105143
26.616667,103.117,0.123913
26.650000,103.147,0.390436
26.683333,103.147,0.0548633
26.700000,103.174,0.286712
26.716667,103.176,0.00406901
26.733333,103.175,0.128965
26.750000,103.193,0.0986523
26.766667,103.169,0.12002
26.783333,103.208,0.449362
26.800000,103.209,0.00214193
26.833333,103.207,0.207591
26.866667,103.226,0.357448
26.900000,103.248,0.187975
26.916667,103.248,0.00498698
26.933333,103.254,0.145052
26.950000,103.27,0.209772
26.966667,103.259,0.104668
26.983333,103.189,0.369004
27.000000,103.186,0.0051237
27.033333,103.255,0.443053
27.066667,103.307,0.282891
27.100000,103.339,0.245046
27.116667,103.335,0.0111523
27.133333,103.335,0.102793
27.150000,103.362,0.341882
27.166667,103.369,0.0795573
27.183333,103.357,0.0752799
27.200000,103.359,0.1725
27.216667,103.354,0.174414
27.233333,103.356,0.103483
27.266667,103.345,0.444063
27.300000,103.337,0.183268
27.316667,103.333,0.00595703
27.333333,103.337,0.0834701
27.350000,103.335,0.228145
27.366667,103.338,0.00370443
27.383333,103.335,0.0873503
27.400000,103.325,0.108678
27.416667,103.353,0.142799
27.433333,103.384,0.72584
27.450000,103.386,0.0144271
27.483333,103.378,0.574694
27.516667,103.38,0.229251
27.550000,103.391,0.439557
27.566667,103.397,0.0956315
27.583333,103.396,0.00426432
27.600000,103.396,0
27.616667,103.366,0.564382
27.633333,103.364,0.00984375
27.650000,103.332,0.166309
27.666667,103.317,0.153086
27.683333,103.243,0.264531
27.700000,103.25,0.158177
27.716667,103.196,0.390827
27.750000,103.186,0.294414
27.783333,103.157,0.449941
27.800000,103.154,0.0053125
27.816667,103.154,0
27.833333,103.123,0.352689
27.850000,103.082,0.180059
27.883333,102.999,0.428672
27.916667,102.955,0.329609
27.950000,102.91,0.25985
27.983333,102.657,0.861471
28.000000,102.65,0.0129492
28.016667,102.651,0.217708
28.033333,102.659,0.222923
28.050000,102.629,0.184896
28.066667,102.592,0.469095
28.083333,102.595,0.00360026
28.100000,102.597,0.130124
28.133333,102.566,0.477526
28.166667,102.54,0.336751
28.183333,102.538,0.00169271
28.200000,102.511,0.179089
28.216667,102.474,0.51776
28.233333,102.475,0.00413411
28.250000,102.463,0.199505
28.266667,102.432,0.217878
28.283333,102.423,0.143171
28.316667,102.321,0.784928
28.333333,102.319,0.00665365
28.366667,102.312,0.370964
28.400000,102.267,0.441732
28.416667,102.279,0.109635
28.433333,102.28,0.00122396
28.450000,102.234,0.937591
28.466667,102.233,0.00234375
28.483333,102.21,0.447461
28.500000,102.21,0.00318359
28.516667,102.222,0.395488
28.550000,102.227,0.104674
28.583333,102.336,0.759922
28.616667,102.402,0.377168
28.633333,102.402,0.000865885
28.650000,102.411,0.265534
28.666667,102.424,0.140462
28.683333,102.4,0.666543
28.700000,102.429,0.100527
28.716667,102.458,0.17696
28.733333,102.486,0.188301
28.750000,102.494,0.198398
28.766667,102.542,0.151908
28.783333,102.55,0.247161
28.800000,102.593,0.390872
28.833333,102.661,0.42668
28.866667,102.657,0.583327
28.883333,102.688,0.149408
28.900000,102.689,0.000533854
28.916667,102.702,0.146732
28.933333,102.729,0.630202
28.950000,102.729,0.00138672
28.966667,102.724,0.0912174
28.983333,102.693,0.368405
29.000000,102.724,0.167487
29.016667,102.769,0.444798
29.050000,102.81,0.30207
29.083333,102.866,0.435918
29.100000,102.863,0.0055599
29.116667,102.863,0
29.133333,102.946,0.590996
29.150000,102.958,0.118743
29.166667,102.961,0.00908203
29.183333,103.017,0.396706
29.200000,103.017,0.00554687
29.216667,103.076,0.489186
29.250000,103.114,0.290332
29.283333,103.168,0.400326
29.316667,103.183,0.332878
29.350000,103.221,0.617936
29.366667,103.221,0.00169271
29.383333,103.24,0.0655404
29.400000,103.249,0.0794206
29.416667,103.308,0.395514
29.433333,103.311,0.00755859
29.450000,103.324,0.291829
29.466667,103.328,0.179818
29.483333,103.353,0.327988
29.516667,103.366,0.292884
29.550000,103.444,0.498385
29.583333,103.457,0.120378
29.600000,103.458,0.00159505
29.616667,103.473,0.268685
29.633333,103.489,0.195729
29.650000,103.487,0.00170573
29.666667,103.486,0.975111
29.700000,103.487,0.0621484
29.733333,103.474,0.266035
29.766667,103.48,0.267962
29.783333,103.493,0.143262
29.800000,103.466,0.142826
29.816667,103.465,0.0009375
29.833333,103.517,0.207936
29.850000,103.511,0.0801107
29.866667,103.537,0.179303
29.883333,103.589,0.308118
29.900000,103.586,0.00450521
29.933333,103.614,0.385957
29.966667,103.642,0.273372
30.000000,103.8,0.613001
30.016667,103.862,0.162936
30.033333,103.86,0.0105859
30.050000,103.9,0.106693
30.066667,103.984,0.202969
30.083333,104.088,0.303301
30.100000,104.089,0.00199219
30.116667,104.136,0.151146
30.133333,104.276,0.417292
30.150000,104.342,0.306198
30.166667,104.341,0.0130404
30.183333,104.387,0.466543
30.216667,104.548,0.726204
30.250000,104.559,0.189544
30.266667,104.554,0.013151
30.283333,104.541,0.351712
30.300000,104.566,0.229746
30.316667,104.484,0.273001
30.333333,104.475,0.156478
30.350000,104.46,0.0977865
30.366667,104.503,0.354518
30.400000,104.536,0.416361
30.433333,104.541,0.0882813
30.450000,104.585,0.671654
30.466667,104.647,0.18334
30.483333,104.688,0.253646
30.500000,104.779,0.326634
30.516667,104.826,0.289792
30.533333,104.892,0.33306
30.550000,104.895,0.00542969
30.566667,104.997,0.58819
30.583333,105.084,0.702161
30.616667,105.114,0.419915
30.650000,105.11,0.00490885
30.666667,105.11,0
30.683333,105.11,0
30.700000,105.092,0.412181
30.716667,105.101,0.246126
30.733333,104.993,0.909069
30.750000,104.8,1.05858
30.766667,104.742,0.127083
30.783333,104.68,0.591139
30.816667,104.706,0.357637
30.850000,104.651,0.546374
30.883333,104.701,0.410645
30.900000,104.701,0.00295573
30.916667,104.701,0
30.933333,104.701,0
30.950000,104.701,0
30.966667,104.703,0.208581
30.983333,104.65,0.317956
31.000000,104.663,0.217454
31.016667,104.662,0.00154948
31.050000,104.718,0.616523
31.066667,104.722,0.0111393
31.100000,104.722,0
31.116667,104.782,0.522031
31.133333,104.782,0.00333333
31.150000,104.783,0.00282552
31.166667,104.876,0.895169
31.183333,104.932,0.151875
31.200000,104.932,0.00410807
31.216667,105.015,0.963783
31.233333,105.017,0.0910807
31.266667,105.054,0.714668
31.300000,105.06,0.156823
31.333333,105.044,0.687539
31.350000,105.052,0.243828
31.366667,105.083,0.499876
31.383333,105.07,0.1389
31.400000,105.066,0.00521484
31.416667,105.065,0.564902
31.433333,105.066,0.00143229
31.450000,105.057,0.188086
31.466667,105.028,0.388633
31.483333,104.963,0.605872
31.516667,105.018,0.521133
31.550000,105.045,0.214733
31.566667,105.117,0.490605
31.583333,105.118,0.00815755
31.600000,105.221,0.630456
31.616667,105.221,0.00341146
31.633333,105.234,0.165475
31.650000,105.279,0.27194
31.666667,105.294,0.33487
31.683333,105.292,1.19273
31.716667,105.312,0.760573
31.750000,105.287,0.192858
31.783333,105.301,0.842194
31.800000,105.307,0.00765625
31.816667,105.311,0.592754
31.833333,105.298,0.171895
31.850000,105.296,0.00173177
31.866667,105.238,0.996732
31.883333,105.236,0.00399089
31.900000,105.232,0.143581
31.933333,105.106,0.698086
31.966667,104.912,0.712975
32.000000,104.815,0.484655
32.016667,104.762,0.17748
32.033333,104.76,0.00280599
32.050000,104.584,0.487624
32.066667,104.577,0.00835938
32.083333,104.547,0.0990299
32.100000,104.293,0.668685
32.116667,104.29,0.00385417
32.133333,104.181,0.323437
32.150000,104.118,0.200189
32.183333,104.027,0.242005
32.216667,103.854,0.722585
32.233333,103.848,0.00626302
32.250000,103.74,0.252812
32.266667,103.707,0.151849
32.283333,103.677,0.177493
32.300000,103.661,0.12752
32.316667,103.569,0.324518
32.333333,103.449,0.527969
32.350000,103.451,0.00695313
32.366667,103.451,0
32.400000,103.346,0.457148
32.433333,103.266,0.384863
32.450000,103.199,0.304876
32.466667,103.199,0.00471354
32.483333,103.197,0.00149089
32.500000,103.151,0.363203
32.516667,103.124,0.122227
32.533333,103.096,0.381901
32.550000,103.099,0.0110091
32.566667,103.1,0.0823503
32.583333,103.114,0.389434
32.616667,103.101,0.245703
32.650000,103.109,0.0941667
32.666667,103.133,0.237194
32.683333,103.078,0.648053
32.700000,103.071,0.214069
32.716667,103.068,0.00666016
32.733333,103.084,0.157982
32.750000,103.112,0.244935
32.766667,103.114,0.0072526
32.783333,103.099,0.234375
32.800000,103.082,0.23209
32.833333,103.098,0.201706
32.866667,103.096,0.329837
32.883333,103.098,0.00453125
32.900000,103.109,0.108861
32.916667,103.122,0.235462
32.933333,103.122,0.117962
32.950000,103.12,0.0063151
32.966667,103.127,0.284036
32.983333,103.134,0.0131641
33.000000,103.149,0.272135
33.016667,103.15,0.00192708
33.033333,103.167,0.281764
33.066667,103.182,0.27179
33.100000,103.186,0.316029
33.116667,103.184,0.00808594
33.133333,103.224,0.101654
33.150000,103.219,0.0735937
33.166667,103.239,0.15459
33.183333,103.236,0.00336589
33.200000,103.28,0.321699
33.216667,103.278,0.00505208
33.233333,103.282,0.0777018
33.250000,103.262,0.334271
33.283333,103.327,0.451348
33.316667,103.347,0.323561
33.333333,103.347,0.000260417
33.350000,103.359,0.0830794
33.366667,103.356,0.322148
33.383333,103.355,0.00367839
33.400000,103.375,0.135195
33.416667,103.376,0.00136719
33.433333,103.374,0.222865
33.450000,103.365,0.263555
33.483333,103.263,0.321921
33.516667,103.266,0.218118
33.550000,103.263,0.28541
33.566667,103.265,0.0487174
33.583333,103.284,0.159212
33.600000,103.285,0.00129557
33.616667,103.294,0.172682
33.633333,103.287,0.131361
33.650000,103.299,0.123802
33.666667,103.301,0.00784505
33.683333,103.417,0.843587
33.716667,103.389,0.187995
33.750000,103.376,0.15569
33.783333,103.419,0.466296
33.800000,103.421,0.00413411
33.816667,103.421,0
33.833333,103.394,0.547279
33.850000,103.402,0.0958659
33.866667,103.403,0.000891927
33.883333,103.348,0.208939
33.900000,103.309,0.458809
33.916667,103.309,0.0166797
33.933333,103.268,0.17403
33.950000,103.21,0.379935
33.983333,103.156,0.424909
34.016667,103.139,0.339388
34.033333,103.139,0.0027474
34.050000,103.122,0.329499
34.066667,103.088,0.130495
34.083333,102.977,0.564329
34.100000,102.972,0.0059375
34.116667,102.971,0.119701
34.150000,102.942,0.362181
34.183333,102.906,0.482012
34.216667,102.859,0.346322
34.233333,102.817,0.179368
34.250000,102.81,0.00965495
34.266667,102.794,0.175599
34.283333,102.744,0.290182
34.300000,102.713,0.423535
34.316667,102.704,0.0108724
34.350000,102.672,0.395091
34.383333,102.618,0.460462
34.416667,102.584,0.384707
34.450000,102.529,0.433047
34.466667,102.528,0.00234375
34.483333,102.514,0.227871
34.500000,102.428,0.575612
34.516667,102.398,0.130723
34.533333,102.376,0.239316
34.550000,102.376,0.00582682
34.566667,102.333,0.196322
34.583333,102.308,0.421569
34.616667,102.267,0.452298
34.650000,102.279,0.546855
34.666667,102.281,0.00260417
34.683333,102.255,0.545827
34.700000,102.254,0.00958984
34.716667,102.262,0.109577
34.733333,102.269,0.444121
34.750000,102.269,0.000833333
34.783333,102.324,0.611198
34.816667,102.331,0.192025
34.850000,102.377,0.581491
34.866667,102.391,0.141543
34.883333,102.378,0.209707
34.900000,102.379,0.000195313
34.916667,102.459,0.484707
34.933333,102.472,0.586549
34.950000,102.472,0.0151432
34.966667,102.498,0.296439
34.983333,102.481,0.262826
35.000000,102.499,0.142507
35.016667,102.559,0.440098
35.050000,102.619,0.363555
35.083333,102.671,0.330495
35.100000,102.647,0.288509
35.116667,102.646,0.0011263
35.133333,102.719,0.436146
35.150000,102.716,0.00375
35.166667,102.716,0
35.183333,102.744,0.48237
35.200000,102.743,0.00457031
35.216667,102.772,0.26625
35.233333,102.808,0.377272
35.250000,102.81,0.00185547
35.266667,102.865,0.632708
35.300000,102.896,0.312611
35.333333,102.958,0.46528
35.350000,102.956,0.00298828
35.366667,102.974,0.0967318
35.383333,103.051,0.469434
35.400000,103.066,0.174271
35.416667,103.086,0.0727539
35.433333,103.108,0.327454
35.450000,103.104,0.0059375
35.466667,103.095,0.633229
35.483333,103.093,0.0077474
35.500000,103.138,0.257786
35.533333,103.151,0.359173
35.566667,103.178,0.365345
35.583333,103.215,0.113027
35.600000,103.216,0.0015625
35.616667,103.268,0.484069
35.633333,103.281,0.0983919
35.650000,103.281,0
35.666667,103.281,0
35.683333,103.318,0.371823
35.700000,103.377,0.221947
35.716667,103.379,0.117077
35.750000,103.378,0.263047
35.783333,103.407,0.46252
35.800000,103.43,0.0750065
35.816667,103.435,0.151113
35.833333,103.433,0.00317057
35.850000,103.529,0.62015
35.866667,103.526,0.00473958
35.883333,103.525,0.0011849
35.900000,103.546,0.311647
35.916667,103.56,0.09875
35.933333,103.472,0.734694
35.950000,103.471,0.0371354
35.966667,103.472,0.0967708
35.983333,103.48,0.335124
