0.000000,103.87,0
0.016667,103.894,0.227214
0.033333,103.894,0
0.050000,103.944,0.39332
0.066667,103.945,0.00806641
0.083333,103.956,0.207083
0.100000,103.987,0.284355
0.116667,103.988,0.00162109
0.133333,103.988,0.00114583
0.150000,104.006,0.167428
0.183333,104.127,0.504277
0.200000,104.124,0.00392578
0.216667,104.116,0.224128
0.233333,104.116,0
0.250000,104.121,0.340306
0.266667,104.117,0.00459635
0.283333,104.117,0
0.300000,104.118,0.382487
0.316667,104.118,0.282721
0.350000,104.195,0.28151
0.366667,104.162,0.441921
0.400000,104.162,0
0.416667,104.182,0.191484
0.433333,104.202,0.225208
0.450000,104.202,0
0.466667,104.202,0
0.500000,104.19,0.226875
0.516667,104.215,0.493561
0.533333,104.259,0.35446
0.566667,104.305,0.152988
0.600000,104.305,0.00948568
0.616667,104.431,0.583633
0.650000,104.512,0.213333
0.666667,104.513,0.0013151
0.683333,104.66,0.452806
0.700000,104.661,0.00308594
0.716667,104.739,0.300085
0.733333,104.867,0.470684
0.766667,104.92,0.242168
0.800000,105.047,0.726784
0.833333,105.037,0.163711
0.866667,105.037,0.000957031
0.883333,105.048,0.371862
0.900000,105.024,0.370801
0.916667,105.024,0.00594401
0.933333,105.024,0
0.950000,105.024,0
0.966667,105.028,0.348698
0.983333,105.063,0.413405
1.016667,105.139,0.257012
1.033333,105.243,0.600007
1.066667,105.366,0.320703
1.100000,105.366,0
1.116667,105.481,0.683184
1.133333,105.58,0.373711
1.150000,105.581,0.00155599
1.166667,105.581,0
1.183333,105.704,0.695703
1.200000,105.703,0.00208333
1.216667,105.735,0.336309
1.233333,105.784,0.770267
1.250000,105.784,0.000520833
1.283333,105.755,0.608665
1.316667,105.638,0.523594
1.350000,105.531,0.519805
1.366667,105.532,0.00159505
1.383333,105.45,0.478431
1.400000,105.449,0.00122396
1.416667,105.399,0.348906
1.433333,105.401,0.00247396
1.450000,105.335,0.442936
1.483333,105.348,0.449434
1.500000,105.371,0.326888
1.533333,105.351,0.618535
1.566667,105.351,0.00320312
1.583333,105.38,0.117493
1.600000,105.38,0
1.616667,105.425,0.640013
1.633333,105.429,0.00567708
1.650000,105.429,0
1.666667,105.455,0.239687
1.683333,105.51,0.488099
1.700000,105.539,0.222793
1.733333,105.541,0.511602
1.750000,105.54,0.0060612
1.783333,105.584,0.3339
1.816667,105.578,0.531361
1.833333,105.577,0.00154297
1.850000,105.608,0.200195
1.866667,105.608,0
1.883333,105.654,0.44554
1.900000,105.655,0.0013151
1.916667,105.655,0
1.933333,105.657,0.539316
1.950000,105.711,0.299707
1.966667,105.734,0.49707
2.000000,105.734,0.330482
2.033333,105.732,0.00369141
2.066667,105.767,0.912878
2.083333,105.766,0.00641276
2.100000,105.766,0
2.116667,105.783,0.492025
2.133333,105.781,0.00209635
2.150000,105.817,0.303092
2.166667,105.899,0.609824
2.200000,105.96,0.269824
2.216667,105.961,0.00297526
2.250000,106.031,0.75653
2.283333,105.961,0.502331
2.300000,105.961,0.000416667
2.316667,105.974,0.492337
2.333333,105.976,0.00294922
2.350000,105.984,0.416484
2.366667,105.999,0.713229
2.400000,106.026,0.545241
2.433333,106.025,0.00239583
2.450000,105.997,0.497689
2.483333,105.951,0.746159
2.500000,105.952,0.00901693
2.516667,105.928,0.360944
2.533333,105.927,0.00282552
2.550000,105.797,0.697546
2.566667,105.797,0.00047526
2.583333,105.752,0.258997
2.600000,105.475,0.703418
2.633333,105.472,0.00530599
2.650000,105.38,0.239251
2.683333,105.131,0.561882
2.716667,105.08,0.187982
2.733333,105.08,0
2.750000,104.877,0.481048
2.766667,104.875,0.00261719
2.783333,104.807,0.191556
2.800000,104.807,0.0010026
2.816667,104.508,0.66847
2.833333,104.508,0.0011849
2.850000,104.46,0.253581
2.866667,104.392,0.271556
2.900000,104.223,0.423411
2.933333,104.222,0.00130208
2.950000,104.192,0.133932
2.966667,104.191,0.00142578
2.983333,104.134,0.422604
3.000000,104.132,0.00547526
3.016667,104.09,0.198242
3.033333,103.929,0.549375
3.066667,103.911,0.0831185
3.100000,103.9,0.383177
3.133333,103.899,0.0053125
3.150000,103.884,0.0931836
3.166667,103.859,0.440352
3.183333,103.862,0.00633464
3.200000,103.862,0
3.216667,103.862,0
3.233333,103.859,0.111139
3.250000,103.871,0.393991
3.266667,103.871,0
3.283333,103.858,0.436882
3.300000,103.861,0.19931
3.333333,103.863,0.00267578
3.366667,103.849,0.222936
3.383333,103.816,0.182695
3.400000,103.813,0.00375651
3.416667,103.815,0.37625
3.433333,103.815,0.00369792
3.450000,103.812,0.119258
3.466667,103.812,0
3.483333,103.812,0
3.500000,103.803,0.403229
3.516667,103.793,0.10207
3.550000,103.234,1.05717
3.566667,103.237,0.106263
3.600000,103.242,0.300404
3.616667,103.243,0.00128906
3.633333,103.243,0
3.650000,103.241,0.060918
3.666667,103.241,0
3.683333,103.241,0
3.700000,103.274,0.404544
3.716667,103.28,0.0848698
3.733333,103.286,0.298809
3.766667,103.297,0.135007
3.800000,103.297,0.000208333
3.816667,103.238,0.390059
3.850000,103.277,0.173092
3.866667,103.277,0.0026888
3.883333,103.286,0.178848
3.900000,103.291,0.00479818
3.916667,103.346,0.437227
3.933333,103.347,0.00163411
3.950000,103.347,0
3.966667,103.371,0.0921094
3.983333,103.378,0.322715
4.000000,103.38,0.00401693
4.016667,103.378,0.119284
4.033333,103.363,0.323014
4.066667,103.361,0.00233724
4.083333,103.368,0.139349
4.116667,103.383,0.387591
4.133333,103.385,0.00404948
4.150000,103.386,0.117936
4.166667,103.385,0.00129557
4.183333,103.398,0.307103
4.200000,103.395,0.00783854
4.216667,103.392,0.105059
4.233333,103.391,0.271204
4.266667,103.391,0
4.283333,103.435,0.449635
4.316667,103.445,0.208132
4.333333,103.445,0
4.350000,103.451,0.255671
4.366667,103.451,4.55729e-05
4.383333,103.457,0.276595
4.400000,103.455,0.00161458
4.416667,103.413,0.475065
4.433333,103.418,0.158138
4.466667,103.381,0.532839
4.500000,103.384,0.00408203
4.516667,103.323,0.260469
4.533333,103.322,0.00156901
4.550000,103.324,0.273385
4.566667,103.323,0.00109375
4.583333,103.311,0.231217
4.600000,103.229,0.477337
4.633333,103.202,0.276224
4.650000,103.207,0.0061263
4.683333,103.202,0.360124
4.716667,103.133,0.288724
4.733333,103.133,0
4.750000,103.122,0.288268
4.766667,103.118,0.00515625
4.783333,103.015,0.413255
4.800000,103.013,0.00209635
4.816667,102.925,0.349434
4.833333,102.9,0.351641
4.850000,102.9,0.00379557
4.883333,102.895,0.277637
4.916667,102.795,0.626999
4.950000,102.801,0.174232
4.966667,102.801,0
4.983333,102.734,0.478893
5.000000,102.734,0.0039974
5.016667,102.73,0.194701
5.033333,102.73,0
5.050000,102.653,0.572363
5.066667,102.651,0.00354818
5.083333,102.61,0.292155
5.100000,102.597,0.379987
5.133333,102.561,0.261862
5.166667,102.562,0.00259115
5.183333,102.536,0.480143
5.216667,102.523,0.264355
5.233333,102.519,0.00714193
5.250000,102.539,0.260293
5.266667,102.54,0.00100911
5.283333,102.456,0.511543
5.300000,102.453,0.00965495
5.316667,102.453,0
5.333333,102.447,0.394004
5.350000,102.454,0.360658
5.383333,102.477,0.233379
5.416667,102.501,0.59735
5.433333,102.499,0.00463542
5.450000,102.528,0.204395
5.466667,102.526,0.00207031
5.483333,102.587,0.495612
5.500000,102.588,0.00504557
5.516667,102.588,0
5.533333,102.631,0.579232
5.550000,102.648,0.222708
5.566667,102.692,0.314896
5.600000,102.75,0.331634
5.633333,102.796,0.34931
5.650000,102.796,0.00046224
5.683333,102.845,0.377995
5.700000,102.846,0.00047526
5.716667,102.846,0.55903
5.733333,102.843,0.00428385
5.750000,102.883,0.272272
5.766667,102.91,0.532018
5.800000,102.889,0.30028
5.833333,102.907,0.349329
5.866667,102.907,0
5.883333,102.945,0.207643
5.900000,102.944,0.00106771
5.916667,102.944,0
5.933333,102.995,0.488672
5.950000,103.03,0.171126
5.966667,103.085,0.521445
6.000000,103.105,0.252422
6.033333,103.168,0.353418
6.066667,103.169,0.00450521
6.083333,103.179,0.291777
6.100000,103.222,0.274167
6.116667,103.222,0
6.133333,103.222,0
6.150000,103.237,0.292057
6.166667,103.237,0
6.183333,103.267,0.251276
6.200000,103.297,0.407441
6.233333,103.339,0.199687
6.250000,103.339,0
6.283333,103.379,0.47554
6.316667,103.397,0.194714
6.333333,103.397,0
6.350000,103.416,0.290195
6.366667,103.417,0.00520833
6.383333,103.435,0.186589
6.400000,103.435,0
6.416667,103.496,0.486165
6.433333,103.495,0.00115234
6.450000,103.514,0.179056
6.466667,103.527,0.341348
6.500000,103.559,0.429486
6.533333,103.56,0.00190104
6.550000,103.572,0.119909
6.566667,103.564,0.264967
6.583333,103.566,0.00139974
6.600000,103.566,0
6.616667,103.577,0.223978
6.650000,103.579,0.283913
6.666667,103.588,0.135983
6.700000,103.592,0.460443
6.733333,103.599,0.232005
6.750000,103.601,0.00245443
6.766667,103.601,0
6.783333,103.628,0.498822
6.800000,103.627,0.00499349
6.816667,103.627,0
6.833333,103.676,0.216283
6.850000,103.805,0.308509
6.866667,103.877,0.205599
6.900000,104.069,0.537005
6.933333,104.072,0.00333333
6.950000,104.15,0.229401
6.983333,104.345,0.596309
7.000000,104.345,0.0046875
7.016667,104.413,0.330566
7.033333,104.414,0.0022526
7.050000,104.495,0.379596
7.066667,104.574,0.584681
7.100000,104.541,0.178841
7.133333,104.541,0
7.150000,104.515,0.522507
7.183333,104.472,0.152487
7.200000,104.472,0
7.216667,104.472,0
7.233333,104.51,0.523913
7.250000,104.554,0.154134
7.266667,104.554,0
7.283333,104.63,0.667773
7.300000,104.631,0.00274089
7.316667,104.738,0.359316
7.333333,104.878,0.61054
7.366667,104.962,0.656706
7.400000,105.054,0.515872
7.416667,105.053,0.00123047
7.450000,105.148,0.473359
7.466667,105.146,0.00326172
7.483333,105.142,0.651471
7.500000,105.141,0.00147135
7.516667,105.115,0.785723
7.550000,105.083,0.409447
7.566667,104.954,0.560319
7.600000,104.875,0.348841
7.616667,104.874,0.00177083
7.650000,104.819,0.546901
7.666667,104.821,0.00164714
7.683333,104.792,0.19334
7.700000,104.794,0.00192708
7.716667,104.749,0.596927
7.733333,104.748,0.00271484
7.750000,104.778,0.249414
7.766667,104.779,0.00440104
7.783333,104.74,0.637148
7.800000,104.742,0.00169271
7.816667,104.679,1.01078
7.833333,104.693,0.110033
7.866667,104.735,0.193138
7.900000,104.735,0.000364583
7.916667,104.771,0.348424
7.933333,104.801,0.335299
7.950000,104.801,0.000416667
7.966667,104.801,0
7.983333,104.801,0
8.000000,104.83,0.343281
8.016667,104.841,0.323646
8.033333,104.891,0.274232
8.066667,104.931,0.52196
8.100000,104.931,0.000416667
8.133333,105.024,0.960664
8.150000,105.023,0.00330078
8.166667,105.023,0
8.183333,105.039,0.252389
8.200000,105.04,0.00138021
8.216667,105.095,0.49765
8.233333,105.095,0
8.250000,105.095,0
8.266667,105.114,0.382253
8.283333,105.104,0.520885
8.316667,105.03,0.557858
8.350000,105.068,0.492969
8.366667,105.071,0.00423828
8.383333,105.107,0.399466
8.400000,105.107,0.00078125
8.416667,105.187,0.407604
8.433333,105.186,0.00374349
8.450000,105.254,0.545345
8.466667,105.255,0.00156901
8.483333,105.319,0.459941
8.500000,105.361,0.882493
8.533333,105.361,0.345176
8.566667,105.358,0.00333333
8.583333,105.371,0.531478
8.616667,105.362,0.442253
8.633333,105.362,2.60417e-05
8.650000,105.34,0.718405
8.666667,105.341,0.00251953
8.683333,105.359,0.421908
8.700000,105.359,4.55729e-05
8.716667,105.359,0
8.733333,105.314,0.591276
8.750000,105.312,0.395156
8.783333,105.24,0.627741
8.816667,105.165,0.418698
8.850000,105.075,0.337279
8.866667,105.075,7.16146e-05
8.883333,104.914,0.428281
8.900000,104.914,0
8.916667,104.914,0
8.933333,104.818,0.361217
8.950000,104.577,0.554017
8.966667,104.427,0.484837
9.000000,104.217,0.426908
9.033333,104.211,0.0089388
9.050000,104.17,0.188958
9.083333,103.898,0.576784
9.100000,103.899,0.000826823
9.116667,103.857,0.172181
9.133333,103.857,0.000332031
9.150000,103.707,0.465234
9.166667,103.707,0.00700521
9.183333,103.665,0.23599
9.200000,103.663,0.00991536
9.216667,103.626,0.213203
9.250000,103.6,0.17071
9.266667,103.493,0.462259
9.300000,103.492,0.0055599
9.316667,103.35,0.446816
9.333333,103.307,0.18569
9.350000,103.307,0
9.366667,103.307,0
9.383333,103.307,0
9.400000,103.293,0.252936
9.416667,103.306,0.151634
9.433333,103.279,0.360365
9.466667,103.281,0.15123
9.500000,103.241,0.747767
9.533333,103.239,0.00511719
9.550000,103.243,0.134785
9.583333,103.245,0.181901
9.600000,103.245,0.000338542
9.616667,103.232,0.159837
9.633333,103.229,0.003125
9.650000,103.197,0.411152
9.666667,103.199,0.00164062
9.683333,103.225,0.0614844
9.700000,103.226,0.00200521
9.716667,103.221,0.26821
9.733333,103.224,0.202337
9.766667,103.224,0.32778
9.800000,103.224,0
9.816667,103.243,0.271387
9.850000,103.24,0.0807227
9.866667,103.24,0
9.883333,103.243,0.369941
9.900000,103.244,0.0014388
9.916667,103.245,0.153359
9.933333,103.223,0.280026
9.966667,103.252,0.182337
9.983333,103.251,0.00568359
10.016667,103.252,0.308184
10.050000,103.263,0.108965
10.066667,103.265,0.00214193
10.083333,103.285,0.287448
10.100000,103.288,0.00535156
10.116667,103.304,0.189206
10.133333,103.34,0.39151
10.166667,103.384,0.104499
10.183333,103.384,0.000950521
10.216667,103.411,0.321654
10.250000,103.418,0.0836784
10.266667,103.417,0.00152344
10.283333,103.427,0.225078
10.300000,103.427,0
10.316667,103.331,0.428418
10.333333,103.33,0.00423177
10.350000,103.339,0.114036
10.366667,103.353,0.272038
10.400000,103.365,0.190566
10.416667,103.366,0.00119792
10.450000,103.371,0.299798
10.466667,103.369,0.00412109
10.483333,103.375,0.161621
10.500000,103.375,0
10.516667,103.423,0.556556
10.533333,103.411,0.136576
10.566667,103.415,0.271745
10.600000,103.414,0.00111979
10.616667,103.443,0.20166
10.650000,103.418,0.415163
10.683333,103.45,0.213034
10.700000,103.451,0.00132813
10.716667,103.412,0.385879
10.733333,103.411,0.00229818
10.750000,103.411,0
10.766667,103.419,0.303307
10.783333,103.334,0.42054
10.800000,103.22,0.462292
10.833333,103.244,0.130078
10.866667,103.225,0.383581
10.900000,103.225,0.0013151
10.916667,103.231,0.281693
10.933333,103.232,0.0016862
10.950000,103.112,0.450514
10.966667,103.095,0.266087
10.983333,103.095,0
11.000000,103.095,0
11.016667,102.997,0.429323
11.033333,102.997,0.000208333
11.050000,102.999,0.25013
11.083333,102.953,0.340456
11.116667,102.918,0.349245
11.133333,102.918,0.00511719
11.150000,102.825,0.493659
11.166667,102.821,0.00548177
11.183333,102.769,0.366204
11.200000,102.766,0.00955729
11.216667,102.756,0.299655
11.233333,102.756,0
11.250000,102.745,0.318353
11.283333,102.73,0.366198
11.300000,102.674,0.391523
11.333333,102.659,0.303763
11.366667,102.659,0.0026237
11.400000,102.525,0.765326
11.416667,102.524,0.00220703
11.433333,102.524,0
11.450000,102.459,0.361576
11.466667,102.458,0.00353516
11.483333,102.467,0.269629
11.500000,102.467,0.000117187
11.516667,102.467,0
11.533333,102.407,0.710404
11.550000,102.423,0.126465
11.583333,102.437,0.371348
11.600000,102.462,0.382279
11.633333,102.462,0
11.666667,102.51,0.716471
11.683333,102.511,0.00376953
11.700000,102.511,0
11.716667,102.542,0.282552
11.733333,102.541,0.00147786
11.750000,102.605,0.413913
11.766667,102.627,0.563984
11.800000,102.65,0.435456
11.833333,102.649,0.00567708
11.850000,102.674,0.157539
11.883333,102.737,0.403164
11.900000,102.736,0.00109375
11.916667,102.78,0.314408
11.933333,102.78,0
11.950000,102.796,0.361263
11.966667,102.796,0.000169271
11.983333,102.796,0
12.000000,102.854,0.351836
12.016667,102.908,0.507383
12.033333,102.946,0.374805
12.066667,102.97,0.269167
12.100000,102.968,0.00305339
12.116667,103.01,0.321191
12.150000,103.036,0.264323
12.166667,103.037,0.00111979
12.183333,103.07,0.467461
12.200000,103.072,0.00225911
12.216667,103.102,0.187884
12.233333,103.1,0.00584635
12.250000,103.17,0.548711
12.266667,103.181,0.212135
12.300000,103.18,0.00136068
12.316667,103.225,0.400547
12.350000,103.256,0.215924
12.366667,103.256,0
12.383333,103.262,0.310456
12.400000,103.262,0.00496094
12.416667,103.293,0.197995
12.433333,103.293,0
12.450000,103.331,0.433288
12.466667,103.33,0.0013151
12.483333,103.387,0.263034
12.500000,103.427,0.3639
12.533333,103.449,0.177363
12.566667,103.463,0.200853
12.600000,103.465,0.00121094
12.616667,103.497,0.327298
12.633333,103.508,0.159082
12.650000,103.508,0
12.666667,103.508,0
12.683333,103.508,0
12.700000,103.625,0.484609
12.716667,103.612,0.230117
12.733333,103.618,0.346309
12.750000,103.618,0.000110677
12.783333,103.612,0.321888
12.816667,103.612,0.270104
12.850000,103.636,0.0837695
12.866667,103.633,0.0081901
12.883333,103.599,0.428079
12.900000,103.6,0.00147135
12.916667,103.619,0.203783
12.933333,103.619,0.000208333
12.950000,103.651,0.235566
12.983333,103.65,0.236491
13.016667,103.686,0.456393
13.050000,103.737,0.381491
13.066667,103.739,0.00720703
13.083333,103.784,0.141211
13.100000,103.785,0.0126107
13.116667,103.927,0.573503
13.133333,103.924,0.00470703
13.150000,104.021,0.216224
13.183333,104.181,0.470833
13.200000,104.255,0.324883
13.233333,104.395,0.471986
13.266667,104.396,0.005
13.283333,104.456,0.261497
13.300000,104.578,0.743405
13.316667,104.578,0.0003125
13.333333,104.578,0
13.366667,104.567,0.180299
13.383333,104.563,0.387663
13.400000,104.523,0.380853
13.433333,104.515,0.382188
13.466667,104.515,0
13.483333,104.546,0.412695
13.500000,104.617,0.269154
13.516667,104.617,0.0003125
13.533333,104.617,0
13.550000,104.617,0
13.566667,104.712,0.603698
13.583333,104.828,0.314883
13.600000,104.937,0.699323
13.633333,105.034,0.372702
13.666667,105.154,0.70166
13.700000,105.152,0.00201172
13.716667,105.188,0.339408
13.733333,105.188,0
13.750000,105.188,0
13.766667,105.235,0.769655
13.783333,105.19,0.628991
13.800000,105.191,0.00773437
13.816667,105.191,0
13.833333,105.069,0.513763
13.850000,104.98,0.427513
13.883333,104.897,0.478561
13.916667,104.842,0.348848
13.950000,104.783,0.447526
13.966667,104.783,0.000364583
13.983333,104.793,0.446178
14.000000,104.817,0.314993
14.016667,104.816,0.00139323
14.033333,104.816,0
14.050000,104.796,0.633411
14.083333,104.827,0.122201
14.100000,104.877,0.641139
14.133333,104.906,0.233451
14.150000,104.907,0.00160156
14.166667,104.907,0
14.183333,104.955,0.478763
14.200000,104.956,0.00124349
14.216667,104.956,0
14.233333,104.988,0.22429
14.250000,104.986,0.526159
14.283333,105.03,0.33806
14.300000,105.022,0.56291
14.333333,105.021,0.00120443
14.366667,105.093,0.640091
14.383333,105.094,0.00139974
14.400000,105.094,0
14.416667,105.097,0.444225
14.433333,105.1,0.00409505
14.450000,105.152,0.310937
14.483333,105.174,0.506061
14.500000,105.179,0.337611
14.533333,105.197,0.576406
14.566667,105.194,0.00644531
14.583333,105.213,0.351035
14.600000,105.213,0
14.616667,105.231,0.597904
14.633333,105.229,0.0051237
14.650000,105.268,0.262116
14.666667,105.268,0
14.683333,105.341,0.632298
14.700000,105.399,0.275983
14.733333,105.481,0.779134
14.766667,105.481,0
14.783333,105.413,0.487324
14.816667,105.432,0.503717
14.850000,105.437,0.402168
14.866667,105.439,0.00248047
14.883333,105.435,0.57276
14.900000,105.436,0.00371745
14.916667,105.471,0.567201
14.933333,105.47,0.00235677
14.950000,105.446,0.466419
14.983333,105.393,0.736328
15.000000,105.372,0.369486
15.033333,105.241,0.712396
15.050000,105.242,0.00205078
15.066667,105.242,0
15.083333,105.194,0.278372
15.100000,105.194,0
15.116667,105.194,0
15.133333,104.917,0.695352
15.150000,104.828,0.241458
15.166667,104.579,0.560065
15.200000,104.521,0.213704
15.233333,104.521,0
15.266667,104.307,0.51556
15.283333,104.238,0.191178
15.300000,104.238,0.000963542
15.316667,104.238,0
15.333333,103.94,0.674036
15.350000,103.898,0.220391
15.366667,103.898,0
15.383333,103.829,0.262689
15.400000,103.645,0.435254
15.416667,103.645,0.000403646
15.450000,103.616,0.13375
15.483333,103.554,0.445566
15.516667,103.508,0.213516
15.533333,103.508,0.00382161
15.550000,103.342,0.518815
15.566667,103.342,0.00030599
15.583333,103.342,0
15.600000,103.326,0.107799
15.616667,103.304,0.384141
15.650000,103.289,0.0979557
15.683333,103.268,0.423021
15.716667,103.275,0.114004
15.733333,103.275,0
15.750000,103.284,0.377331
15.766667,103.284,0.000110677
15.783333,103.261,0.453151
15.800000,103.259,0.00694661
15.816667,103.261,0.19125
15.833333,103.264,0.00322917
15.850000,103.273,0.145117
15.866667,103.244,0.187435
15.900000,103.239,0.397005
15.933333,103.238,0.00280599
15.950000,103.232,0.121556
15.966667,103.231,0.394368
15.983333,103.232,0.00194661
16.000000,103.232,0
16.016667,103.221,0.101445
16.033333,103.223,0.0013737
16.050000,103.243,0.410872
16.066667,103.241,0.113112
16.100000,103.244,0.297773
16.133333,103.242,0.0712435
16.166667,103.279,0.409642
16.200000,103.28,0.00119141
16.216667,103.289,0.0911328
16.233333,103.282,0.327279
16.250000,103.283,0.00401042
16.266667,103.283,0
16.283333,103.283,0
16.300000,103.226,0.53998
16.316667,103.226,0.000957031
16.333333,103.231,0.0152279
16.350000,103.231,0
16.366667,103.275,0.167083
16.383333,103.297,0.164453
16.416667,103.351,0.43222
16.450000,103.373,0.0958724
16.466667,103.374,0.000227865
16.483333,103.381,0.304336
16.500000,103.382,0.00617839
16.516667,103.378,0.136296
16.533333,103.378,0
16.550000,103.378,0
16.566667,103.368,0.335801
16.583333,103.376,0.130736
16.616667,103.38,0.367135
16.650000,103.382,0.123405
16.683333,103.389,0.302943
16.700000,103.384,0.00692708
16.716667,103.381,0.102454
16.733333,103.381,0
16.750000,103.382,0.271374
16.766667,103.382,0
16.783333,103.423,0.4436
16.800000,103.436,0.203444
16.833333,103.444,0.26043
16.866667,103.444,0
16.883333,103.448,0.267897
16.916667,103.4,0.472878
16.933333,103.401,0.00239583
16.950000,103.413,0.162754
16.966667,103.413,0
16.983333,103.381,0.539798
17.000000,103.322,0.26179
17.033333,103.324,0.279687
17.050000,103.324,0.00139323
17.083333,103.314,0.234655
17.116667,103.23,0.47722
17.150000,103.205,0.284102
17.166667,103.206,0.000957031
17.183333,103.194,0.354434
17.200000,103.194,0.00688802
17.216667,103.129,0.281354
17.233333,103.129,0
17.250000,103.127,0.308958
17.266667,103.017,0.418464
17.300000,102.922,0.347533
17.333333,102.924,0.00617188
17.366667,102.892,0.606413
17.383333,102.89,0.00732422
17.400000,102.89,0
17.416667,102.789,0.575371
17.433333,102.788,0.00839844
17.450000,102.788,0.19763
17.466667,102.788,0
17.483333,102.725,0.456986
17.500000,102.717,0.20123
17.533333,102.714,0.0039974
17.550000,102.643,0.585938
17.583333,102.598,0.298398
17.616667,102.592,0.378984
17.633333,102.591,0.00755859
17.650000,102.558,0.251667
17.666667,102.559,0.00322917
17.683333,102.531,0.466758
17.700000,102.529,0.00407552
17.716667,102.514,0.266602
17.750000,102.529,0.268021
17.766667,102.446,0.526758
17.800000,102.434,0.404707
17.833333,102.431,0.00695964
17.850000,102.444,0.349928
17.866667,102.466,0.233874
17.883333,102.467,0.0013151
17.900000,102.467,0
17.916667,102.494,0.584674
17.933333,102.492,0.00516276
17.950000,102.523,0.199674
17.966667,102.586,0.497533
18.000000,102.632,0.588535
18.016667,102.63,0.00626953
18.050000,102.645,0.211022
18.083333,102.693,0.310983
18.100000,102.693,0
18.116667,102.75,0.327741
18.133333,102.75,0
18.150000,102.797,0.35097
18.166667,102.797,0.000572917
18.183333,102.797,0
18.200000,102.844,0.370046
18.216667,102.84,0.577233
18.233333,102.878,0.27
18.266667,102.902,0.525514
18.300000,102.875,0.0666536
18.316667,102.854,0.292565
18.350000,102.873,0.344395
18.366667,102.873,0
18.383333,102.914,0.207852
18.400000,102.913,0.00106771
18.416667,102.961,0.484017
18.433333,102.962,0.0051237
18.450000,102.962,0
18.466667,102.999,0.167207
18.483333,103.05,0.52793
18.516667,103.071,0.248281
18.533333,103.131,0.35446
18.566667,103.131,0.00421224
18.583333,103.146,0.294512
18.600000,103.146,0
18.616667,103.189,0.272454
18.633333,103.189,0
18.650000,103.189,0
18.666667,103.206,0.285768
18.683333,103.24,0.25082
18.700000,103.24,0
18.716667,103.271,0.406654
18.733333,103.308,0.196667
18.766667,103.348,0.466426
18.800000,103.369,0.196243
18.833333,103.369,0
18.850000,103.392,0.291133
18.866667,103.393,0.00501302
18.883333,103.412,0.172116
18.900000,103.412,0
18.916667,103.467,0.484082
18.933333,103.466,0.00148438
18.950000,103.487,0.180521
18.966667,103.507,0.344948
19.000000,103.542,0.437012
19.033333,103.552,0.117441
19.066667,103.552,0
19.083333,103.541,0.263997
19.100000,103.542,0.00125651
19.116667,103.542,0
19.133333,103.548,0.228783
19.166667,103.551,0.282467
19.183333,103.562,0.136061
19.200000,103.566,0.458919
19.233333,103.574,0.238353
19.266667,103.576,0.00265625
19.300000,103.6,0.495319
19.316667,103.653,0.229076
19.333333,103.655,0.00125
19.350000,103.784,0.300801
19.366667,103.785,0.00138021
19.383333,103.854,0.20416
19.400000,103.853,0.00195964
19.416667,104.046,0.531133
19.450000,104.131,0.239121
19.483333,104.329,0.592493
19.500000,104.396,0.33694
19.533333,104.397,0.00197266
19.550000,104.471,0.376979
19.583333,104.551,0.567982
19.600000,104.55,0.00161458
19.616667,104.518,0.180938
19.633333,104.518,0
19.650000,104.487,0.520339
19.666667,104.447,0.15362
19.700000,104.447,0
19.716667,104.484,0.521009
19.750000,104.531,0.155788
19.783333,104.612,0.663945
19.816667,104.718,0.365326
19.833333,104.718,0.000501302
19.850000,104.857,0.603633
19.866667,104.857,0
19.883333,104.941,0.659544
19.900000,104.94,0.00200521
19.916667,105.04,0.513418
19.933333,105.039,0.00152344
19.950000,105.13,0.47043
19.966667,105.126,0.66388
20.000000,105.096,0.794212
20.016667,105.096,0.0044987
20.050000,105.065,0.394688
20.083333,104.929,0.557793
20.100000,104.927,0.00928385
20.116667,104.851,0.347318
20.133333,104.848,0.00210938
20.150000,104.796,0.545247
20.166667,104.799,0.00266927
20.183333,104.769,0.193158
20.200000,104.771,0.00146484
20.216667,104.771,0
20.233333,104.722,0.596921
20.250000,104.754,0.24903
20.266667,104.754,0.0036263
20.283333,104.712,0.63985
20.316667,104.657,1.00079
20.333333,104.657,0.00516276
20.350000,104.673,0.110072
20.366667,104.673,0
20.383333,104.731,0.242383
20.416667,104.769,0.357949
20.433333,104.771,0.0024349
20.450000,104.796,0.325299
20.483333,104.818,0.349414
20.516667,104.832,0.322897
20.550000,104.884,0.26998
20.566667,104.883,0.00151693
20.583333,104.917,0.528353
20.600000,104.917,0.000416667
20.616667,104.917,0
20.633333,104.949,0.350632
20.650000,105.009,0.635345
20.683333,105.033,0.288353
20.700000,105.093,0.497474
20.733333,105.107,0.387852
20.766667,105.107,0.00340495
20.800000,105.015,1.02938
20.816667,105.015,0.00238932
20.833333,105.015,0
20.850000,105.069,0.406667
20.866667,105.104,0.442799
20.883333,105.105,0.00122396
20.900000,105.105,0
20.916667,105.195,0.404746
20.950000,105.267,0.569238
20.983333,105.322,0.418053
21.016667,105.362,0.902943
21.033333,105.364,0.0102279
21.050000,105.358,0.336829
21.066667,105.356,0.00196615
21.083333,105.368,0.530033
21.100000,105.368,0
21.116667,105.368,0
21.133333,105.363,0.442604
21.150000,105.342,0.708229
21.166667,105.341,0.00244792
21.183333,105.36,0.43291
21.200000,105.311,0.591348
21.233333,105.309,0.390299
21.250000,105.307,0.00692057
21.283333,105.237,0.614876
21.300000,105.237,2.60417e-05
21.316667,105.162,0.418184
21.333333,105.16,0.00214193
21.350000,105.075,0.336367
21.366667,105.075,0
21.383333,105.075,0
21.400000,104.913,0.428021
21.416667,104.815,0.363737
21.433333,104.581,0.559668
21.466667,104.425,0.487005
21.500000,104.426,0.00489583
21.533333,104.212,0.404915
21.550000,104.171,0.204759
21.566667,104.171,0
21.583333,104.171,0
21.600000,103.898,0.573236
21.616667,103.853,0.171712
21.650000,103.705,0.468275
21.666667,103.668,0.246152
21.700000,103.664,0.0127865
21.733333,103.593,0.412337
21.750000,103.592,0.00126302
21.766667,103.592,0
21.783333,103.487,0.42276
21.800000,103.486,0.00211589
21.816667,103.342,0.456719
21.833333,103.336,0.00789714
21.850000,103.302,0.171615
21.866667,103.286,0.270527
21.900000,103.301,0.142142
21.916667,103.3,0.00127604
21.950000,103.276,0.364453
21.966667,103.279,0.00394531
21.983333,103.28,0.148405
22.000000,103.283,0.00436198
22.016667,103.239,0.727559
22.033333,103.237,0.00430339
22.050000,103.244,0.134401
22.066667,103.245,0.188835
22.100000,103.245,0.000338542
22.116667,103.234,0.157135
22.150000,103.196,0.405996
22.166667,103.198,0.00204427
22.183333,103.224,0.0609635
22.200000,103.225,0.00229818
22.216667,103.219,0.271504
22.233333,103.219,0.00119792
22.250000,103.222,0.205371
22.266667,103.221,0.00617188
22.283333,103.225,0.321257
22.316667,103.243,0.267884
22.350000,103.241,0.0809245
22.383333,103.242,0.368092
22.400000,103.242,0
22.416667,103.249,0.153053
22.433333,103.249,6.51042e-05
22.450000,103.222,0.271576
22.466667,103.222,0.000325521
22.483333,103.246,0.174857
22.500000,103.244,0.00309245
22.516667,103.24,0.319368
22.533333,103.252,0.108138
22.566667,103.277,0.284714
22.600000,103.279,0.00632813
22.633333,103.345,0.590859
22.650000,103.344,0.00186198
22.666667,103.344,0
22.683333,103.386,0.0984375
22.700000,103.385,0.00078125
22.716667,103.408,0.313236
22.733333,103.412,0.0828451
22.766667,103.423,0.227279
22.800000,103.423,0
22.816667,103.323,0.423424
22.850000,103.337,0.123913
22.866667,103.337,0
22.883333,103.35,0.267194
22.900000,103.352,0.00544922
22.916667,103.363,0.18707
22.933333,103.364,0.00279948
22.950000,103.364,0
22.966667,103.359,0.298151
22.983333,103.368,0.175339
23.016667,103.413,0.533379
23.033333,103.406,0.145456
23.066667,103.415,0.280462
23.083333,103.415,0.00128906
23.100000,103.415,0
23.116667,103.442,0.199401
23.133333,103.442,0.00542318
23.150000,103.442,0
23.166667,103.421,0.406673
23.183333,103.451,0.212656
23.216667,103.416,0.390033
23.250000,103.425,0.301178
23.283333,103.336,0.421081
23.300000,103.334,0.00353516
23.316667,103.219,0.456849
23.333333,103.216,0.00404948
23.350000,103.242,0.118802
23.366667,103.243,0.00360677
23.383333,103.22,0.384551
23.400000,103.229,0.281849
23.433333,103.106,0.437669
23.466667,103.104,0.00464193
23.500000,102.99,0.660618
23.516667,102.99,0.000416667
23.533333,102.99,0
23.550000,102.989,0.224655
23.566667,102.989,0.00247396
23.583333,102.945,0.346862
23.600000,102.908,0.347995
23.633333,102.823,0.498952
23.666667,102.77,0.360495
23.683333,102.766,0.00947917
23.716667,102.756,0.292904
23.750000,102.745,0.322318
23.766667,102.744,0.000742188
23.783333,102.729,0.358079
23.800000,102.729,0.000175781
23.816667,102.669,0.415996
23.833333,102.67,0.00192708
23.850000,102.663,0.301094
23.866667,102.663,0.00251302
23.883333,102.579,0.372181
23.900000,102.531,0.413704
23.933333,102.446,0.42347
23.966667,102.446,0.00205078
24.000000,102.389,0.935872
24.016667,102.388,0.00140625
24.033333,102.388,0
24.050000,102.407,0.125293
24.066667,102.407,0
24.083333,102.431,0.358184
24.100000,102.431,0
24.116667,102.431,0
24.133333,102.444,0.363301
24.150000,102.472,0.349909
24.166667,102.507,0.359798
24.200000,102.546,0.336133
24.233333,102.546,0.00300781
24.250000,102.603,0.439023
24.266667,102.625,0.56168
24.283333,102.625,0.0028776
24.300000,102.625,0
24.316667,102.625,0
24.333333,102.646,0.491829
24.350000,102.669,0.177187
24.366667,102.734,0.413301
24.400000,102.783,0.314427
24.433333,102.783,0
24.466667,102.794,0.342559
24.483333,102.847,0.347441
24.500000,102.846,0.000520833
24.516667,102.846,0
24.533333,102.9,0.506999
24.550000,102.94,0.372194
24.566667,102.968,0.26974
24.600000,103.003,0.322012
24.633333,103.001,0.00207031
24.650000,103.029,0.252663
24.683333,103.068,0.480391
24.700000,103.07,0.0030599
24.716667,103.1,0.184219
24.733333,103.098,0.0058724
24.750000,103.166,0.550462
24.766667,103.177,0.203919
24.800000,103.222,0.41056
24.833333,103.222,0.00344401
24.850000,103.249,0.209349
24.883333,103.256,0.316719
24.900000,103.255,0.00508464
24.916667,103.29,0.19627
24.933333,103.29,0
24.950000,103.328,0.426999
24.983333,103.384,0.267943
25.000000,103.425,0.365072
25.016667,103.424,0.00324219
25.050000,103.445,0.162135
25.083333,103.464,0.208008
25.100000,103.464,0
25.116667,103.496,0.325378
25.133333,103.496,0
25.150000,103.505,0.162142
25.166667,103.505,0
25.183333,103.619,0.490169
25.200000,103.612,0.228802
25.233333,103.618,0.340938
25.266667,103.618,0
25.283333,103.617,0.334635
25.300000,103.617,0.000657552
25.316667,103.617,0
25.333333,103.613,0.270078
25.350000,103.636,0.0838802
25.366667,103.633,0.00791667
25.383333,103.606,0.433978
25.400000,103.624,0.197949
25.433333,103.652,0.23459
25.466667,103.653,0.000891927
25.500000,103.65,0.237116
25.516667,103.68,0.474427
25.533333,103.68,0
25.550000,103.738,0.379759
25.566667,103.74,0.00782552
25.583333,103.78,0.143828
25.600000,103.78,0.0110352
25.616667,103.78,0
25.633333,103.922,0.564603
25.650000,104.015,0.222819
25.683333,104.175,0.469362
25.716667,104.249,0.322637
25.733333,104.25,0.00174479
25.750000,104.389,0.461849
25.766667,104.389,0.00452474
25.783333,104.451,0.259616
25.800000,104.451,0.000208333
25.816667,104.576,0.751283
25.833333,104.576,0
25.850000,104.564,0.182826
25.866667,104.557,0.388431
25.900000,104.516,0.381855
25.933333,104.509,0.381458
25.950000,104.509,0
25.966667,104.509,0
25.983333,104.54,0.416042
26.000000,104.54,0
26.016667,104.54,0
26.033333,104.608,0.270182
26.050000,104.707,0.600384
26.066667,104.824,0.313665
26.100000,104.934,0.699395
26.133333,104.934,0.000566406
26.150000,105.028,0.375007
26.183333,105.153,0.706224
26.200000,105.152,0.0023763
26.216667,105.186,0.339629
26.233333,105.186,0
26.250000,105.228,0.774115
26.266667,105.19,0.624095
26.283333,105.182,0.0927995
26.316667,105.054,0.521406
26.350000,104.963,0.421992
26.383333,104.881,0.480156
26.400000,104.881,0.0014388
26.433333,104.781,0.779336
26.450000,104.781,0
26.466667,104.781,0
26.483333,104.781,0
26.500000,104.775,0.414206
26.516667,104.8,0.341055
26.533333,104.789,0.625137
26.550000,104.79,0.00177083
26.583333,104.821,0.121315
26.616667,104.869,0.644837
26.650000,104.899,0.23276
26.683333,104.954,0.484219
26.700000,104.955,0.0019401
26.716667,104.98,0.213743
26.733333,104.98,0.00282552
26.750000,104.979,0.530866
26.766667,104.975,0.00432292
26.783333,105.02,0.329844
26.800000,105.011,0.560827
26.833333,105.044,0.196934
26.866667,105.088,0.443984
26.883333,105.088,0
26.916667,105.085,0.53153
26.950000,105.14,0.296797
26.966667,105.142,0.00197266
26.983333,105.165,0.50112
27.000000,105.163,0.0030599
27.016667,105.161,0.327819
27.033333,105.161,0
27.050000,105.181,0.574408
27.083333,105.195,0.359961
27.100000,105.218,0.596758
27.133333,105.257,0.241068
27.166667,105.257,0
27.183333,105.329,0.638398
27.200000,105.393,0.292292
27.216667,105.392,0.00472005
27.233333,105.392,0
27.250000,105.467,0.764473
27.266667,105.402,0.492188
27.300000,105.419,0.49957
27.333333,105.425,0.410508
27.366667,105.427,0.00235677
27.400000,105.45,1.12229
27.416667,105.451,0.000449219
27.433333,105.451,0
27.450000,105.427,0.424115
27.466667,105.428,0.00157552
27.483333,105.375,0.73112
27.500000,105.375,0.00802083
27.516667,105.361,0.376751
27.550000,105.235,0.699499
27.583333,105.187,0.275085
27.616667,104.906,0.69222
27.633333,104.906,0.00786458
27.650000,104.814,0.240937
27.666667,104.814,0
27.683333,104.567,0.547246
27.700000,104.566,0.00173177
27.716667,104.566,0
27.733333,104.51,0.204967
27.750000,104.305,0.5189
27.783333,104.239,0.175586
27.816667,103.933,0.68498
27.850000,103.89,0.224414
27.866667,103.89,0
27.883333,103.819,0.26123
27.900000,103.819,0
27.916667,103.638,0.433587
27.933333,103.637,0.00151042
27.950000,103.606,0.13543
27.966667,103.551,0.435391
28.000000,103.503,0.212663
28.033333,103.502,0.00372396
28.050000,103.335,0.51097
28.066667,103.335,0.00225911
28.083333,103.319,0.112773
28.100000,103.319,0
28.116667,103.319,0
28.133333,103.298,0.408522
28.150000,103.283,0.0995052
28.166667,103.259,0.427747
28.200000,103.263,0.102292
28.233333,103.269,0.370501
28.266667,103.269,0.000110677
28.283333,103.247,0.440879
28.300000,103.245,0.00678385
28.316667,103.245,0
28.333333,103.246,0.190573
28.350000,103.261,0.15707
28.366667,103.244,0.262201
28.400000,103.237,0.394089
28.433333,103.235,0.00373047
28.450000,103.231,0.11694
28.483333,103.233,0.391204
28.500000,103.234,0.00216146
28.516667,103.224,0.0976432
28.533333,103.225,0.0014388
28.550000,103.243,0.408027
28.566667,103.242,0.00136719
28.583333,103.24,0.106517
28.600000,103.24,0
28.616667,103.243,0.299694
28.633333,103.243,0.0700911
28.666667,103.284,0.43043
28.700000,103.292,0.0873958
28.733333,103.292,0
28.750000,103.283,0.333027
28.766667,103.297,0.134661
28.783333,103.297,0
28.800000,103.297,0
28.816667,103.236,0.381113
28.833333,103.277,0.176589
28.850000,103.276,0.00261719
28.866667,103.276,0
28.883333,103.29,0.183984
28.916667,103.346,0.442376
28.933333,103.368,0.0858008
28.966667,103.372,0.323255
29.000000,103.374,0.00407552
29.033333,103.356,0.448346
29.050000,103.353,0.00377604
29.066667,103.353,0
29.083333,103.353,0
29.100000,103.385,0.512311
29.116667,103.385,0.00252604
29.133333,103.385,0
29.150000,103.385,0
29.166667,103.387,0.107734
29.183333,103.398,0.277689
29.216667,103.386,0.117109
29.233333,103.383,0.256419
29.266667,103.383,0
29.283333,103.419,0.464505
29.300000,103.434,0.199993
29.316667,103.434,9.11458e-05
29.333333,103.434,0
29.350000,103.441,0.251947
29.366667,103.441,0.000208333
29.383333,103.448,0.259173
29.400000,103.447,0.00214193
29.416667,103.447,0
29.433333,103.398,0.47709
29.450000,103.406,0.155788
29.483333,103.375,0.548717
29.516667,103.316,0.25873
29.550000,103.322,0.286348
29.566667,103.322,0
29.583333,103.309,0.224844
29.600000,103.309,0
29.616667,103.231,0.473105
29.633333,103.229,0.00378255
29.650000,103.198,0.281908
29.666667,103.2,0.00401693
29.683333,103.194,0.35974
29.700000,103.127,0.295033
29.733333,103.126,0.00195964
29.766667,103.016,0.686478
29.783333,103.015,0.00133464
29.800000,103.015,0
29.816667,103.015,0
29.833333,102.932,0.30319
29.850000,102.896,0.353092
29.866667,102.885,0.282233
29.900000,102.777,0.61709
29.933333,102.772,0.179258
29.950000,102.773,0.000208333
29.983333,102.717,0.457253
30.000000,102.716,0.00390625
30.016667,102.709,0.19765
30.033333,102.709,0
30.050000,102.631,0.575423
30.066667,102.63,0.00174479
30.083333,102.592,0.296042
30.100000,102.594,0.00429688
30.116667,102.579,0.353867
30.150000,102.546,0.259785
30.183333,102.523,0.47875
30.216667,102.507,0.273151
30.233333,102.503,0.00651042
30.250000,102.522,0.263698
30.266667,102.522,0
30.283333,102.437,0.528014
30.300000,102.425,0.400085
30.316667,102.424,0.00540365
30.350000,102.436,0.355234
30.383333,102.459,0.236016
30.416667,102.481,0.60877
30.433333,102.479,0.00498047
30.450000,102.507,0.205195
30.466667,102.507,0
30.483333,102.573,0.489961
30.500000,102.573,0.000709635
30.516667,102.616,0.561491
30.533333,102.613,0.00723307
30.550000,102.637,0.203809
30.566667,102.685,0.314688
30.600000,102.74,0.331582
30.633333,102.789,0.35168
30.650000,102.789,0.000729167
30.666667,102.789,0
30.683333,102.833,0.379648
30.700000,102.834,0.00226562
30.716667,102.837,0.585059
30.733333,102.833,0.00394531
30.750000,102.871,0.260293
30.766667,102.898,0.521921
30.800000,102.872,0.31929
30.833333,102.87,0.00298177
30.850000,102.891,0.346986
30.883333,102.928,0.205814
30.900000,102.927,0.00078125
30.916667,102.983,0.475046
30.933333,102.985,0.00554687
30.950000,103.019,0.172643
30.966667,103.019,0
30.983333,103.019,0
31.000000,103.072,0.521875
31.016667,103.095,0.241309
31.050000,103.154,0.351367
31.083333,103.169,0.298581
31.116667,103.211,0.270618
31.133333,103.211,0
31.150000,103.228,0.28765
31.166667,103.228,0
31.183333,103.262,0.246367
31.200000,103.262,0
31.216667,103.292,0.407513
31.233333,103.292,0.00236328
31.250000,103.335,0.19862
31.266667,103.37,0.469811
31.300000,103.369,0.00171875
31.333333,103.39,0.193919
31.350000,103.412,0.3039
31.366667,103.429,0.175521
31.383333,103.429,0
31.400000,103.429,0
31.416667,103.486,0.484785
31.433333,103.485,0.00100911
31.450000,103.485,0
31.466667,103.502,0.187363
31.483333,103.521,0.34224
31.516667,103.556,0.431673
31.533333,103.568,0.118001
31.566667,103.568,0
31.583333,103.559,0.264694
31.600000,103.56,0.0014974
31.616667,103.569,0.224674
31.633333,103.565,0.00457682
31.650000,103.565,0
31.666667,103.574,0.274368
31.683333,103.582,0.132168
31.716667,103.582,0.457669
31.733333,103.591,0.232715
31.766667,103.626,0.499095
31.800000,103.625,0.00646484
31.816667,103.675,0.217363
31.833333,103.675,0
31.850000,103.805,0.301543
31.866667,103.806,0.00133464
31.883333,103.876,0.2025
31.900000,103.875,0.00182943
31.916667,104.068,0.531009
31.933333,104.149,0.237695
31.966667,104.347,0.600566
32.000000,104.415,0.340469
32.016667,104.416,0.00236328
32.050000,104.489,0.37457
32.066667,104.489,0.00093099
32.083333,104.567,0.565514
32.100000,104.565,0.00173177
32.116667,104.533,0.179596
32.133333,104.533,0
32.150000,104.508,0.519896
32.166667,104.47,0.154902
32.200000,104.47,0.000208333
32.233333,104.555,0.690104
32.266667,104.632,0.619154
32.283333,104.632,0.00326823
32.300000,104.737,0.38127
32.316667,104.738,0.000358073
32.333333,104.877,0.596354
32.350000,104.877,0
32.366667,104.961,0.660423
32.383333,104.961,0.000175781
32.400000,104.961,0
32.416667,105.053,0.51002
32.433333,105.052,0.00194661
32.450000,105.145,0.483477
32.483333,105.147,0.645273
32.516667,105.11,0.792858
32.550000,105.079,0.408177
32.566667,105.077,0.00277344
32.583333,104.946,0.55362
32.600000,104.945,0.00849609
32.616667,104.864,0.344036
32.633333,104.862,0.00169922
32.650000,104.821,0.550859
32.666667,104.792,0.193783
32.700000,104.793,0.00149089
32.733333,104.774,0.834193
32.766667,104.737,0.578483
32.783333,104.738,0.00094401
32.800000,104.738,0
32.816667,104.738,0
32.833333,104.678,1.03357
32.866667,104.694,0.110671
32.883333,104.694,0.000208333
32.900000,104.737,0.187539
32.916667,104.773,0.354909
32.950000,104.801,0.323984
32.983333,104.825,0.35849
33.016667,104.837,0.321309
33.033333,104.837,0
33.050000,104.888,0.268763
33.066667,104.886,0.00147786
33.083333,104.886,0
33.100000,104.927,0.520234
33.116667,104.958,0.350352
33.150000,105.012,0.631582
33.166667,105.034,0.288255
33.200000,105.034,0.000429688
33.216667,105.092,0.504857
33.250000,105.104,0.379069
33.266667,105.104,0.00335937
33.283333,105.097,0.512077
33.300000,105.097,0
33.316667,105.028,0.558105
33.333333,105.075,0.455898
33.366667,105.11,0.400807
33.400000,105.202,0.438164
33.416667,105.201,0.00330729
33.450000,105.27,0.555632
33.466667,105.27,0.000963542
33.483333,105.325,0.449271
33.500000,105.324,0.00571615
33.516667,105.362,0.865462
33.550000,105.363,0.347064
33.566667,105.372,0.529264
33.600000,105.365,0.446029
33.633333,105.34,0.724225
33.650000,105.34,0.00276693
33.683333,105.364,0.425215
33.700000,105.364,0
33.716667,105.318,0.594609
33.733333,105.315,0.00411458
33.750000,105.314,0.39515
33.766667,105.311,0.00330729
33.783333,105.242,0.614362
33.816667,105.168,0.408737
33.850000,105.078,0.341654
33.866667,104.915,0.426992
33.900000,104.915,0
33.916667,104.818,0.365013
33.933333,104.578,0.558971
33.950000,104.575,0.00348958
33.966667,104.575,0
34.000000,104.419,0.480957
34.016667,104.21,0.417936
34.033333,104.167,0.21082
34.066667,103.894,0.565111
34.100000,103.895,0.00101563
34.116667,103.853,0.163086
34.133333,103.71,0.46513
34.150000,103.709,0.00725911
34.166667,103.709,0
34.183333,103.665,0.245098
34.200000,103.662,0.0102669
34.216667,103.618,0.214733
34.233333,103.594,0.169115
34.266667,103.485,0.46918
34.300000,103.485,0.00419271
34.333333,103.35,0.432344
34.350000,103.306,0.185241
34.366667,103.305,0.00291016
34.383333,103.303,0.00200521
34.400000,103.301,0.294883
34.416667,103.315,0.149115
34.433333,103.287,0.345462
34.466667,103.286,0.151517
34.500000,103.288,0.00208333
34.516667,103.247,0.739277
34.550000,103.251,0.14235
34.566667,103.248,0.00472656
34.583333,103.252,0.180612
34.600000,103.252,0.000208333
34.616667,103.24,0.160404
34.633333,103.202,0.411491
34.666667,103.233,0.0682617
34.683333,103.234,0.00220052
34.716667,103.229,0.265827
34.750000,103.232,0.206732
34.766667,103.231,0.00680339
34.783333,103.233,0.315612
34.800000,103.233,0
34.816667,103.248,0.269668
34.833333,103.249,0.00134115
34.850000,103.249,0
34.866667,103.247,0.0819466
34.883333,103.25,0.367493
34.900000,103.253,0.156693
34.933333,103.23,0.275352
34.966667,103.256,0.179616
35.000000,103.256,0.00476562
35.016667,103.256,0.312734
35.033333,103.267,0.116224
35.050000,103.269,0.00229167
35.066667,103.269,0
35.083333,103.286,0.283249
35.100000,103.289,0.00604167
35.116667,103.311,0.195885
35.133333,103.347,0.390879
35.166667,103.39,0.107233
35.200000,103.39,0.00104167
35.216667,103.413,0.321387
35.250000,103.415,0.0816602
35.266667,103.416,0.00252604
35.283333,103.432,0.223249
35.300000,103.432,9.11458e-05
35.316667,103.335,0.427311
35.333333,103.345,0.126608
35.366667,103.355,0.259505
35.400000,103.357,0.00536458
35.416667,103.367,0.184811
35.450000,103.375,0.301107
35.466667,103.373,0.0044401
35.483333,103.377,0.162246
35.500000,103.377,0
35.516667,103.426,0.554082
35.533333,103.43,0.00641927
35.550000,103.418,0.11877
35.566667,103.418,0
35.583333,103.426,0.273132
35.616667,103.453,0.201888
35.650000,103.427,0.421654
35.666667,103.428,0.00177734
35.683333,103.457,0.209147
35.700000,103.458,0.00134766
35.716667,103.421,0.37571
35.733333,103.42,0.00218099
35.750000,103.42,0
35.766667,103.433,0.308594
35.783333,103.341,0.422559
35.816667,103.229,0.456471
35.833333,103.251,0.127331
35.866667,103.253,0.0048763
35.900000,103.239,0.633704
35.916667,103.24,0.00175781
35.933333,103.24,0
35.950000,103.24,0
35.966667,103.127,0.413613
35.983333,103.103,0.273203
