0.000000,103.972,0
0.016683,103.989,0.151309
0.033367,103.989,0
0.050050,104.045,0.525273
0.066733,104.045,0.00438802
0.083417,104.056,0.145885
0.100100,104.057,0.00404948
0.116783,104.154,0.452148
0.133467,104.143,0.0131185
0.150150,104.135,0.228887
0.166833,104.134,0.00165365
0.200200,104.153,0.329375
0.233567,104.146,0.384935
0.250250,104.146,0.000416667
0.266933,104.14,0.276113
0.283617,104.167,0.0886263
0.300300,104.165,0.00277344
0.316983,104.141,0.428411
0.333667,104.139,0.00296224
0.350350,104.154,0.1911
0.383717,104.177,0.228014
0.417083,104.164,0.224095
0.450450,104.195,0.516543
0.467133,104.195,2.60417e-05
0.483817,104.239,0.35125
0.500500,104.242,0.00753906
0.517183,104.28,0.14293
0.533867,104.288,0.119616
0.550550,104.288,0
0.567233,104.412,0.557168
0.583917,104.495,0.214915
0.600600,104.496,0.00142578
0.633967,104.649,0.454258
0.667333,104.722,0.300312
0.700700,104.852,0.475339
0.717383,104.852,0.00510417
0.734067,104.906,0.240579
0.750750,104.905,0.000911458
0.767433,105.034,0.722259
0.784117,105.027,0.165605
0.800800,105.028,0.000761719
0.817483,105.038,0.381549
0.850850,105.013,0.373333
0.884217,105.017,0.351719
0.917583,105.052,0.414844
0.934267,105.052,0
0.950950,105.125,0.255553
0.967633,105.125,0.000416667
0.984317,105.227,0.598262
1.001000,105.229,0.00458333
1.017683,105.229,0
1.034367,105.349,0.314779
1.051050,105.467,0.686901
1.084417,105.567,0.378197
1.117783,105.687,0.700319
1.134467,105.686,0.00173828
1.151150,105.719,0.335306
1.167833,105.719,0
1.184517,105.772,0.775404
1.201200,105.773,0.000657552
1.217883,105.773,0
1.234567,105.737,0.607402
1.251250,105.615,0.523275
1.284617,105.528,0.411289
1.317983,105.45,0.487129
1.334667,105.449,0.00120443
1.368033,105.394,0.349785
1.384717,105.334,0.447207
1.401400,105.334,0.000729167
1.418083,105.334,0
1.434767,105.344,0.447917
1.451450,105.344,0.00704427
1.468133,105.362,0.317969
1.484817,105.362,0
1.501500,105.352,0.622285
1.518183,105.364,0.166868
1.551550,105.406,0.636621
1.584917,105.436,0.243711
1.601600,105.438,0.00252604
1.618283,105.489,0.478841
1.634967,105.49,0.00125651
1.651650,105.516,0.21918
1.668333,105.517,0.0028125
1.685017,105.517,0
1.701700,105.519,0.51957
1.735067,105.561,0.340749
1.768433,105.553,0.535579
1.785117,105.586,0.197044
1.818483,105.629,0.448379
1.835167,105.63,0.00123047
1.851850,105.627,0.53446
1.868533,105.63,0.00374349
1.885217,105.686,0.317376
1.901900,105.687,0.00203125
1.918583,105.71,0.507591
1.951950,105.703,0.325072
1.985317,105.723,0.566908
2.018683,105.736,0.355807
2.035367,105.736,0.00342448
2.068733,105.766,0.564948
2.085417,105.763,0.00565755
2.102100,105.802,0.263926
2.118783,105.875,0.625885
2.135467,105.877,0.0014388
2.152150,105.937,0.293034
2.168833,105.939,0.00549479
2.185517,106.013,0.743685
2.218883,105.948,0.488047
2.252250,105.96,0.500404
2.285617,105.967,0.402044
2.302300,105.969,0.00214844
2.318983,105.967,0.592578
2.335667,105.968,0.00193359
2.352350,105.993,0.554368
2.369033,105.99,0.00516276
2.385717,105.99,0
2.402400,105.968,0.499655
2.419083,105.909,0.73332
2.452450,105.884,0.368014
2.485817,105.763,0.713411
2.502500,105.763,0.000670573
2.519183,105.716,0.258242
2.535867,105.716,0.000240885
2.552550,105.482,0.851777
2.569233,105.48,0.00359375
2.585917,105.48,0
2.602600,105.384,0.239316
2.619283,105.138,0.552389
2.652650,105.084,0.191165
2.686017,104.884,0.482656
2.702700,104.883,0.00229818
2.719383,104.814,0.193262
2.736067,104.815,0.00157552
2.752750,104.518,0.667767
2.769433,104.517,0.00143229
2.786117,104.517,0
2.802800,104.474,0.253132
2.819483,104.474,0
2.836167,104.405,0.263828
2.852850,104.233,0.412044
2.886217,104.203,0.131374
2.902900,104.201,0.00299479
2.919583,104.146,0.429408
2.936267,104.144,0.00662109
2.952950,104.104,0.201862
2.969633,104.107,0.00364583
2.986317,103.939,0.555293
3.003000,103.939,0.000644531
3.019683,103.919,0.0895703
3.036367,103.919,0
3.053050,103.919,0
3.069733,103.907,0.372279
3.103100,103.892,0.0960156
3.119783,103.869,0.448307
3.153150,103.87,0.115846
3.169833,103.872,0.00482422
3.186517,103.887,0.381849
3.203200,103.887,0
3.219883,103.872,0.441341
3.236567,103.87,0.00738281
3.253250,103.871,0.191243
3.269933,103.874,0.00279297
3.286617,103.883,0.146413
3.319983,103.847,0.184583
3.353350,103.848,0.381992
3.386717,103.845,0.120378
3.403400,103.845,0
3.420083,103.841,0.381029
3.436767,103.841,0.00286458
3.453450,103.832,0.0984375
3.470133,103.833,0.00121745
3.486817,103.852,0.407832
3.520183,103.854,0.116029
3.553550,103.831,0.382858
3.586917,103.829,0.0647591
3.620283,103.861,0.400423
3.636967,103.861,0
3.653650,103.868,0.0936523
3.670333,103.868,0
3.687017,103.862,0.328053
3.703700,103.864,0.00531901
3.720383,103.875,0.132214
3.737067,103.875,0
3.770433,103.86,0.538125
3.803800,103.862,0.0030599
3.837167,103.878,0.144193
3.853850,103.878,0.00281901
3.870533,103.926,0.450658
3.887217,103.951,0.0947721
3.903900,103.951,0.000859375
3.920583,103.958,0.308294
3.937267,103.959,0.00423828
3.953950,103.959,0.0191081
3.970633,103.959,0.115332
3.987317,103.946,0.329746
4.020683,103.951,0.140339
4.054050,103.964,0.382539
4.070733,103.964,0.00278646
4.087417,103.966,0.115671
4.104100,103.965,0.00193359
4.120783,103.981,0.311419
4.137467,103.978,0.00766276
4.154150,103.978,0
4.170833,103.978,0.372298
4.204200,103.978,0
4.237567,104.017,0.430339
4.254250,104.017,0.00569661
4.270933,104.029,0.201237
4.287617,104.029,0
4.304300,104.035,0.245514
4.320983,104.035,0.276335
4.337667,104.035,0.00383464
4.371033,104.002,0.601621
4.404400,104.003,0.00220052
4.437767,103.959,0.495684
4.454450,103.959,0.000208333
4.471133,103.899,0.246621
4.487817,103.898,0.00154297
4.504500,103.893,0.267201
4.521183,103.884,0.23597
4.537867,103.884,0
4.554550,103.884,0
4.571233,103.825,0.5339
4.587917,103.792,0.273086
4.621283,103.793,0.350137
4.654650,103.723,0.289121
4.671333,103.723,0.0020638
4.688017,103.714,0.284251
4.704700,103.71,0.00436198
4.721383,103.612,0.421003
4.738067,103.61,0.0025
4.754750,103.61,0
4.771433,103.525,0.343301
4.788117,103.525,0.00354818
4.804800,103.499,0.34513
4.821483,103.491,0.283867
4.854850,103.387,0.598919
4.888217,103.393,0.170391
4.904900,103.393,0
4.921583,103.329,0.467454
4.938267,103.33,0.00138672
4.954950,103.322,0.2036
4.971633,103.32,0.00184245
4.988317,103.245,0.585039
5.021683,103.2,0.298333
5.055050,103.191,0.378939
5.088417,103.157,0.256022
5.121783,103.126,0.446471
5.138467,103.124,0.00287109
5.155150,103.115,0.267383
5.171833,103.113,0.00458333
5.188517,102.54,0.919023
5.205200,102.54,0.000208333
5.221883,102.54,0
5.238567,102.442,0.902539
5.271933,102.441,0.00583333
5.305300,102.456,0.296113
5.338667,102.483,0.264212
5.355350,102.485,0.0013151
5.372033,102.504,0.576315
5.388717,102.502,0.00511068
5.405400,102.528,0.217747
5.422083,102.593,0.466777
5.438767,102.593,0
5.472133,102.628,0.581647
5.488817,102.649,0.217083
5.522183,102.699,0.319368
5.555550,102.759,0.332057
5.588917,102.805,0.333307
5.605600,102.805,4.55729e-05
5.622283,102.849,0.390241
5.638967,102.85,0.000449219
5.655650,102.85,0
5.672333,102.841,0.583197
5.689017,102.877,0.278607
5.705700,102.878,0.00140625
5.739067,102.907,0.521582
5.772433,102.89,0.297227
5.805800,102.904,0.349342
5.822483,102.904,0
5.839167,102.944,0.203971
5.855850,102.943,0.000904948
5.872533,102.994,0.488118
5.889217,102.995,0.00529297
5.905900,103.029,0.19054
5.922583,103.029,0
5.939267,103.086,0.497591
5.955950,103.106,0.250202
5.989317,103.163,0.352546
6.022683,103.179,0.298757
6.056050,103.216,0.274544
6.072733,103.218,0.00202474
6.089417,103.237,0.288314
6.106100,103.237,0
6.122783,103.275,0.259987
6.139467,103.275,0
6.156150,103.303,0.405371
6.172833,103.303,0.000983073
6.189517,103.303,0
6.206200,103.347,0.196589
6.239567,103.383,0.469388
6.272933,103.403,0.1986
6.289617,103.424,0.283809
6.306300,103.425,0.00507161
6.322983,103.425,0
6.339667,103.443,0.172819
6.356350,103.443,4.55729e-05
6.373033,103.5,0.484792
6.389717,103.499,0.00145182
6.406400,103.52,0.182324
6.423083,103.534,0.343145
6.456450,103.566,0.437799
6.473133,103.581,0.118281
6.489817,103.581,0.000345052
6.506500,103.573,0.268516
6.523183,103.573,0
6.539867,103.583,0.221732
6.556550,103.579,0.00457682
6.573233,103.579,0
6.606600,103.591,0.412435
6.639967,103.593,0.00186849
6.656650,103.593,0.445007
6.690017,103.602,0.238503
6.706700,103.628,0.474551
6.723383,103.627,0.00573568
6.740067,103.684,0.23722
6.756750,103.684,0
6.773433,103.812,0.296751
6.806800,103.812,0.000371094
6.823483,103.886,0.202318
6.856850,104.074,0.53985
6.890217,104.154,0.231934
6.923583,104.351,0.594544
6.940267,104.42,0.338919
6.956950,104.421,0.00170573
6.973633,104.501,0.369661
6.990317,104.502,0.000878906
7.023683,104.577,0.570293
7.057050,104.543,0.179251
7.090417,104.52,0.518203
7.107100,104.477,0.161914
7.140467,104.477,0.000677083
7.157150,104.514,0.524362
7.173833,104.513,0.00417969
7.190517,104.563,0.150286
7.207200,104.64,0.663802
7.223883,104.642,0.0024349
7.240567,104.752,0.34849
7.257250,104.752,0.000208333
7.273933,104.892,0.605254
7.307300,104.971,0.662533
7.323983,104.97,0.00195964
7.357350,105.067,0.516016
7.390717,105.158,0.475306
7.407400,105.157,0.648763
7.424083,105.157,0.00174479
7.440767,105.127,0.78541
7.457450,105.127,0.00398438
7.474133,105.097,0.40304
7.490817,105.095,0.00289062
7.524183,104.959,0.568685
7.557550,104.88,0.352624
7.590917,104.83,0.539596
7.607600,104.795,0.199785
7.624283,104.794,0.00395182
7.640967,104.749,0.599173
7.657650,104.749,0.00330078
7.674333,104.785,0.248307
7.691017,104.785,0.00340495
7.707700,104.745,0.639134
7.724383,104.746,0.00164714
7.741067,104.746,0
7.774433,104.69,1.01093
7.807800,104.704,0.113105
7.824483,104.751,0.191146
7.841167,104.751,0.000364583
7.857850,104.782,0.348021
7.874533,104.747,0.0839648
7.891217,104.771,0.329837
7.907900,104.771,0.000208333
7.924583,104.796,0.342305
7.957950,104.811,0.325632
7.974633,104.866,0.272572
8.008000,104.864,0.00165365
8.024683,104.903,0.521855
8.041367,104.902,0.000625
8.058050,104.932,0.348978
8.074733,104.933,0.000748698
8.091417,104.99,0.627741
8.108100,104.988,0.00269531
8.124783,105.014,0.293646
8.158150,105.071,0.501582
8.174833,105.087,0.383587
8.208200,105.087,0.00363281
8.224883,105.081,0.519551
8.258250,105.004,0.564271
8.274933,105.004,0.0023763
8.291617,105.056,0.461204
8.308300,105.086,0.406615
8.324983,105.088,0.00135417
8.341667,105.176,0.4325
8.358350,105.175,0.00354818
8.375033,105.175,0
8.391717,105.246,0.55668
8.425083,105.303,0.447852
8.441767,105.347,0.882285
8.475133,105.344,0.345267
8.491817,105.341,0.00341797
8.508500,105.351,0.52513
8.525183,105.351,0
8.541867,105.345,0.443242
8.575233,105.345,2.60417e-05
8.591917,105.313,0.717689
8.625283,105.339,0.423887
8.658650,105.297,0.597201
8.675333,105.293,0.400853
8.692017,105.292,0.00537109
8.708700,105.221,0.619297
8.725383,105.221,0.000208333
8.742067,105.149,0.411029
8.758750,105.147,0.00233724
8.775433,105.147,0
8.792117,105.057,0.334993
8.825483,104.894,0.434948
8.858850,104.801,0.365007
8.892217,104.555,0.549206
8.908900,104.551,0.00369792
8.925583,104.405,0.479525
8.942267,104.406,0.00464193
8.958950,104.193,0.411185
8.975633,104.187,0.00880208
8.992317,104.149,0.191628
9.009000,104.149,0
9.025683,103.878,0.572526
9.042367,103.879,0.00608073
9.059050,103.835,0.17571
9.092417,103.686,0.459486
9.125783,103.649,0.224967
9.142467,103.646,0.0144596
9.159150,103.604,0.223965
9.192517,103.58,0.172103
9.209200,103.58,0
9.225883,103.477,0.471159
9.242567,103.477,0.000527344
9.259250,103.334,0.442663
9.275933,103.329,0.00738281
9.292617,103.292,0.171367
9.309300,103.276,0.265208
9.342667,103.29,0.152552
9.376033,103.289,0.00143229
9.392717,103.261,0.368034
9.409400,103.262,0.14638
9.426083,103.263,0.00163411
9.442767,103.263,0
9.459450,103.225,0.742311
9.476133,103.223,0.00514974
9.492817,103.226,0.135573
9.509500,103.226,0.00160807
9.542867,103.219,0.323158
9.559550,103.219,0.00395833
9.576233,103.183,0.377181
9.609600,103.211,0.0704492
9.626283,103.212,0.00193359
9.642967,103.205,0.266582
9.659650,103.206,0.00145182
9.676333,103.213,0.200234
9.693017,103.211,0.00619141
9.709700,103.215,0.312363
9.743067,103.215,0
9.759750,103.233,0.289967
9.793117,103.23,0.0819531
9.809800,103.23,0.368385
9.843167,103.235,0.156836
9.859850,103.235,0
9.876533,103.212,0.279824
9.893217,103.212,0
9.909900,103.238,0.166452
9.943267,103.236,0.00364583
9.959950,103.264,0.392188
9.993317,103.277,0.109954
10.010000,103.296,0.29054
10.043367,103.318,0.190397
10.060050,103.319,0.00294922
10.076733,103.356,0.39138
10.093417,103.355,0.00151042
10.110100,103.355,0
10.126783,103.4,0.106979
10.143467,103.4,0.00138021
10.160150,103.424,0.320801
10.193517,103.427,0.0802865
10.226883,103.435,0.220573
10.243567,103.435,0
10.260250,103.338,0.444622
10.276933,103.344,0.12485
10.310300,103.356,0.255911
10.326983,103.358,0.00525391
10.343667,103.368,0.181908
10.360350,103.369,0.00152344
10.377033,103.372,0.298138
10.393717,103.37,0.00529297
10.410400,103.37,0
10.427083,103.374,0.165931
10.460450,103.423,0.554342
10.493817,103.412,0.12819
10.510500,103.417,0.27127
10.527183,103.417,0.000677083
10.560550,103.445,0.203516
10.577233,103.444,0.00596354
10.593917,103.423,0.413307
10.610600,103.423,0.000572917
10.627283,103.455,0.210443
10.643967,103.456,0.00130859
10.660650,103.421,0.379128
10.677333,103.419,0.00253255
10.694017,103.428,0.302552
10.727383,103.347,0.418216
10.744067,103.224,0.466693
10.777433,103.247,0.12737
10.810800,103.233,0.387474
10.827483,103.233,0.00115885
10.844167,103.24,0.279518
10.860850,103.241,0.00207031
10.877533,103.241,0
10.894217,103.118,0.436966
10.910900,103.115,0.00477865
10.927583,103.098,0.264297
10.944267,103.002,0.427005
10.977633,103.003,0.248965
11.011000,102.961,0.348529
11.027683,102.962,0.00507161
11.044367,102.924,0.335273
11.061050,102.926,0.00522135
11.077733,102.835,0.507298
11.094417,102.831,0.00876953
11.111100,102.785,0.350339
11.127783,102.782,0.00908203
11.144467,102.771,0.300156
11.161150,102.771,0
11.194517,102.757,0.313138
11.211200,102.757,0
11.227883,102.744,0.366849
11.261250,102.683,0.402767
11.294617,102.669,0.305221
11.311300,102.668,0.00288411
11.327983,102.592,0.374655
11.344667,102.592,0.000625
11.361350,102.547,0.418574
11.378033,102.545,0.00197917
11.394717,102.461,0.429635
11.428083,102.463,0.244479
11.444767,102.406,0.71416
11.478133,102.424,0.124382
11.511500,102.442,0.377181
11.528183,102.442,0
11.544867,102.464,0.368678
11.561550,102.464,0
11.578233,102.49,0.347337
11.594917,102.485,0.00586589
11.611600,102.485,0
11.644967,102.576,0.676745
11.678333,102.577,0.0016862
11.695017,102.617,0.427083
11.711700,102.644,0.546803
11.745067,102.669,0.44485
11.761750,102.668,0.00515625
11.778433,102.694,0.162988
11.795117,102.694,0
11.811800,102.755,0.417129
11.828483,102.755,0.000208333
11.845167,102.804,0.305319
11.861850,102.804,0
11.878533,102.815,0.367617
11.911900,102.816,0.00125651
11.928583,102.858,0.37653
11.961950,102.914,0.516615
11.995317,102.947,0.350755
12.012000,102.947,0.000488281
12.028683,102.971,0.262871
12.045367,102.968,0.00336589
12.062050,103.012,0.311758
12.078733,103.012,0.000208333
12.095417,103.04,0.256966
12.112100,103.041,0.00113932
12.128783,103.081,0.475781
12.145467,103.083,0.00186198
12.162150,103.111,0.181061
12.178833,103.174,0.548991
12.195517,103.186,0.20862
12.228883,103.185,0.00152995
12.245567,103.185,0
12.262250,103.231,0.409707
12.278933,103.232,0.0017513
12.295617,103.258,0.214661
12.312300,103.258,0
12.328983,103.268,0.320859
12.345667,103.267,0.00541667
12.362350,103.301,0.197155
12.395717,103.337,0.420579
12.412400,103.393,0.271745
12.429083,103.392,0.00304688
12.462450,103.436,0.352617
12.479133,103.435,0.00315104
12.495817,103.461,0.175866
12.512500,103.461,0
12.529183,103.478,0.202891
12.545867,103.478,0
12.562550,103.513,0.328913
12.595917,103.52,0.160775
12.612600,103.638,0.497962
12.629283,103.636,0.00563802
12.662650,103.624,0.227279
12.696017,103.629,0.342253
12.712700,103.624,0.33349
12.729383,103.624,0.00030599
12.746067,103.624,0
12.762750,103.619,0.272969
12.779433,103.62,0.000442708
12.796117,103.643,0.0830859
12.812800,103.641,0.00782552
12.829483,103.612,0.42625
12.862850,103.633,0.200996
12.879533,103.665,0.236693
12.896217,103.666,0.00110677
12.929583,103.663,0.237663
12.946267,103.657,0.00822266
12.962950,103.694,0.44248
12.979633,103.694,0
12.996317,103.749,0.378171
13.013000,103.793,0.150905
13.029683,103.791,0.00962891
13.046367,103.935,0.568796
13.063050,103.932,0.00436198
13.079733,103.932,0
13.096417,104.028,0.219609
13.113100,104.188,0.46252
13.146467,104.26,0.322975
13.179833,104.404,0.47694
13.196517,104.404,0.00471354
13.213200,104.404,0
13.229883,104.464,0.261367
13.246567,104.464,0.000208333
13.263250,104.591,0.743613
13.279933,104.591,0
13.296617,104.577,0.183848
13.329983,104.573,0.39235
13.346667,104.532,0.381296
13.363350,104.533,0.00628255
13.396717,104.525,0.372513
13.430083,104.553,0.41694
13.446767,104.553,0.000364583
13.463450,104.623,0.270228
13.480133,104.623,5.20833e-05
13.496817,104.72,0.604974
13.513500,104.837,0.31502
13.530183,104.837,0
13.546867,104.837,0
13.563550,104.943,0.693314
13.580233,104.943,0.000527344
13.596917,105.042,0.375156
13.613600,105.16,0.698099
13.646967,105.193,0.342324
13.663650,105.193,0
13.680333,105.24,0.772663
13.697017,105.241,0.000416667
13.713700,105.199,0.619805
13.730383,105.199,0.00605469
13.747067,105.075,0.522428
13.763750,105.075,0.00604818
13.780433,104.983,0.421621
13.797117,104.983,7.16146e-05
13.813800,104.983,0
13.830483,104.906,0.47472
13.863850,104.852,0.358177
13.897217,104.794,0.446139
13.913900,104.795,0.00123698
13.930583,104.803,0.44276
13.947267,104.803,0.00723307
13.963950,104.82,0.31806
13.980633,104.82,0.0013737
13.997317,104.812,0.628815
14.014000,104.814,0.00139974
14.030683,104.842,0.119785
14.047367,104.887,0.648607
14.080733,104.914,0.233327
14.114100,104.97,0.48444
14.147467,104.997,0.216966
14.164150,104.997,0.00278646
14.180833,104.995,0.52224
14.197517,104.993,0.00722656
14.214200,104.993,0
14.230883,105.04,0.337168
14.247567,105.041,0.00432943
14.264250,105.031,0.54722
14.280933,105.062,0.200098
14.314300,105.107,0.454206
14.347667,105.108,0.518073
14.364350,105.11,0.00267578
14.381033,105.164,0.292793
14.397717,105.166,0.00209635
14.414400,105.185,0.502253
14.431083,105.181,0.00385417
14.447767,105.181,0.333457
14.464450,105.181,0.0003125
14.481133,105.181,0
14.497817,105.214,0.916113
14.531183,105.213,0.00553385
14.547867,105.239,0.501374
14.581233,105.274,0.305885
14.614600,105.35,0.63875
14.631283,105.352,0.00329427
14.647967,105.411,0.265007
14.664650,105.414,0.00636719
14.681333,105.489,0.783861
14.698017,105.489,0
14.714700,105.489,0
14.731383,105.423,0.48763
14.748067,105.436,0.509635
14.781433,105.443,0.40431
14.814800,105.444,0.57362
14.831483,105.445,0.0039388
14.864850,105.481,0.561576
14.881533,105.48,0.0021875
14.898217,105.457,0.468079
14.914900,105.458,0.00507161
14.931583,105.408,0.720892
14.948267,105.406,0.00763672
14.964950,105.383,0.379766
14.981633,105.383,0.00300781
14.998317,105.253,0.710573
15.015000,105.203,0.275215
15.048367,104.931,0.703099
15.081733,104.838,0.240286
15.115100,104.592,0.554505
15.131783,104.59,0.0030013
15.148467,104.537,0.200371
15.165150,104.534,0.00540365
15.181833,104.328,0.499525
15.198517,104.326,0.00240885
15.215200,104.258,0.184395
15.231883,104.259,0.00173177
15.248567,104.259,0
15.265250,103.897,0.926335
15.298617,103.898,0.00338542
15.331983,103.837,0.183542
15.348667,103.662,0.480312
15.365350,103.661,0.00147135
15.382033,103.661,0.000957031
15.398717,103.628,0.123398
15.415400,103.573,0.412839
15.432083,103.569,0.0056901
15.465450,81.2608,36.4035
15.498817,103.25,36.1423
15.532183,103.253,0.143079
15.548867,103.253,0
15.565550,103.25,0.223763
15.582233,103.25,0
15.598917,103.234,0.111875
15.615600,103.234,0
15.632283,103.226,0.354323
15.648967,103.225,0.00126302
15.665650,103.228,0.102533
15.682333,103.252,0.376504
15.715700,103.242,0.426348
15.749067,103.241,0.188021
15.782433,103.256,0.154922
15.799117,103.254,0.00272786
15.815800,103.214,0.180091
15.832483,103.215,0.000865885
15.849167,103.215,0
15.865850,103.224,0.384421
15.882533,103.222,0.00307943
15.899217,103.22,0.114056
15.915900,103.226,0.450605
15.949267,103.22,0.101445
15.982633,103.235,0.406543
15.999317,103.236,0.00240234
16.016000,103.232,0.110241
16.032683,103.232,0
16.049367,103.235,0.301582
16.066050,103.237,0.00169922
16.082733,103.235,0.0649089
16.099417,103.235,0
16.116100,103.271,0.416159
16.132783,103.271,0
16.166150,103.273,0.370241
16.199517,103.273,0.00140625
16.232883,103.285,0.125495
16.249567,103.285,0
16.266250,103.232,0.377565
16.282933,103.271,0.174987
16.299617,103.269,0.0044987
16.316300,103.284,0.166094
16.332983,103.286,0.0028125
16.349667,103.286,0
16.366350,103.341,0.45293
16.383033,103.367,0.0898242
16.416400,103.381,0.308874
16.449767,103.38,0.123379
16.466450,103.379,0.00128255
16.483133,103.361,0.342018
16.499817,103.359,0.00300781
16.516500,103.367,0.118893
16.533183,103.365,0.00154948
16.549867,103.365,0
16.566550,103.377,0.379557
16.583233,103.38,0.120176
16.616600,103.389,0.309668
16.649967,103.386,0.108874
16.683333,103.379,0.27207
16.700017,103.379,0
16.716700,103.427,0.449004
16.733383,103.427,0.0052474
16.750067,103.427,0
16.766750,103.438,0.180801
16.783433,103.445,0.254408
16.816800,103.45,0.266986
16.850167,103.402,0.476901
16.866850,103.405,0.00438151
16.883533,103.411,0.148646
16.900217,103.411,0
16.916900,103.38,0.534128
16.933583,103.381,0.0034375
16.950267,103.381,0
16.966950,103.32,0.256432
16.983633,103.319,0.00190104
17.000317,103.32,0.273945
17.017000,103.312,0.235189
17.050367,103.23,0.466243
17.067050,103.229,0.00117187
17.083733,103.201,0.280521
17.100417,103.201,0
17.117100,103.202,0.366243
17.133783,103.2,0.00898437
17.150467,103.2,0
17.167150,103.121,0.571315
17.183833,103.118,0.00442057
17.217200,103.026,0.383372
17.250567,102.932,0.346901
17.283933,102.908,0.337741
17.300617,102.908,0.0039974
17.317300,102.903,0.300905
17.333983,102.903,0.00103516
17.350667,102.903,0
17.367350,102.8,0.598132
17.384033,102.799,0.00542318
17.400717,102.797,0.186146
17.417400,102.741,0.474551
17.434083,102.731,0.197487
17.467450,102.731,0
17.500817,102.655,0.597949
17.517500,102.652,0.00552734
17.534183,102.613,0.282839
17.550867,102.614,0.00389974
17.567550,102.6,0.359629
17.584233,102.599,0.00805339
17.600917,102.565,0.246738
17.617600,102.566,0.00247396
17.634283,102.523,0.726973
17.650967,102.517,0.0104883
17.684333,102.532,0.22153
17.717700,102.457,0.52556
17.751067,102.449,0.395723
17.767750,102.446,0.00645833
17.784433,102.455,0.351074
17.801117,102.455,0
17.817800,102.476,0.230397
17.834483,102.477,0.00132813
17.851167,102.496,0.614779
17.867850,102.494,0.00548828
17.884533,102.521,0.221569
17.901217,102.521,0
17.934583,102.584,0.484245
17.967950,102.632,0.558952
17.984633,102.63,0.00605469
18.001317,102.65,0.20806
18.018000,102.651,0.0036263
18.034683,102.698,0.308822
18.051367,102.755,0.32543
18.068050,102.755,0
18.084733,102.805,0.324069
18.101417,102.805,0.000104167
18.118100,102.805,0
18.134783,102.854,0.378008
18.151467,102.842,0.622539
18.184833,102.879,0.272741
18.218200,102.907,0.536309
18.251567,102.875,0.304186
18.268250,102.876,0.000371094
18.284933,102.896,0.340534
18.301617,102.896,0
18.318300,102.934,0.204525
18.334983,102.933,0.000911458
18.351667,102.988,0.464076
18.368350,102.99,0.00589844
18.385033,102.99,0
18.401717,103.022,0.171764
18.435083,103.086,0.513145
18.468450,103.105,0.249557
18.485133,103.104,0.0015625
18.501817,103.167,0.350853
18.518500,103.167,0.00369792
18.535183,103.182,0.292552
18.551867,103.223,0.281934
18.568550,103.224,0.00199219
18.585233,103.238,0.285736
18.601917,103.238,0
18.618600,103.274,0.264434
18.651967,103.304,0.397878
18.685333,103.343,0.189069
18.718700,103.384,0.448171
18.735383,103.383,0.00139974
18.752067,103.407,0.223092
18.768750,103.407,0
18.785433,103.407,0
18.802117,103.424,0.285508
18.818800,103.425,0.00488281
18.835483,103.438,0.157266
18.852167,103.494,0.484544
18.885533,103.511,0.190579
18.918900,103.53,0.340339
18.935583,103.529,0.00179688
18.952267,103.573,0.433652
18.968950,103.574,0.00197917
18.985633,103.574,0
19.002317,103.586,0.117585
19.019000,103.586,0.000351562
19.035683,103.579,0.267292
19.052367,103.588,0.229102
19.069050,103.584,0.00440755
19.102417,103.594,0.27347
19.135783,103.598,0.132591
19.152467,103.598,0
19.169150,103.6,0.462871
19.185833,103.602,0.00212891
19.202517,103.607,0.237279
19.219200,103.64,0.500872
19.235883,103.639,0.00486328
19.252567,103.689,0.217083
19.269250,103.69,0.000559896
19.285933,103.69,0
19.302617,103.818,0.30123
19.335983,103.887,0.203503
19.352667,103.885,0.0018099
19.369350,104.082,0.54222
19.386033,104.085,0.00270182
19.402717,104.161,0.231042
19.419400,104.358,0.589915
19.436083,104.357,0.00486979
19.452767,104.357,0
19.469450,104.425,0.332826
19.486133,104.506,0.382311
19.519500,104.583,0.579316
19.552867,104.549,0.180527
19.586233,104.526,0.516615
19.602917,104.527,0.0038151
19.619600,104.483,0.148145
19.636283,104.483,0.000208333
19.652967,104.483,0
19.669650,104.515,0.527962
19.686333,104.514,0.00436198
19.703017,104.566,0.155065
19.719700,104.646,0.658698
19.753067,104.754,0.365319
19.769750,104.895,0.60752
19.803117,104.895,0
19.819800,104.895,0
19.836483,104.974,0.65929
19.853167,105.068,0.515117
19.869850,105.066,0.00203776
19.886533,105.066,0
19.903217,105.159,0.474564
19.919900,105.158,0.663861
19.936583,105.127,0.785254
19.969950,105.096,0.414342
19.986633,105.095,0.00452474
20.020000,104.959,0.549382
20.053367,104.879,0.350859
20.086733,104.825,0.554414
20.103417,104.826,0.0017513
20.120100,104.798,0.192624
20.136783,104.8,0.0021875
20.153467,104.8,0
20.170150,104.753,0.59571
20.186833,104.787,0.252344
20.220200,104.753,0.639134
20.253567,104.698,1.01462
20.270250,104.698,0.00578125
20.303617,104.709,0.109544
20.320300,104.709,0
20.336983,104.752,0.191725
20.353667,104.752,0.000364583
20.370350,104.787,0.348919
20.387033,104.789,0.00245443
20.403717,104.816,0.315951
20.420400,104.835,0.353483
20.437083,104.851,0.31474
20.470450,104.851,0
20.503817,104.902,0.269759
20.537183,104.944,0.528197
20.553867,104.943,0.000826823
20.570550,104.975,0.348444
20.587233,105.031,0.640911
20.603917,105.03,0.00227214
20.620600,105.03,0
20.637283,105.103,0.756725
20.670650,105.103,0.000410156
20.704017,105.12,0.359323
20.737383,105.114,0.527109
20.754067,105.114,0
20.770750,105.047,0.569329
20.787433,105.092,0.448613
20.804117,105.092,0.00301432
20.820800,105.092,0
20.837483,105.118,0.408132
20.854167,105.118,0.000976562
20.870850,105.214,0.443014
20.887533,105.279,0.563014
20.920900,105.335,0.440762
20.954267,105.377,0.864128
20.970950,105.379,0.00867839
20.987633,105.376,0.318379
21.004317,105.376,0
21.021000,105.387,0.533268
21.037683,105.387,0
21.054367,105.38,0.436849
21.071050,105.38,2.60417e-05
21.087733,105.359,0.749987
21.104417,105.358,0.00132813
21.121100,105.358,0
21.137783,105.376,0.402995
21.154467,105.328,0.600736
21.187833,105.326,0.396198
21.221200,105.252,0.623757
21.237883,105.252,4.55729e-05
21.254567,105.174,0.415358
21.271250,105.172,0.00204427
21.287933,105.087,0.333158
21.304617,104.928,0.429544
21.337983,104.928,0.00015625
21.371350,104.833,0.370501
21.388033,104.587,0.552572
21.421400,104.428,0.485299
21.438083,104.43,0.00371094
21.454767,104.223,0.416816
21.471450,104.217,0.00902995
21.488133,104.181,0.191992
21.504817,104.181,9.76563e-05
21.521500,104.181,0
21.538183,103.915,0.561784
21.554867,103.876,0.245495
21.588233,103.733,0.474017
21.621600,103.693,0.230957
21.654967,103.646,0.254922
21.671650,103.646,0.00129557
21.688333,103.622,0.150417
21.705017,103.622,0
21.721700,103.516,0.473327
21.738383,103.516,0.00526042
21.755067,103.368,0.450417
21.771750,103.363,0.00733724
21.788433,103.363,0
21.805117,103.311,0.430117
21.838483,103.311,0.00116536
21.871850,103.323,0.136315
21.888533,103.322,0.00128255
21.905217,103.297,0.368477
21.921900,103.3,0.00682943
21.938583,103.3,0.131471
21.955267,103.267,0.742891
21.971950,103.264,0.00395182
21.988633,103.264,0
22.005317,103.268,0.319414
22.038683,103.267,0.00182943
22.072050,103.258,0.141543
22.105417,103.223,0.409368
22.122100,103.225,0.00173177
22.138783,103.25,0.0588281
22.155467,103.252,0.00171224
22.172150,103.247,0.269518
22.188833,103.248,0.00276693
22.205517,103.248,0.209473
22.222200,103.247,0.0066862
22.238883,103.248,0.316348
22.255567,103.265,0.280091
22.288933,103.264,0.0841016
22.322300,103.264,0.356738
22.338983,103.263,0.00167969
22.355667,103.27,0.157721
22.372350,103.272,0.00200521
22.389033,103.273,0.0030013
22.405717,103.245,0.277077
22.422400,103.245,0.000872396
22.439083,103.27,0.173385
22.455767,103.267,0.314609
22.472450,103.276,0.106875
22.505817,103.277,0.00215495
22.539183,103.298,0.291406
22.555867,103.3,0.00667318
22.572550,103.323,0.188418
22.589233,103.325,0.00212891
22.605917,103.357,0.381504
22.622600,103.355,0.00227214
22.639283,103.403,0.108581
22.655967,103.429,0.329271
22.672650,103.433,0.0816927
22.706017,103.435,0.0035026
22.739383,103.448,0.225677
22.756067,103.357,0.435508
22.772750,103.356,0.00294271
22.789433,103.363,0.114512
22.806117,103.378,0.269974
22.822800,103.38,0.00578125
22.839483,103.391,0.182767
22.856167,103.391,0.00311198
22.872850,103.391,0
22.906217,103.403,0.471465
22.939583,103.399,0.00516276
22.956267,103.44,0.488587
22.972950,103.447,0.0103581
22.989633,103.439,0.147676
23.006317,103.447,0.27707
23.023000,103.446,0.000989583
23.039683,103.467,0.18998
23.056367,103.466,0.00547526
23.073050,103.466,0
23.106417,103.469,0.620898
23.139783,103.47,0.0020638
23.173150,103.438,0.340267
23.189833,103.45,0.305599
23.206517,103.447,0.00503255
23.223200,103.36,0.416426
23.239883,103.358,0.0032487
23.256567,103.247,0.457324
23.273250,103.245,0.00516927
23.289933,103.272,0.122669
23.323300,103.253,0.382975
23.356667,103.257,0.283066
23.373350,103.139,0.444212
23.390033,103.137,0.00380859
23.406717,103.121,0.266803
23.423400,103.121,0
23.440083,103.028,0.418197
23.473450,103.028,0
23.506817,103.03,0.260273
23.540183,102.986,0.332331
23.573550,102.945,0.346315
23.590233,102.854,0.517956
23.606917,102.848,0.00753906
23.623600,102.801,0.359512
23.640283,102.798,0.00858724
23.656967,102.789,0.296146
23.673650,102.789,0
23.690333,102.776,0.316217
23.723700,102.758,0.364707
23.757067,102.696,0.418503
23.790433,102.683,0.309121
23.807117,102.682,0.00352865
23.823800,102.605,0.365872
23.840483,102.605,0.000260417
23.857167,102.554,0.417767
23.873850,102.553,0.00116536
23.890533,102.475,0.41543
23.907217,102.475,0.00292969
23.923900,102.479,0.235625
23.957267,102.417,0.733639
23.990633,102.434,0.126465
24.007317,102.454,0.37776
24.024000,102.454,0
24.040683,102.479,0.373867
24.057367,102.479,0
24.074050,102.501,0.354629
24.090733,102.496,0.00576823
24.124100,102.544,0.347845
24.157467,102.587,0.332194
24.190833,102.627,0.466647
24.207517,102.627,0.000292969
24.224200,102.646,0.545417
24.240883,102.644,0.0132096
24.257567,102.665,0.438913
24.274250,102.664,0.00531901
24.290933,102.691,0.164349
24.307617,102.691,0
24.324300,102.755,0.418587
24.357667,102.805,0.310807
24.391033,102.819,0.344948
24.407717,102.868,0.346217
24.441083,102.868,0.00125651
24.457767,102.924,0.510736
24.474450,102.918,0.00822266
24.491133,102.96,0.355846
24.507817,102.984,0.27401
24.524500,102.981,0.0035612
24.541183,103.017,0.321549
24.574550,103.017,0
24.591233,103.045,0.260397
24.624600,103.083,0.475605
24.657967,103.117,0.187142
24.674650,103.181,0.560684
24.691333,103.18,0.00585938
24.708017,103.194,0.196745
24.724700,103.194,0
24.741383,103.24,0.407585
24.758067,103.24,0.00190755
24.774750,103.24,0
24.791433,103.269,0.208242
24.824800,103.278,0.320521
24.858167,103.309,0.192969
24.874850,103.309,0
24.908217,103.345,0.427253
24.924900,103.404,0.279954
24.941583,103.402,0.0044987
24.958267,103.446,0.3789
24.974950,103.446,0.0035612
24.991633,103.469,0.173835
25.025000,103.484,0.200482
25.058367,103.521,0.333327
25.075050,103.521,0
25.108417,103.527,0.162344
25.125100,103.643,0.490117
25.141783,103.641,0.00511068
25.158467,103.629,0.219492
25.175150,103.629,0
25.191833,103.635,0.340697
25.208517,103.625,0.324544
25.225200,103.625,0.000638021
25.241883,103.625,0
25.275250,103.637,0.373652
25.308617,103.638,0.00566406
25.325300,103.614,0.388763
25.358667,103.634,0.219681
25.375350,103.634,0.000332031
25.392033,103.665,0.232422
25.408717,103.666,0.000885417
25.425400,103.664,0.230846
25.442083,103.659,0.00839844
25.458767,103.695,0.454245
25.475450,103.696,0.000227865
25.492133,103.753,0.385339
25.525500,103.795,0.152448
25.558867,103.939,0.572891
25.575550,103.936,0.00438802
25.592233,104.031,0.219479
25.625600,104.195,0.464896
25.642283,104.194,0.00507813
25.658967,104.268,0.318294
25.675650,104.405,0.478314
25.692333,104.406,0.00485677
25.709017,104.468,0.258327
25.742383,104.468,0.000208333
25.759067,104.594,0.748952
25.792433,104.584,0.181497
25.825800,104.582,0.392507
25.842483,104.535,0.380247
25.875850,104.531,0.37627
25.892533,104.531,0
25.909217,104.561,0.407285
25.925900,104.561,0
25.942583,104.629,0.269362
25.959267,104.629,0
25.975950,104.723,0.599102
26.009317,104.724,0.00520182
26.042683,104.958,0.976374
26.059367,104.958,0.00123047
26.076050,105.054,0.36179
26.109417,105.168,0.690827
26.126100,105.167,0.00169271
26.142783,105.202,0.344544
26.159467,105.202,0
26.176150,105.245,0.773542
26.192833,105.246,0.000423177
26.209517,105.246,0
26.226200,105.207,0.624232
26.259567,105.088,0.522786
26.292933,104.993,0.415312
26.309617,104.914,0.482708
26.326300,104.913,0.00139974
26.359667,104.86,0.347103
26.376350,104.862,0.00212891
26.393033,104.797,0.447155
26.409717,104.797,0
26.426400,104.808,0.45041
26.459767,104.83,0.330729
26.476450,104.83,0
26.509817,104.818,0.625794
26.526500,104.849,0.12112
26.543183,104.893,0.637539
26.576550,104.925,0.23582
26.593233,104.926,0.00173828
26.609917,104.981,0.484707
26.626600,104.982,0.00217448
26.643283,105.008,0.211823
26.659967,105.008,0.00244141
26.676650,105.008,0
26.693333,105.006,0.517103
26.726700,105.049,0.34153
26.760067,105.04,0.558945
26.776750,105.039,0.00145182
26.793433,105.073,0.195046
26.826800,105.115,0.445807
26.843483,105.115,0
26.860167,105.117,0.518607
26.876850,105.12,0.00388021
26.893533,105.174,0.288672
26.910217,105.176,0.0020638
26.926900,105.195,0.499642
26.943583,105.192,0.00341146
26.960267,105.188,0.326283
26.993633,105.212,0.567344
27.027000,105.227,0.360169
27.043683,105.246,0.598971
27.060367,105.243,0.00563151
27.093733,105.284,0.243717
27.110417,105.284,0
27.127100,105.357,0.648105
27.143783,105.361,0.00419271
27.160467,105.416,0.285085
27.177150,105.418,0.00514323
27.193833,105.496,0.766979
27.227200,105.428,0.495443
27.243883,105.441,0.504525
27.260567,105.443,0.00232422
27.293933,105.445,0.405332
27.310617,105.447,0.00195312
27.327300,105.444,0.567767
27.343983,105.445,0.00383464
27.360667,105.482,0.562285
27.377350,105.48,0.00242187
27.394033,105.457,0.467389
27.427400,105.411,0.737187
27.444083,105.409,0.00634115
27.460767,105.388,0.362995
27.477450,105.26,0.711185
27.510817,105.214,0.282656
27.544183,104.934,0.689342
27.560867,104.934,0.00860677
27.577550,104.844,0.244518
27.594233,104.844,0
27.610917,104.594,0.555671
27.627600,104.594,0.00180339
27.644283,104.594,0
27.660967,104.536,0.207253
27.694333,104.331,0.502454
27.711017,104.257,0.199701
27.744383,103.952,0.693073
27.777750,103.91,0.226803
27.794433,103.91,0
27.811117,103.839,0.258743
27.827800,103.839,0
27.844483,103.658,0.433457
27.861167,103.656,0.00257813
27.877850,103.632,0.12804
27.894533,103.636,0.0303646
27.911217,103.636,0
27.927900,103.527,0.67571
27.961267,103.524,0.00499349
27.994633,103.381,0.477194
28.011317,103.358,0.102754
28.028000,103.359,0.00140625
28.044683,103.359,0
28.061367,103.329,0.394388
28.078050,103.316,0.0774805
28.111417,103.316,0
28.128100,103.289,0.435273
28.144783,103.293,0.109772
28.178150,103.307,0.382259
28.211517,103.288,0.449811
28.228200,103.286,0.00677734
28.244883,103.285,0.189635
28.261567,103.287,0.00311849
28.278250,103.298,0.147259
28.294933,103.296,0.00248047
28.311617,103.296,0
28.344983,103.268,0.190905
28.361667,103.272,0.39554
28.395033,103.265,0.125365
28.411717,103.265,0
28.428400,103.26,0.393848
28.445083,103.258,0.00404948
28.461767,103.247,0.0995898
28.478450,103.248,0.00132813
28.495133,103.269,0.409108
28.511817,103.271,0.00419271
28.528500,103.266,0.107695
28.545183,103.266,0
28.561867,103.27,0.304102
28.578550,103.271,0.0685091
28.611917,103.303,0.413711
28.628600,103.304,0.00144531
28.645283,103.306,0.0820703
28.661967,103.307,0.00198568
28.678650,103.306,0.319414
28.695333,103.308,0.00410807
28.712017,103.318,0.134909
28.745383,103.318,0
28.762067,103.263,0.382298
28.778750,103.3,0.180299
28.812117,103.313,0.185098
28.845483,103.369,0.439902
28.862167,103.37,0.00188151
28.878850,103.393,0.091582
28.895533,103.394,0.000520833
28.912217,103.398,0.322259
28.928900,103.401,0.00375651
28.945583,103.399,0.11929
28.962267,103.399,0.00094401
28.978950,103.386,0.332214
28.995633,103.385,0.00298828
29.012317,103.385,0
29.029000,103.416,0.511237
29.062367,103.417,0.00335286
29.079050,103.417,0
29.095733,103.415,0.105775
29.112417,103.414,0.00143229
29.129100,103.421,0.28429
29.145783,103.418,0.0106445
29.162467,103.416,0.103125
29.195833,103.413,0.27334
29.212517,103.452,0.457044
29.229200,103.453,0.00490885
29.262567,103.465,0.196927
29.295933,103.47,0.257806
29.312617,103.472,0.00164062
29.329300,103.483,0.26418
29.362667,103.425,0.474746
29.396033,103.438,0.162161
29.412717,103.404,0.543965
29.429400,103.404,0.000208333
29.462767,103.344,0.260801
29.496133,103.348,0.277956
29.512817,103.348,0
29.529500,103.334,0.22724
29.546183,103.334,0.000195313
29.562867,103.255,0.474342
29.579550,103.222,0.275026
29.596233,103.225,0.00425781
29.612917,103.225,0
29.629600,103.14,0.63584
29.662967,103.143,0.00663411
29.679650,103.142,0.267174
29.713017,103.042,0.402669
29.729700,103.04,0.00196615
29.746383,102.947,0.352721
29.763067,102.947,0.00744141
29.779750,102.926,0.344434
29.796433,102.926,0.00369141
29.813117,102.926,0
29.829800,102.916,0.286237
29.846483,102.804,0.647116
29.879850,102.805,0.160827
29.913217,102.739,0.47793
29.946583,102.73,0.198913
29.963267,102.73,0
29.979950,102.655,0.581621
29.996633,102.654,0.00295573
30.013317,102.614,0.288216
30.030000,102.616,0.00388672
30.046683,102.607,0.371042
30.063367,102.605,0.0084375
30.080050,102.605,0
30.096733,102.574,0.251452
30.113417,102.574,0
30.130100,102.55,0.48138
30.146783,102.535,0.26929
30.180150,102.547,0.269043
30.213517,102.468,0.513665
30.230200,102.465,0.00894531
30.246883,102.457,0.390091
30.263567,102.455,0.00311198
30.280250,102.453,0.00178385
30.296933,102.462,0.358828
30.330300,102.485,0.232624
30.346983,102.511,0.601432
30.380350,102.54,0.213451
30.397033,102.54,0
30.430400,102.598,0.491289
30.447083,102.597,0.00232422
30.463767,102.637,0.576393
30.480450,102.636,0.0051888
30.497133,102.658,0.203177
30.513817,102.703,0.329147
30.530500,102.703,0
30.547183,102.703,0
30.563867,102.822,0.676517
30.597233,102.822,0.0003125
30.630600,102.846,0.317533
30.647283,102.847,0.00141276
30.663967,102.866,0.562142
30.680650,102.863,0.00383464
30.697333,102.895,0.247155
30.714017,102.92,0.566458
30.730700,102.922,0.00254557
30.747383,102.904,0.285553
30.764067,102.902,0.00315755
30.780750,102.902,0
30.797433,102.955,0.547233
30.830800,102.954,0.000598958
30.864167,103.006,0.429557
30.880850,103.006,0.00741536
30.897533,103.041,0.186478
30.914217,103.041,0
30.930900,103.1,0.54082
30.947583,103.117,0.263027
30.964267,103.117,0.00103516
30.980950,103.117,0
30.997633,103.176,0.348568
31.014317,103.189,0.283001
31.047683,103.228,0.269434
31.081050,103.254,0.27125
31.097733,103.254,0
31.114417,103.29,0.242201
31.131100,103.289,0.00134766
31.147783,103.319,0.398034
31.164467,103.319,0
31.181150,103.319,0
31.197833,103.386,0.681191
31.231200,103.389,0.00675781
31.247883,103.403,0.189655
31.281250,103.43,0.268001
31.297933,103.431,0.00501953
31.314617,103.449,0.177552
31.331300,103.449,0
31.347983,103.51,0.495098
31.364667,103.509,0.00159505
31.381350,103.509,0
31.398033,103.531,0.172337
31.414717,103.545,0.340592
31.448083,103.578,0.456934
31.481450,103.588,0.117383
31.498133,103.588,0.000403646
31.514817,103.58,0.267493
31.531500,103.58,0
31.548183,103.591,0.204883
31.564867,103.588,0.00423828
31.581550,103.597,0.279062
31.598233,103.597,0
31.614917,103.603,0.130124
31.648283,103.606,0.460931
31.681650,103.613,0.23487
31.715017,103.643,0.508561
31.731700,103.642,0.00625651
31.748383,103.69,0.226191
31.765067,103.69,0
31.781750,103.818,0.298887
31.798433,103.819,0.00171224
31.815117,103.89,0.202051
31.831800,103.888,0.00226562
31.848483,104.082,0.529329
31.865167,104.085,0.00302083
31.898533,104.161,0.235788
31.931900,104.336,0.645143
31.948583,104.335,0.00494141
31.965267,104.399,0.331738
31.981950,104.401,0.00191406
31.998633,104.487,0.364264
32.015317,104.487,0.000807292
32.032000,104.562,0.565814
32.048683,104.56,0.00153646
32.065367,104.527,0.178457
32.082050,104.506,0.522513
32.115417,104.464,0.15166
32.148783,104.464,0.0003125
32.165467,104.498,0.529056
32.198833,104.547,0.153398
32.215517,104.624,0.662331
32.232200,104.625,0.00249349
32.248883,104.625,0
32.265567,104.732,0.360983
32.282250,104.731,0.000429688
32.298933,104.871,0.611758
32.315617,104.952,0.656615
32.332300,105.049,0.517311
32.365667,105.048,0.00145833
32.399033,105.14,0.477695
32.415717,105.133,0.660247
32.449083,105.101,0.790632
32.465767,105.101,0.00630859
32.482450,105.072,0.397077
32.499133,105.069,0.00266927
32.515817,104.941,0.55319
32.532500,104.939,0.00794922
32.549183,104.939,0
32.565867,104.859,0.345671
32.582550,104.805,0.551569
32.615917,104.777,0.193184
32.649283,104.737,0.603001
32.682650,104.765,0.249206
32.699333,104.767,0.00459635
32.716017,104.731,0.639505
32.732700,104.732,0.00177734
32.749383,104.671,1.00201
32.766067,104.67,0.00447266
32.782750,104.685,0.10582
32.799433,104.685,0
32.816117,104.73,0.186816
32.832800,104.73,0
32.866167,104.767,0.356048
32.899533,104.788,0.330339
32.916217,104.788,0
32.932900,104.815,0.346784
32.949583,104.815,0
32.966267,104.823,0.320885
32.982950,104.823,0
32.999633,104.88,0.2764
33.016317,104.878,0.00162109
33.033000,104.919,0.517493
33.049683,104.918,0.00121094
33.066367,104.949,0.350417
33.083050,105.009,0.639062
33.116417,105.03,0.290475
33.133100,105.03,0.000638021
33.166467,105.09,0.504362
33.183150,105.09,0.000208333
33.199833,105.1,0.382116
33.216517,105.099,0.00152344
33.233200,105.097,0.519115
33.249883,105.024,0.563743
33.266567,105.023,0.00179036
33.283250,105.067,0.46929
33.299933,105.07,0.00398438
33.316617,105.102,0.395189
33.349983,105.194,0.435124
33.383350,105.264,0.564023
33.400033,105.264,0.000963542
33.416717,105.323,0.428678
33.433400,105.321,0.00504557
33.450083,105.354,0.887917
33.466767,105.356,0.01125
33.483450,105.356,0.00135417
33.500133,105.351,0.337409
33.516817,105.349,0.00195312
33.533500,105.36,0.524941
33.550183,105.36,0
33.566867,105.336,1.13066
33.600233,105.336,0.000208333
33.633600,105.345,0.388893
33.666967,105.305,0.598939
33.683650,105.304,0.00195312
33.700333,105.309,0.379785
33.717017,105.236,0.629857
33.733700,105.236,0.00215495
33.750383,105.161,0.415417
33.767067,105.159,0.00210286
33.783750,105.159,0
33.800433,105.074,0.33862
33.817117,104.911,0.428509
33.850483,104.805,0.364368
33.883850,104.571,0.544687
33.900533,104.568,0.00491536
33.917217,104.438,0.536725
33.933900,104.437,0.00489583
33.950583,104.229,0.401302
33.967267,104.224,0.00703776
33.983950,104.189,0.199596
34.000633,104.189,0
34.017317,103.917,0.566432
34.034000,103.916,0.00570312
34.050683,103.916,0
34.067367,103.871,0.168327
34.084050,103.72,0.471621
34.117417,103.677,0.229036
34.150783,103.638,0.252949
34.167467,103.638,0.00133464
34.184150,103.613,0.148158
34.200833,103.613,0
34.217517,103.51,0.459779
34.234200,103.509,0.000579427
34.250883,103.509,0
34.267567,103.359,0.4586
34.284250,103.324,0.165384
34.300933,103.321,0.00372396
34.334300,103.306,0.255254
34.367667,103.321,0.156191
34.401033,103.292,0.358633
34.417717,103.298,0.0067513
34.434400,103.297,0.142884
34.451083,103.298,0.00166667
34.467767,103.258,0.747956
34.484450,103.265,0.140111
34.501133,103.262,0.0042513
34.517817,103.261,0.186693
34.551183,103.248,0.157402
34.584550,103.217,0.409134
34.617917,103.244,0.067168
34.651283,103.239,0.257227
34.667967,103.24,0.000963542
34.684650,103.246,0.208411
34.701333,103.244,0.0059375
34.718017,103.244,0
34.734700,103.246,0.307103
34.751383,103.246,0.000208333
34.768067,103.262,0.270677
34.784750,103.26,0.0808984
34.801433,103.262,0.373014
34.834800,103.263,0.00128906
34.851483,103.264,0.158704
34.884850,103.24,0.278411
34.901533,103.241,0.00289714
34.918217,103.266,0.172839
34.934900,103.264,0.0033138
34.951583,103.265,0.318268
34.968267,103.268,0.00326823
34.984950,103.269,0.00270182
35.001633,103.277,0.105938
35.018317,103.278,0.00115234
35.035000,103.298,0.285775
35.051683,103.324,0.194714
35.085050,103.357,0.397305
35.101733,103.356,0.00186198
35.135100,103.4,0.103555
35.151783,103.4,0.00100911
35.168467,103.426,0.319655
35.185150,103.426,0
35.201833,103.431,0.0808203
35.218517,103.436,0.220046
35.235200,103.436,0
35.251883,103.436,0
35.268567,103.341,0.443613
35.285250,103.339,0.00448568
35.301933,103.348,0.115658
35.318617,103.361,0.26832
35.351983,103.374,0.192845
35.385350,103.38,0.301348
35.418717,103.381,0.168724
35.435400,103.381,0
35.452083,103.435,0.553014
35.468767,103.439,0.00684896
35.485450,103.425,0.125898
35.502133,103.425,0
35.518817,103.43,0.266966
35.535500,103.43,0.000651042
35.552183,103.43,0
35.568867,103.458,0.200013
35.602233,103.434,0.421452
35.618917,103.434,0.00148438
35.635600,103.464,0.212585
35.652283,103.465,0.00129557
35.668967,103.43,0.37752
35.685650,103.442,0.305013
35.702333,103.439,0.00446615
35.719017,103.356,0.415247
35.735700,103.354,0.0029362
35.769067,103.234,0.461725
35.802433,103.256,0.129167
35.835800,103.243,0.376165
35.852483,103.242,0.0011849
35.869167,103.248,0.282663
35.885850,103.138,0.468411
35.902533,103.135,0.00401693
35.919217,103.117,0.262018
35.935900,103.117,0
35.952583,103.117,0
35.969267,103.014,0.693796
